colab_id,author_pid,author_name,year,collaborator_pid,collaborator_name
1,s/CZSun,Chengzheng Sun,2014,87/4982-1,Mo Li 0001
2,s/CZSun,Chengzheng Sun,2014,51/3710-3,Yang Liu 0003
3,s/CZSun,Chengzheng Sun,2006,83/3179,Wentong Cai 0001
4,s/CZSun,Chengzheng Sun,2002,83/3179,Wentong Cai 0001
5,s/CZSun,Chengzheng Sun,1999,83/3179,Wentong Cai 0001
6,224/9431,Hong Lye Oh,2023,l/BuSungLee,Bu-Sung Lee
7,224/9431,Hong Lye Oh,2022,l/BuSungLee,Bu-Sung Lee
8,224/9431,Hong Lye Oh,2021,l/BuSungLee,Bu-Sung Lee
9,224/9431,Hong Lye Oh,2020,l/BuSungLee,Bu-Sung Lee
10,224/9431,Hong Lye Oh,2018,l/BuSungLee,Bu-Sung Lee
11,224/9431,Hong Lye Oh,2018,52/910,Chai Kiat Yeo
12,224/9431,Hong Lye Oh,2018,69/8028,Chan Hua Vun
13,35/1096-1,Han Yu 0001,2025,95/7006,Cuntai Guan
14,35/1096-1,Han Yu 0001,2024,76/440,Dusit Niyato
15,35/1096-1,Han Yu 0001,2024,249/5315,Wei Yang Bryan Lim
16,35/1096-1,Han Yu 0001,2024,76/440,Dusit Niyato
17,35/1096-1,Han Yu 0001,2024,76/440,Dusit Niyato
18,35/1096-1,Han Yu 0001,2024,76/440,Dusit Niyato
19,35/1096-1,Han Yu 0001,2024,76/440,Dusit Niyato
20,35/1096-1,Han Yu 0001,2024,95/7006,Cuntai Guan
21,35/1096-1,Han Yu 0001,2024,81/8329,Anh Tuan Luu
22,35/1096-1,Han Yu 0001,2024,249/5315,Wei Yang Bryan Lim
23,35/1096-1,Han Yu 0001,2024,76/440,Dusit Niyato
24,35/1096-1,Han Yu 0001,2024,81/8329,Luu Anh Tuan
25,35/1096-1,Han Yu 0001,2024,81/8329,Luu Anh Tuan
26,35/1096-1,Han Yu 0001,2024,47/2026-7,Jun Zhao 0007
27,35/1096-1,Han Yu 0001,2024,64/4136,Yew Soon Ong
28,35/1096-1,Han Yu 0001,2024,03/1554-1,Zhiqi Shen 0001
29,35/1096-1,Han Yu 0001,2024,03/1554-1,Zhiqi Shen 0001
30,35/1096-1,Han Yu 0001,2024,76/440,Dusit Niyato
31,35/1096-1,Han Yu 0001,2024,03/1554-1,Zhiqi Shen 0001
32,35/1096-1,Han Yu 0001,2024,64/4136,Yew Soon Ong
33,35/1096-1,Han Yu 0001,2024,76/440,Dusit Niyato
34,35/1096-1,Han Yu 0001,2024,03/1554-1,Zhiqi Shen 0001
35,35/1096-1,Han Yu 0001,2024,64/4136,Yew-Soon Ong
36,35/1096-1,Han Yu 0001,2024,64/4136,Yew-Soon Ong
37,35/1096-1,Han Yu 0001,2023,76/440,Dusit Niyato
38,35/1096-1,Han Yu 0001,2023,76/440,Dusit Niyato
39,35/1096-1,Han Yu 0001,2023,76/440,Dusit Niyato
40,35/1096-1,Han Yu 0001,2023,249/5315,Wei Yang Bryan Lim
41,35/1096-1,Han Yu 0001,2023,76/440,Dusit Niyato
42,35/1096-1,Han Yu 0001,2023,249/5315,Wei Yang Bryan Lim
43,35/1096-1,Han Yu 0001,2023,76/440,Dusit Niyato
44,35/1096-1,Han Yu 0001,2023,03/1554-1,Zhiqi Shen 0001
45,35/1096-1,Han Yu 0001,2023,03/1554-1,Zhiqi Shen 0001
46,35/1096-1,Han Yu 0001,2023,249/5315,Wei Yang Bryan Lim
47,35/1096-1,Han Yu 0001,2023,76/440,Dusit Niyato
48,35/1096-1,Han Yu 0001,2023,51/3710-3,Yang Liu 0003
49,35/1096-1,Han Yu 0001,2023,76/440,Dusit Niyato
50,35/1096-1,Han Yu 0001,2023,76/440,Dusit Niyato
51,35/1096-1,Han Yu 0001,2023,76/440,Dusit Niyato
52,35/1096-1,Han Yu 0001,2023,51/3710-3,Yang Liu 0003
53,35/1096-1,Han Yu 0001,2023,81/8329,Luu Anh Tuan
54,35/1096-1,Han Yu 0001,2023,76/440,Dusit Niyato
55,35/1096-1,Han Yu 0001,2023,76/440,Dusit Niyato
56,35/1096-1,Han Yu 0001,2023,76/440,Dusit Niyato
57,35/1096-1,Han Yu 0001,2023,76/440,Dusit Niyato
58,35/1096-1,Han Yu 0001,2023,76/440,Dusit Niyato
59,35/1096-1,Han Yu 0001,2023,95/7006,Cuntai Guan
60,35/1096-1,Han Yu 0001,2023,03/1554-1,Zhiqi Shen 0001
61,35/1096-1,Han Yu 0001,2023,64/4136,Yew-Soon Ong
62,35/1096-1,Han Yu 0001,2022,70/1211-1,Boyang Li 0001
63,35/1096-1,Han Yu 0001,2022,51/3710-3,Yang Liu 0003
64,35/1096-1,Han Yu 0001,2022,51/3710-3,Yang Liu 0003
65,35/1096-1,Han Yu 0001,2022,70/1211-1,Boyang Li 0001
66,35/1096-1,Han Yu 0001,2022,m/ChunyanMiao,Chunyan Miao
67,35/1096-1,Han Yu 0001,2022,m/ChunyanMiao,Chunyan Miao
68,35/1096-1,Han Yu 0001,2022,249/5315,Wei Yang Bryan Lim
69,35/1096-1,Han Yu 0001,2022,76/440,Dusit Niyato
70,35/1096-1,Han Yu 0001,2022,m/ChunyanMiao,Chunyan Miao
71,35/1096-1,Han Yu 0001,2022,249/5315,Wei Yang Bryan Lim
72,35/1096-1,Han Yu 0001,2022,76/440,Dusit Niyato
73,35/1096-1,Han Yu 0001,2022,m/ChunyanMiao,Chunyan Miao
74,35/1096-1,Han Yu 0001,2022,76/440,Dusit Niyato
75,35/1096-1,Han Yu 0001,2022,76/440,Dusit Niyato
76,35/1096-1,Han Yu 0001,2022,76/440,Dusit Niyato
77,35/1096-1,Han Yu 0001,2022,70/1211-1,Boyang Li 0001
78,35/1096-1,Han Yu 0001,2022,76/440,Dusit Niyato
79,35/1096-1,Han Yu 0001,2022,76/440,Dusit Niyato
80,35/1096-1,Han Yu 0001,2022,m/ChunyanMiao,Chunyan Miao
81,35/1096-1,Han Yu 0001,2022,76/440,Dusit Niyato
82,35/1096-1,Han Yu 0001,2022,76/440,Dusit Niyato
83,35/1096-1,Han Yu 0001,2022,76/440,Dusit Niyato
84,35/1096-1,Han Yu 0001,2022,76/440,Dusit Niyato
85,35/1096-1,Han Yu 0001,2022,249/5315,Wei Yang Bryan Lim
86,35/1096-1,Han Yu 0001,2022,76/440,Dusit Niyato
87,35/1096-1,Han Yu 0001,2022,76/440,Dusit Niyato
88,35/1096-1,Han Yu 0001,2022,76/440,Dusit Niyato
89,35/1096-1,Han Yu 0001,2022,70/1211-1,Boyang Li 0001
90,35/1096-1,Han Yu 0001,2022,76/440,Dusit Niyato
91,35/1096-1,Han Yu 0001,2022,76/440,Dusit Niyato
92,35/1096-1,Han Yu 0001,2022,03/1554-1,Zhiqi Shen 0001
93,35/1096-1,Han Yu 0001,2021,m/ChunyanMiao,Chunyan Miao
94,35/1096-1,Han Yu 0001,2021,m/ChunyanMiao,Chunyan Miao
95,35/1096-1,Han Yu 0001,2021,70/1211-1,Boyang Li 0001
96,35/1096-1,Han Yu 0001,2021,m/ChunyanMiao,Chunyan Miao
97,35/1096-1,Han Yu 0001,2021,m/ChunyanMiao,Chunyan Miao
98,35/1096-1,Han Yu 0001,2021,249/5315,Wei Yang Bryan Lim
99,35/1096-1,Han Yu 0001,2021,76/440,Dusit Niyato
100,35/1096-1,Han Yu 0001,2021,m/ChunyanMiao,Chunyan Miao
101,35/1096-1,Han Yu 0001,2021,70/1211-1,Boyang Li 0001
102,35/1096-1,Han Yu 0001,2021,03/1554-1,Zhiqi Shen 0001
103,35/1096-1,Han Yu 0001,2021,m/ChunyanMiao,Chunyan Miao
104,35/1096-1,Han Yu 0001,2021,03/1554-1,Zhiqi Shen 0001
105,35/1096-1,Han Yu 0001,2021,m/ChunyanMiao,Chunyan Miao
106,35/1096-1,Han Yu 0001,2021,249/5315,Wei Yang Bryan Lim
107,35/1096-1,Han Yu 0001,2021,76/440,Dusit Niyato
108,35/1096-1,Han Yu 0001,2021,m/ChunyanMiao,Chunyan Miao
109,35/1096-1,Han Yu 0001,2021,76/440,Dusit Niyato
110,35/1096-1,Han Yu 0001,2021,70/1211-1,Boyang Li 0001
111,35/1096-1,Han Yu 0001,2021,m/ChunyanMiao,Chunyan Miao
112,35/1096-1,Han Yu 0001,2021,70/1211-1,Boyang Li 0001
113,35/1096-1,Han Yu 0001,2021,m/ChunyanMiao,Chunyan Miao
114,35/1096-1,Han Yu 0001,2021,70/1211-1,Boyang Li 0001
115,35/1096-1,Han Yu 0001,2021,03/1554-1,Zhiqi Shen 0001
116,35/1096-1,Han Yu 0001,2021,m/ChunyanMiao,Chunyan Miao
117,35/1096-1,Han Yu 0001,2021,70/1211-1,Boyang Li 0001
118,35/1096-1,Han Yu 0001,2021,m/ChunyanMiao,Chunyan Miao
119,35/1096-1,Han Yu 0001,2021,70/1211-1,Boyang Li 0001
120,35/1096-1,Han Yu 0001,2021,03/1554-1,Zhiqi Shen 0001
121,35/1096-1,Han Yu 0001,2021,m/ChunyanMiao,Chunyan Miao
122,35/1096-1,Han Yu 0001,2021,76/440,Dusit Niyato
123,35/1096-1,Han Yu 0001,2020,m/ChunyanMiao,Chunyan Miao
124,35/1096-1,Han Yu 0001,2020,76/440,Dusit Niyato
125,35/1096-1,Han Yu 0001,2020,m/ChunyanMiao,Chunyan Miao
126,35/1096-1,Han Yu 0001,2020,m/ChunyanMiao,Chunyan Miao
127,35/1096-1,Han Yu 0001,2020,03/1554-1,Zhiqi Shen 0001
128,35/1096-1,Han Yu 0001,2020,m/ChunyanMiao,Chunyan Miao
129,35/1096-1,Han Yu 0001,2020,76/440,Dusit Niyato
130,35/1096-1,Han Yu 0001,2020,03/1554-1,Zhiqi Shen 0001
131,35/1096-1,Han Yu 0001,2020,m/ChunyanMiao,Chunyan Miao
132,35/1096-1,Han Yu 0001,2020,m/ChunyanMiao,Chunyan Miao
133,35/1096-1,Han Yu 0001,2020,03/1554-1,Zhiqi Shen 0001
134,35/1096-1,Han Yu 0001,2020,47/2026-7,Jun Zhao 0007
135,35/1096-1,Han Yu 0001,2019,m/ChunyanMiao,Chunyan Miao
136,35/1096-1,Han Yu 0001,2019,m/ChunyanMiao,Chunyan Miao
137,35/1096-1,Han Yu 0001,2019,76/440,Dusit Niyato
138,35/1096-1,Han Yu 0001,2019,03/1554-1,Zhiqi Shen 0001
139,35/1096-1,Han Yu 0001,2019,03/1554-1,Zhiqi Shen 0001
140,35/1096-1,Han Yu 0001,2019,m/ChunyanMiao,Chunyan Miao
141,35/1096-1,Han Yu 0001,2019,47/2026-7,Jun Zhao 0007
142,35/1096-1,Han Yu 0001,2019,m/ChunyanMiao,Chunyan Miao
143,35/1096-1,Han Yu 0001,2019,m/ChunyanMiao,Chunyan Miao
144,35/1096-1,Han Yu 0001,2019,m/ChunyanMiao,Chunyan Miao
145,35/1096-1,Han Yu 0001,2019,03/1554-1,Zhiqi Shen 0001
146,35/1096-1,Han Yu 0001,2019,03/1554-1,Zhiqi Shen 0001
147,35/1096-1,Han Yu 0001,2019,m/ChunyanMiao,Chunyan Miao
148,35/1096-1,Han Yu 0001,2019,76/440,Dusit Niyato
149,35/1096-1,Han Yu 0001,2019,47/2026-7,Jun Zhao 0007
150,35/1096-1,Han Yu 0001,2019,03/1554-1,Zhiqi Shen 0001
151,35/1096-1,Han Yu 0001,2019,m/ChunyanMiao,Chunyan Miao
152,35/1096-1,Han Yu 0001,2019,47/2026-7,Jun Zhao 0007
153,35/1096-1,Han Yu 0001,2019,10/1993,Kwok-Yan Lam
154,35/1096-1,Han Yu 0001,2018,03/1554-1,Zhiqi Shen 0001
155,35/1096-1,Han Yu 0001,2018,03/1554-1,Zhiqi Shen 0001
156,35/1096-1,Han Yu 0001,2018,m/ChunyanMiao,Chunyan Miao
157,35/1096-1,Han Yu 0001,2018,m/ChunyanMiao,Chunyan Miao
158,35/1096-1,Han Yu 0001,2018,m/ChunyanMiao,Chunyan Miao
159,35/1096-1,Han Yu 0001,2018,33/885,Yonggang Wen 0001
160,35/1096-1,Han Yu 0001,2018,m/ChunyanMiao,Chunyan Miao
161,35/1096-1,Han Yu 0001,2018,m/ChunyanMiao,Chunyan Miao
162,35/1096-1,Han Yu 0001,2018,m/ChunyanMiao,Chunyan Miao
163,35/1096-1,Han Yu 0001,2018,03/1554-1,Zhiqi Shen 0001
164,35/1096-1,Han Yu 0001,2018,m/ChunyanMiao,Chunyan Miao
165,35/1096-1,Han Yu 0001,2018,03/1554-1,Zhiqi Shen 0001
166,35/1096-1,Han Yu 0001,2018,m/ChunyanMiao,Chunyan Miao
167,35/1096-1,Han Yu 0001,2017,03/1554-1,Zhiqi Shen 0001
168,35/1096-1,Han Yu 0001,2017,m/ChunyanMiao,Chunyan Miao
169,35/1096-1,Han Yu 0001,2017,m/ChunyanMiao,Chunyan Miao
170,35/1096-1,Han Yu 0001,2017,m/ChunyanMiao,Chunyan Miao
171,35/1096-1,Han Yu 0001,2017,m/ChunyanMiao,Chunyan Miao
172,35/1096-1,Han Yu 0001,2017,03/1554-1,Zhiqi Shen 0001
173,35/1096-1,Han Yu 0001,2017,m/ChunyanMiao,Chunyan Miao
174,35/1096-1,Han Yu 0001,2016,m/ChunyanMiao,Chunyan Miao
175,35/1096-1,Han Yu 0001,2016,03/1554-1,Zhiqi Shen 0001
176,35/1096-1,Han Yu 0001,2016,m/ChunyanMiao,Chunyan Miao
177,35/1096-1,Han Yu 0001,2016,03/1554-1,Zhiqi Shen 0001
178,35/1096-1,Han Yu 0001,2016,m/ChunyanMiao,Chunyan Miao
179,35/1096-1,Han Yu 0001,2016,03/1554-1,Zhiqi Shen 0001
180,35/1096-1,Han Yu 0001,2016,m/ChunyanMiao,Chunyan Miao
181,35/1096-1,Han Yu 0001,2016,m/ChunyanMiao,Chunyan Miao
182,35/1096-1,Han Yu 0001,2016,m/ChunyanMiao,Chunyan Miao
183,35/1096-1,Han Yu 0001,2016,00/4516-3,Siyuan Liu 0003
184,35/1096-1,Han Yu 0001,2016,03/1554-1,Zhiqi Shen 0001
185,35/1096-1,Han Yu 0001,2016,m/ChunyanMiao,Chunyan Miao
186,35/1096-1,Han Yu 0001,2016,00/4516-3,Siyuan Liu 0003
187,35/1096-1,Han Yu 0001,2016,03/1554-1,Zhiqi Shen 0001
188,35/1096-1,Han Yu 0001,2016,m/ChunyanMiao,Chunyan Miao
189,35/1096-1,Han Yu 0001,2016,m/ChunyanMiao,Chunyan Miao
190,35/1096-1,Han Yu 0001,2015,00/4516-3,Siyuan Liu 0003
191,35/1096-1,Han Yu 0001,2015,m/ChunyanMiao,Chunyan Miao
192,35/1096-1,Han Yu 0001,2015,84/6889-2,Jie Zhang 0002
193,35/1096-1,Han Yu 0001,2015,m/ChunyanMiao,Chunyan Miao
194,35/1096-1,Han Yu 0001,2015,03/1554-1,Zhiqi Shen 0001
195,35/1096-1,Han Yu 0001,2015,03/1554-1,Zhiqi Shen 0001
196,35/1096-1,Han Yu 0001,2015,m/ChunyanMiao,Chunyan Miao
197,35/1096-1,Han Yu 0001,2015,m/ChunyanMiao,Chunyan Miao
198,35/1096-1,Han Yu 0001,2015,03/1554-1,Zhiqi Shen 0001
199,35/1096-1,Han Yu 0001,2015,m/ChunyanMiao,Chunyan Miao
200,35/1096-1,Han Yu 0001,2015,03/1554-1,Zhiqi Shen 0001
201,35/1096-1,Han Yu 0001,2015,70/1211-1,Boyang Li 0001
202,35/1096-1,Han Yu 0001,2015,03/1554-1,Zhiqi Shen 0001
203,35/1096-1,Han Yu 0001,2015,00/4516-3,Siyuan Liu 0003
204,35/1096-1,Han Yu 0001,2015,m/ChunyanMiao,Chunyan Miao
205,35/1096-1,Han Yu 0001,2015,84/6889-2,Jie Zhang 0002
206,35/1096-1,Han Yu 0001,2015,03/1554-1,Zhiqi Shen 0001
207,35/1096-1,Han Yu 0001,2015,m/ChunyanMiao,Chunyan Miao
208,35/1096-1,Han Yu 0001,2015,m/ChunyanMiao,Chunyan Miao
209,35/1096-1,Han Yu 0001,2015,m/ChunyanMiao,Chunyan Miao
210,35/1096-1,Han Yu 0001,2014,03/1554-1,Zhiqi Shen 0001
211,35/1096-1,Han Yu 0001,2014,m/ChunyanMiao,Chunyan Miao
212,35/1096-1,Han Yu 0001,2014,42/6178-1,Bo An 0001
213,35/1096-1,Han Yu 0001,2014,00/4516-3,Siyuan Liu 0003
214,35/1096-1,Han Yu 0001,2014,84/6889-2,Jie Zhang 0002
215,35/1096-1,Han Yu 0001,2014,m/ChunyanMiao,Chunyan Miao
216,35/1096-1,Han Yu 0001,2014,84/6889-2,Jie Zhang 0002
217,35/1096-1,Han Yu 0001,2014,m/ChunyanMiao,Chunyan Miao
218,35/1096-1,Han Yu 0001,2014,m/ChunyanMiao,Chunyan Miao
219,35/1096-1,Han Yu 0001,2014,42/6178-1,Bo An 0001
220,35/1096-1,Han Yu 0001,2014,03/1554-1,Zhiqi Shen 0001
221,35/1096-1,Han Yu 0001,2014,03/1554-1,Zhiqi Shen 0001
222,35/1096-1,Han Yu 0001,2014,m/ChunyanMiao,Chunyan Miao
223,35/1096-1,Han Yu 0001,2014,03/1554-1,Zhiqi Shen 0001
224,35/1096-1,Han Yu 0001,2014,00/4516-3,Siyuan Liu 0003
225,35/1096-1,Han Yu 0001,2014,m/ChunyanMiao,Chunyan Miao
226,35/1096-1,Han Yu 0001,2014,03/1554-1,Zhiqi Shen 0001
227,35/1096-1,Han Yu 0001,2014,m/ChunyanMiao,Chunyan Miao
228,35/1096-1,Han Yu 0001,2014,03/1554-1,Zhiqi Shen 0001
229,35/1096-1,Han Yu 0001,2014,m/ChunyanMiao,Chunyan Miao
230,35/1096-1,Han Yu 0001,2014,03/1554-1,Zhiqi Shen 0001
231,35/1096-1,Han Yu 0001,2014,m/ChunyanMiao,Chunyan Miao
232,35/1096-1,Han Yu 0001,2014,03/1554-1,Zhiqi Shen 0001
233,35/1096-1,Han Yu 0001,2014,03/1554-1,Zhiqi Shen 0001
234,35/1096-1,Han Yu 0001,2014,03/1554-1,Zhiqi Shen 0001
235,35/1096-1,Han Yu 0001,2014,03/1554-1,Zhiqi Shen 0001
236,35/1096-1,Han Yu 0001,2014,m/ChunyanMiao,Chunyan Miao
237,35/1096-1,Han Yu 0001,2013,03/1554-1,Zhiqi Shen 0001
238,35/1096-1,Han Yu 0001,2013,m/ChunyanMiao,Chunyan Miao
239,35/1096-1,Han Yu 0001,2013,03/1554-1,Zhiqi Shen 0001
240,35/1096-1,Han Yu 0001,2013,00/4516-3,Siyuan Liu 0003
241,35/1096-1,Han Yu 0001,2013,m/ChunyanMiao,Chunyan Miao
242,35/1096-1,Han Yu 0001,2013,03/1554-1,Zhiqi Shen 0001
243,35/1096-1,Han Yu 0001,2013,m/ChunyanMiao,Chunyan Miao
244,35/1096-1,Han Yu 0001,2013,03/1554-1,Zhiqi Shen 0001
245,35/1096-1,Han Yu 0001,2013,m/ChunyanMiao,Chunyan Miao
246,35/1096-1,Han Yu 0001,2013,42/6178-1,Bo An 0001
247,35/1096-1,Han Yu 0001,2013,03/1554-1,Zhiqi Shen 0001
248,35/1096-1,Han Yu 0001,2013,m/ChunyanMiao,Chunyan Miao
249,35/1096-1,Han Yu 0001,2013,42/6178-1,Bo An 0001
250,35/1096-1,Han Yu 0001,2012,03/1554-1,Zhiqi Shen 0001
251,35/1096-1,Han Yu 0001,2012,m/ChunyanMiao,Chunyan Miao
252,35/1096-1,Han Yu 0001,2012,42/6178-1,Bo An 0001
253,35/1096-1,Han Yu 0001,2012,03/1554-1,Zhiqi Shen 0001
254,35/1096-1,Han Yu 0001,2012,42/6178-1,Bo An 0001
255,35/1096-1,Han Yu 0001,2011,03/1554-1,Zhiqi Shen 0001
256,35/1096-1,Han Yu 0001,2011,m/ChunyanMiao,Chunyan Miao
257,35/1096-1,Han Yu 0001,2011,03/1554-1,Zhiqi Shen 0001
258,35/1096-1,Han Yu 0001,2011,m/ChunyanMiao,Chunyan Miao
259,35/1096-1,Han Yu 0001,2011,38/3641,Ah-Hwee Tan
260,35/1096-1,Han Yu 0001,2011,m/ChunyanMiao,Chunyan Miao
261,35/1096-1,Han Yu 0001,2010,03/1554-1,Zhiqi Shen 0001
262,35/1096-1,Han Yu 0001,2010,m/ChunyanMiao,Chunyan Miao
263,35/1096-1,Han Yu 0001,2010,76/440,Dusit Niyato
264,35/1096-1,Han Yu 0001,2010,03/1554-1,Zhiqi Shen 0001
265,35/1096-1,Han Yu 0001,2010,m/ChunyanMiao,Chunyan Miao
266,35/1096-1,Han Yu 0001,2010,03/1554-1,Zhiqi Shen 0001
267,35/1096-1,Han Yu 0001,2010,m/ChunyanMiao,Chunyan Miao
268,35/1096-1,Han Yu 0001,2009,03/1554-1,Zhiqi Shen 0001
269,35/1096-1,Han Yu 0001,2009,m/ChunyanMiao,Chunyan Miao
270,35/1096-1,Han Yu 0001,2009,70/1211-1,Boyang Li 0001
271,35/1096-1,Han Yu 0001,2009,03/1554-1,Zhiqi Shen 0001
272,35/1096-1,Han Yu 0001,2009,m/ChunyanMiao,Chunyan Miao
273,35/1096-1,Han Yu 0001,2008,03/1554-1,Zhiqi Shen 0001
274,35/1096-1,Han Yu 0001,2008,m/ChunyanMiao,Chunyan Miao
275,35/1096-1,Han Yu 0001,2008,03/1554-1,Zhiqi Shen 0001
276,35/1096-1,Han Yu 0001,2008,m/ChunyanMiao,Chunyan Miao
277,35/1096-1,Han Yu 0001,2007,03/1554-1,Zhiqi Shen 0001
278,35/1096-1,Han Yu 0001,2007,m/ChunyanMiao,Chunyan Miao
279,35/1096-1,Han Yu 0001,2007,03/1554-1,Zhiqi Shen 0001
280,35/1096-1,Han Yu 0001,2007,m/ChunyanMiao,Chunyan Miao
281,35/1096-1,Han Yu 0001,2007,78/5155,Aixin Sun
282,42/2501-1,Jun Luo 0001,2024,76/440,Dusit Niyato
283,42/2501-1,Jun Luo 0001,2024,00/5179,Rui Tan
284,42/2501-1,Jun Luo 0001,2024,h/YingHe1,Ying He 0001
285,42/2501-1,Jun Luo 0001,2024,76/440,Dusit Niyato
286,42/2501-1,Jun Luo 0001,2024,h/YingHe1,Ying He 0001
287,42/2501-1,Jun Luo 0001,2023,75/198-1,Jie Xiong 0001
288,42/2501-1,Jun Luo 0001,2023,h/YingHe1,Ying He 0001
289,42/2501-1,Jun Luo 0001,2022,h/YingHe1,Ying He 0001
290,42/2501-1,Jun Luo 0001,2021,75/198-1,Jie Xiong 0001
291,42/2501-1,Jun Luo 0001,2021,76/440,Dusit Niyato
292,42/2501-1,Jun Luo 0001,2021,76/440,Dusit Niyato
293,42/2501-1,Jun Luo 0001,2021,75/198-1,Jie Xiong 0001
294,42/2501-1,Jun Luo 0001,2020,76/440,Dusit Niyato
295,42/2501-1,Jun Luo 0001,2019,76/440,Dusit Niyato
296,42/2501-1,Jun Luo 0001,2019,h/YingHe1,Ying He 0001
297,42/2501-1,Jun Luo 0001,2019,h/YingHe1,Ying He 0001
298,42/2501-1,Jun Luo 0001,2019,80/5412,Sinno Jialin Pan
299,42/2501-1,Jun Luo 0001,2019,78/5155,Aixin Sun
300,42/2501-1,Jun Luo 0001,2019,76/440,Dusit Niyato
301,42/2501-1,Jun Luo 0001,2018,80/5412,Sinno Jialin Pan
302,42/2501-1,Jun Luo 0001,2018,76/440,Dusit Niyato
303,42/2501-1,Jun Luo 0001,2018,h/YingHe1,Ying He 0001
304,42/2501-1,Jun Luo 0001,2018,76/440,Dusit Niyato
305,42/2501-1,Jun Luo 0001,2017,h/YingHe1,Ying He 0001
306,42/2501-1,Jun Luo 0001,2017,80/5412,Sinno Jialin Pan
307,42/2501-1,Jun Luo 0001,2017,80/5412,Sinno Jialin Pan
308,42/2501-1,Jun Luo 0001,2017,76/440,Dusit Niyato
309,42/2501-1,Jun Luo 0001,2016,h/YingHe1,Ying He 0001
310,42/2501-1,Jun Luo 0001,2016,h/YingHe1,Ying He 0001
311,42/2501-1,Jun Luo 0001,2015,h/YingHe1,Ying He 0001
312,42/2501-1,Jun Luo 0001,2015,h/YingHe1,Ying He 0001
313,42/2501-1,Jun Luo 0001,2014,h/YingHe1,Ying He 0001
314,42/2501-1,Jun Luo 0001,2014,33/885,Yonggang Wen 0001
315,42/2501-1,Jun Luo 0001,2014,h/YingHe1,Ying He 0001
316,42/2501-1,Jun Luo 0001,2013,h/YingHe1,Ying He 0001
317,42/2501-1,Jun Luo 0001,2013,h/YingHe1,Ying He 0001
318,42/2501-1,Jun Luo 0001,2012,h/YingHe1,Ying He 0001
319,42/2501-1,Jun Luo 0001,2012,h/YingHe1,Ying He 0001
320,42/2501-1,Jun Luo 0001,2012,14/3737,Weisi Lin
321,42/2501-1,Jun Luo 0001,2011,h/YingHe1,Ying He 0001
322,42/2501-1,Jun Luo 0001,2011,h/YingHe1,Ying He 0001
323,42/2501-1,Jun Luo 0001,2011,h/YingHe1,Ying He 0001
324,42/2501-1,Jun Luo 0001,2011,h/YingHe1,Ying He 0001
325,42/2501-1,Jun Luo 0001,2011,14/3737,Weisi Lin
326,55/4730-1,Shangwei Lin 0001,2025,51/3710-3,Yang Liu 0003
327,55/4730-1,Shangwei Lin 0001,2025,14/3737,Weisi Lin
328,55/4730-1,Shangwei Lin 0001,2024,51/3710-3,Yang Liu 0003
329,55/4730-1,Shangwei Lin 0001,2024,51/3710-3,Yang Liu 0003
330,55/4730-1,Shangwei Lin 0001,2024,51/3710-3,Yang Liu 0003
331,55/4730-1,Shangwei Lin 0001,2024,51/3710-3,Yang Liu 0003
332,55/4730-1,Shangwei Lin 0001,2024,51/3710-3,Yang Liu 0003
333,55/4730-1,Shangwei Lin 0001,2024,51/3710-3,Yang Liu 0003
334,55/4730-1,Shangwei Lin 0001,2023,51/3710-3,Yang Liu 0003
335,55/4730-1,Shangwei Lin 0001,2022,59/871-8,Yi Li 0008
336,55/4730-1,Shangwei Lin 0001,2022,51/3710-3,Yang Liu 0003
337,55/4730-1,Shangwei Lin 0001,2022,59/871-8,Yi Li 0008
338,55/4730-1,Shangwei Lin 0001,2022,51/3710-3,Yang Liu 0003
339,55/4730-1,Shangwei Lin 0001,2022,14/3737,Weisi Lin
340,55/4730-1,Shangwei Lin 0001,2022,51/3710-3,Yang Liu 0003
341,55/4730-1,Shangwei Lin 0001,2022,59/871-8,Yi Li 0008
342,55/4730-1,Shangwei Lin 0001,2022,59/871-8,Yi Li 0008
343,55/4730-1,Shangwei Lin 0001,2022,59/871-8,Yi Li 0008
344,55/4730-1,Shangwei Lin 0001,2021,51/3710-3,Yang Liu 0003
345,55/4730-1,Shangwei Lin 0001,2021,51/3710-3,Yang Liu 0003
346,55/4730-1,Shangwei Lin 0001,2021,59/871-8,Yi Li 0008
347,55/4730-1,Shangwei Lin 0001,2021,51/3710-3,Yang Liu 0003
348,55/4730-1,Shangwei Lin 0001,2021,51/3710-3,Yang Liu 0003
349,55/4730-1,Shangwei Lin 0001,2021,59/871-8,Yi Li 0008
350,55/4730-1,Shangwei Lin 0001,2021,51/3710-3,Yang Liu 0003
351,55/4730-1,Shangwei Lin 0001,2020,51/3710-3,Yang Liu 0003
352,55/4730-1,Shangwei Lin 0001,2020,51/3710-3,Yang Liu 0003
353,55/4730-1,Shangwei Lin 0001,2020,14/3737,Weisi Lin
354,55/4730-1,Shangwei Lin 0001,2020,59/871-8,Yi Li 0008
355,55/4730-1,Shangwei Lin 0001,2020,59/871-8,Yi Li 0008
356,55/4730-1,Shangwei Lin 0001,2020,51/3710-3,Yang Liu 0003
357,55/4730-1,Shangwei Lin 0001,2020,51/3710-3,Yang Liu 0003
358,55/4730-1,Shangwei Lin 0001,2020,14/3737,Weisi Lin
359,55/4730-1,Shangwei Lin 0001,2020,51/3710-3,Yang Liu 0003
360,55/4730-1,Shangwei Lin 0001,2020,59/871-8,Yi Li 0008
361,55/4730-1,Shangwei Lin 0001,2020,51/3710-3,Yang Liu 0003
362,55/4730-1,Shangwei Lin 0001,2020,14/3737,Weisi Lin
363,55/4730-1,Shangwei Lin 0001,2020,51/3710-3,Yang Liu 0003
364,55/4730-1,Shangwei Lin 0001,2020,51/3710-3,Yang Liu 0003
365,55/4730-1,Shangwei Lin 0001,2019,51/3710-3,Yang Liu 0003
366,55/4730-1,Shangwei Lin 0001,2019,51/3710-3,Yang Liu 0003
367,55/4730-1,Shangwei Lin 0001,2019,51/3710-3,Yang Liu 0003
368,55/4730-1,Shangwei Lin 0001,2019,59/871-8,Yi Li 0008
369,55/4730-1,Shangwei Lin 0001,2019,51/3710-3,Yang Liu 0003
370,55/4730-1,Shangwei Lin 0001,2019,51/3710-3,Yang Liu 0003
371,55/4730-1,Shangwei Lin 0001,2019,51/3710-3,Yang Liu 0003
372,55/4730-1,Shangwei Lin 0001,2019,59/871-8,Yi Li 0008
373,55/4730-1,Shangwei Lin 0001,2019,51/3710-3,Yang Liu 0003
374,55/4730-1,Shangwei Lin 0001,2018,51/3710-3,Yang Liu 0003
375,55/4730-1,Shangwei Lin 0001,2018,51/3710-3,Yang Liu 0003
376,55/4730-1,Shangwei Lin 0001,2018,51/3710-3,Yang Liu 0003
377,55/4730-1,Shangwei Lin 0001,2018,51/3710-3,Yang Liu 0003
378,55/4730-1,Shangwei Lin 0001,2017,51/3710-3,Yang Liu 0003
379,55/4730-1,Shangwei Lin 0001,2017,51/3710-3,Yang Liu 0003
380,55/4730-1,Shangwei Lin 0001,2017,51/3710-3,Yang Liu 0003
381,55/4730-1,Shangwei Lin 0001,2016,51/3710-3,Yang Liu 0003
382,55/4730-1,Shangwei Lin 0001,2015,51/3710-3,Yang Liu 0003
383,55/4730-1,Shangwei Lin 0001,2015,51/3710-3,Yang Liu 0003
384,55/4730-1,Shangwei Lin 0001,2014,51/3710-3,Yang Liu 0003
385,55/4730-1,Shangwei Lin 0001,2014,51/3710-3,Yang Liu 0003
386,55/4730-1,Shangwei Lin 0001,2013,51/3710-3,Yang Liu 0003
387,55/4730-1,Shangwei Lin 0001,2013,51/3710-3,Yang Liu 0003
388,55/4730-1,Shangwei Lin 0001,2013,51/3710-3,Yang Liu 0003
389,55/4730-1,Shangwei Lin 0001,2012,51/3710-3,Yang Liu 0003
390,55/4730-1,Shangwei Lin 0001,2012,51/3710-3,Yang Liu 0003
391,55/4730-1,Shangwei Lin 0001,2011,51/3710-3,Yang Liu 0003
392,93/4009,Zinovi Rabinovich,2024,q/HiokChaiQuek,Chai Quek
393,93/4009,Zinovi Rabinovich,2024,q/HiokChaiQuek,Chai Quek
394,93/4009,Zinovi Rabinovich,2023,42/6178-1,Bo An 0001
395,93/4009,Zinovi Rabinovich,2023,12/9925,Svetlana Obraztsova
396,93/4009,Zinovi Rabinovich,2023,q/HiokChaiQuek,Chai Quek
397,93/4009,Zinovi Rabinovich,2023,42/6178-1,Bo An 0001
398,93/4009,Zinovi Rabinovich,2022,42/6178-1,Bo An 0001
399,93/4009,Zinovi Rabinovich,2022,12/9925,Svetlana Obraztsova
400,93/4009,Zinovi Rabinovich,2022,52/910,Chai Kiat Yeo
401,93/4009,Zinovi Rabinovich,2022,12/9925,Svetlana Obraztsova
402,93/4009,Zinovi Rabinovich,2022,42/6178-1,Bo An 0001
403,93/4009,Zinovi Rabinovich,2022,12/9925,Svetlana Obraztsova
404,93/4009,Zinovi Rabinovich,2021,12/9925,Svetlana Obraztsova
405,93/4009,Zinovi Rabinovich,2021,12/9925,Svetlana Obraztsova
406,93/4009,Zinovi Rabinovich,2021,42/6178-1,Bo An 0001
407,93/4009,Zinovi Rabinovich,2021,12/9925,Svetlana Obraztsova
408,93/4009,Zinovi Rabinovich,2021,42/6178-1,Bo An 0001
409,93/4009,Zinovi Rabinovich,2021,12/9925,Svetlana Obraztsova
410,93/4009,Zinovi Rabinovich,2021,42/6178-1,Bo An 0001
411,93/4009,Zinovi Rabinovich,2021,12/9925,Svetlana Obraztsova
412,93/4009,Zinovi Rabinovich,2021,52/910,Chai Kiat Yeo
413,93/4009,Zinovi Rabinovich,2020,42/6178-1,Bo An 0001
414,93/4009,Zinovi Rabinovich,2020,42/6178-1,Bo An 0001
415,93/4009,Zinovi Rabinovich,2019,12/9925,Svetlana Obraztsova
416,93/4009,Zinovi Rabinovich,2019,12/9925,Svetlana Obraztsova
417,93/4009,Zinovi Rabinovich,2019,12/9925,Svetlana Obraztsova
418,93/4009,Zinovi Rabinovich,2019,12/9925,Svetlana Obraztsova
419,93/4009,Zinovi Rabinovich,2019,12/9925,Svetlana Obraztsova
420,93/4009,Zinovi Rabinovich,2019,42/6178-1,Bo An 0001
421,93/4009,Zinovi Rabinovich,2019,12/9925,Svetlana Obraztsova
422,93/4009,Zinovi Rabinovich,2017,12/9925,Svetlana Obraztsova
423,93/4009,Zinovi Rabinovich,2017,12/9925,Svetlana Obraztsova
424,93/4009,Zinovi Rabinovich,2017,12/9925,Svetlana Obraztsova
425,93/4009,Zinovi Rabinovich,2017,12/9925,Svetlana Obraztsova
426,93/4009,Zinovi Rabinovich,2016,12/9925,Svetlana Obraztsova
427,93/4009,Zinovi Rabinovich,2015,12/9925,Svetlana Obraztsova
428,93/4009,Zinovi Rabinovich,2015,12/9925,Svetlana Obraztsova
429,93/4009,Zinovi Rabinovich,2015,12/9925,Svetlana Obraztsova
430,93/4009,Zinovi Rabinovich,2015,12/9925,Svetlana Obraztsova
431,93/4009,Zinovi Rabinovich,2015,12/9925,Svetlana Obraztsova
432,93/4009,Zinovi Rabinovich,2015,12/9925,Svetlana Obraztsova
433,93/4009,Zinovi Rabinovich,2015,12/9925,Svetlana Obraztsova
434,93/4009,Zinovi Rabinovich,2014,12/9925,Svetlana Obraztsova
435,d/AnwitamanDatta,Anwitaman Datta,2013,78/5155,Aixin Sun
436,d/AnwitamanDatta,Anwitaman Datta,2012,78/5155,Aixin Sun
437,d/AnwitamanDatta,Anwitaman Datta,2012,78/5155,Aixin Sun
438,d/AnwitamanDatta,Anwitaman Datta,2012,78/5155,Aixin Sun
439,d/AnwitamanDatta,Anwitaman Datta,2012,l/BuSungLee,Bu-Sung Lee
440,d/AnwitamanDatta,Anwitaman Datta,2012,84/6889-2,Jie Zhang 0002
441,d/AnwitamanDatta,Anwitaman Datta,2011,78/5155,Aixin Sun
442,d/AnwitamanDatta,Anwitaman Datta,2011,78/5155,Aixin Sun
443,d/AnwitamanDatta,Anwitaman Datta,2011,78/5155,Aixin Sun
444,d/AnwitamanDatta,Anwitaman Datta,2010,78/5155,Aixin Sun
445,d/AnwitamanDatta,Anwitaman Datta,2010,78/5155,Aixin Sun
446,d/AnwitamanDatta,Anwitaman Datta,2010,n/WeeKeongNg,Wee Keong Ng
447,d/AnwitamanDatta,Anwitaman Datta,2009,78/5155,Aixin Sun
448,d/AnwitamanDatta,Anwitaman Datta,2009,78/5155,Aixin Sun
449,d/AnwitamanDatta,Anwitaman Datta,2008,n/WeeKeongNg,Wee Keong Ng
450,d/AnwitamanDatta,Anwitaman Datta,2008,78/5155,Aixin Sun
451,95/378,Xavier Bresson,2023,81/8329,Anh Tuan Luu
452,95/378,Xavier Bresson,2023,81/8329,Anh Tuan Luu
453,95/378,Xavier Bresson,2022,81/8329,Anh Tuan Luu
454,95/378,Xavier Bresson,2021,81/8329,Anh Tuan Luu
455,62/7948,Wenya Wang,2024,126/4778,Guosheng Lin
456,62/7948,Wenya Wang,2024,80/5412,Sinno Jialin Pan
457,62/7948,Wenya Wang,2024,84/6889-2,Jie Zhang 0002
458,62/7948,Wenya Wang,2024,80/5412,Sinno Jialin Pan
459,62/7948,Wenya Wang,2024,80/5412,Sinno Jialin Pan
460,62/7948,Wenya Wang,2023,80/5412,Sinno Jialin Pan
461,62/7948,Wenya Wang,2023,80/5412,Sinno Jialin Pan
462,62/7948,Wenya Wang,2022,80/5412,Sinno Jialin Pan
463,62/7948,Wenya Wang,2022,80/5412,Sinno Jialin Pan
464,62/7948,Wenya Wang,2022,80/5412,Sinno Jialin Pan
465,62/7948,Wenya Wang,2021,80/5412,Sinno Jialin Pan
466,62/7948,Wenya Wang,2020,80/5412,Sinno Jialin Pan
467,62/7948,Wenya Wang,2020,80/5412,Sinno Jialin Pan
468,62/7948,Wenya Wang,2019,80/5412,Sinno Jialin Pan
469,62/7948,Wenya Wang,2019,80/5412,Sinno Jialin Pan
470,62/7948,Wenya Wang,2019,80/5412,Sinno Jialin Pan
471,62/7948,Wenya Wang,2019,80/5412,Sinno Jialin Pan
472,62/7948,Wenya Wang,2019,80/5412,Sinno Jialin Pan
473,62/7948,Wenya Wang,2019,80/5412,Sinno Jialin Pan
474,62/7948,Wenya Wang,2018,80/5412,Sinno Jialin Pan
475,62/7948,Wenya Wang,2018,80/5412,Sinno Jialin Pan
476,62/7948,Wenya Wang,2018,80/5412,Sinno Jialin Pan
477,62/7948,Wenya Wang,2017,80/5412,Sinno Jialin Pan
478,62/7948,Wenya Wang,2017,80/5412,Sinno Jialin Pan
479,62/7948,Wenya Wang,2016,80/5412,Sinno Jialin Pan
480,62/7948,Wenya Wang,2016,80/5412,Sinno Jialin Pan
481,160/7116,Mengmi Zhang,2024,64/4136,Yew Soon Ong
482,160/7116,Mengmi Zhang,2024,29/3808,Tat-Jen Cham
483,n/WeeKeongNg,Wee Keong Ng,2021,10/1993,Kwok-Yan Lam
484,n/WeeKeongNg,Wee Keong Ng,2018,84/2408,Newton Fernando
485,n/WeeKeongNg,Wee Keong Ng,2018,84/2408,Owen Noel Newton Fernando
486,n/WeeKeongNg,Wee Keong Ng,2017,14/3737,Weisi Lin
487,n/WeeKeongNg,Wee Keong Ng,2016,14/3737,Weisi Lin
488,n/WeeKeongNg,Wee Keong Ng,2012,84/6889-2,Jie Zhang 0002
489,n/WeeKeongNg,Wee Keong Ng,2012,33/885,Yonggang Wen 0001
490,n/WeeKeongNg,Wee Keong Ng,2011,84/6889-2,Jie Zhang 0002
491,n/WeeKeongNg,Wee Keong Ng,2011,84/6889-2,Jie Zhang 0002
492,n/WeeKeongNg,Wee Keong Ng,2010,d/AnwitamanDatta,Anwitaman Datta
493,n/WeeKeongNg,Wee Keong Ng,2008,d/AnwitamanDatta,Anwitaman Datta
494,n/WeeKeongNg,Wee Keong Ng,2005,78/5155,Aixin Sun
495,n/WeeKeongNg,Wee Keong Ng,2005,78/5155,Aixin Sun
496,n/WeeKeongNg,Wee Keong Ng,2004,78/5155,Aixin Sun
497,n/WeeKeongNg,Wee Keong Ng,2003,b/SSBhowmick,Sourav S. Bhowmick
498,n/WeeKeongNg,Wee Keong Ng,2003,b/SSBhowmick,Sourav S. Bhowmick
499,n/WeeKeongNg,Wee Keong Ng,2003,b/SSBhowmick,Sourav S. Bhowmick
500,n/WeeKeongNg,Wee Keong Ng,2003,78/5155,Aixin Sun
501,n/WeeKeongNg,Wee Keong Ng,2003,b/SSBhowmick,Sourav S. Bhowmick
502,n/WeeKeongNg,Wee Keong Ng,2003,b/SSBhowmick,Sourav S. Bhowmick
503,n/WeeKeongNg,Wee Keong Ng,2002,b/SSBhowmick,Sourav S. Bhowmick
504,n/WeeKeongNg,Wee Keong Ng,2002,b/SSBhowmick,Sourav S. Bhowmick
505,n/WeeKeongNg,Wee Keong Ng,2002,b/SSBhowmick,Sourav S. Bhowmick
506,n/WeeKeongNg,Wee Keong Ng,2002,b/SSBhowmick,Sourav S. Bhowmick
507,n/WeeKeongNg,Wee Keong Ng,2002,b/SSBhowmick,Sourav S. Bhowmick
508,n/WeeKeongNg,Wee Keong Ng,2002,b/SSBhowmick,Sourav S. Bhowmick
509,n/WeeKeongNg,Wee Keong Ng,2002,b/SSBhowmick,Sourav S. Bhowmick
510,n/WeeKeongNg,Wee Keong Ng,2002,78/5155,Aixin Sun
511,n/WeeKeongNg,Wee Keong Ng,2002,78/5155,Aixin Sun
512,n/WeeKeongNg,Wee Keong Ng,2001,b/SSBhowmick,Sourav S. Bhowmick
513,n/WeeKeongNg,Wee Keong Ng,2001,b/SSBhowmick,Sourav S. Bhowmick
514,n/WeeKeongNg,Wee Keong Ng,2001,b/SSBhowmick,Sourav S. Bhowmick
515,n/WeeKeongNg,Wee Keong Ng,2000,b/SSBhowmick,Sourav S. Bhowmick
516,n/WeeKeongNg,Wee Keong Ng,2000,b/SSBhowmick,Sourav S. Bhowmick
517,n/WeeKeongNg,Wee Keong Ng,2000,b/SSBhowmick,Sourav S. Bhowmick
518,n/WeeKeongNg,Wee Keong Ng,2000,b/SSBhowmick,Sourav S. Bhowmick
519,n/WeeKeongNg,Wee Keong Ng,2000,b/SSBhowmick,Sourav S. Bhowmick
520,n/WeeKeongNg,Wee Keong Ng,1999,b/SSBhowmick,Sourav S. Bhowmick
521,n/WeeKeongNg,Wee Keong Ng,1999,b/SSBhowmick,Sourav S. Bhowmick
522,n/WeeKeongNg,Wee Keong Ng,1999,b/SSBhowmick,Sourav S. Bhowmick
523,n/WeeKeongNg,Wee Keong Ng,1999,b/SSBhowmick,Sourav S. Bhowmick
524,n/WeeKeongNg,Wee Keong Ng,1998,b/SSBhowmick,Sourav S. Bhowmick
525,n/WeeKeongNg,Wee Keong Ng,1998,b/SSBhowmick,Sourav S. Bhowmick
526,n/WeeKeongNg,Wee Keong Ng,1998,b/SSBhowmick,Sourav S. Bhowmick
527,n/WeeKeongNg,Wee Keong Ng,1998,b/SSBhowmick,Sourav S. Bhowmick
528,n/WeeKeongNg,Wee Keong Ng,1998,b/SSBhowmick,Sourav S. Bhowmick
529,n/WeeKeongNg,Wee Keong Ng,1998,b/SSBhowmick,Sourav S. Bhowmick
530,77/7902,Tianwei Zhang,2025,46/3391,Dacheng Tao
531,67/2933,Arijit Khan 0001,2025,117/5965,Siqiang Luo
532,67/2933,Arijit Khan 0001,2023,58/10813-1,Cheng Long 0001
533,67/2933,Arijit Khan 0001,2023,117/5965,Siqiang Luo
534,67/2933,Arijit Khan 0001,2023,58/10813-1,Cheng Long 0001
535,67/2933,Arijit Khan 0001,2023,117/5965,Siqiang Luo
536,67/2933,Arijit Khan 0001,2022,52/910,Chai Kiat Yeo
537,67/2933,Arijit Khan 0001,2022,41/8030,Sourav Sen Gupta 0001
538,67/2933,Arijit Khan 0001,2022,58/10813-1,Cheng Long 0001
539,67/2933,Arijit Khan 0001,2021,41/8030,Sourav Sen Gupta 0001
540,67/2933,Arijit Khan 0001,2020,33/3180,Gao Cong
541,67/2933,Arijit Khan 0001,2020,41/8030,Sourav Sen Gupta 0001
542,67/2933,Arijit Khan 0001,2018,33/3180,Gao Cong
543,67/2933,Arijit Khan 0001,2018,33/3180,Gao Cong
544,67/2933,Arijit Khan 0001,2017,b/SSBhowmick,Sourav S. Bhowmick
545,165/2801,Conrad Watt,2025,51/3710-3,Yang Liu 0003
546,165/2801,Conrad Watt,2024,51/3710-3,Yang Liu 0003
547,93/7359,Xiaohui Bei,2022,46/3391,Dacheng Tao
548,51/3710-3,Yang Liu 0003,2025,55/4730-1,Shang-Wei Lin 0001
549,51/3710-3,Yang Liu 0003,2025,165/2801,Conrad Watt
550,51/3710-3,Yang Liu 0003,2025,59/871-8,Yi Li 0008
551,51/3710-3,Yang Liu 0003,2024,55/4730-1,Shang-Wei Lin 0001
552,51/3710-3,Yang Liu 0003,2024,84/6889-2,Jie Zhang 0002
553,51/3710-3,Yang Liu 0003,2024,55/4730-1,Shang-Wei Lin 0001
554,51/3710-3,Yang Liu 0003,2024,81/8329,Anh Tuan Luu
555,51/3710-3,Yang Liu 0003,2024,55/4730-1,Shang-Wei Lin 0001
556,51/3710-3,Yang Liu 0003,2024,55/4730-1,Shang-Wei Lin 0001
557,51/3710-3,Yang Liu 0003,2024,55/4730-1,Shangwei Lin 0001
558,51/3710-3,Yang Liu 0003,2024,55/4730-1,Shang-Wei Lin 0001
559,51/3710-3,Yang Liu 0003,2024,59/871-8,Yi Li 0008
560,51/3710-3,Yang Liu 0003,2024,81/8329,Anh Tuan Luu
561,51/3710-3,Yang Liu 0003,2024,165/2801,Conrad Watt
562,51/3710-3,Yang Liu 0003,2024,84/6889-2,Jie Zhang 0002
563,51/3710-3,Yang Liu 0003,2023,33/885,Yonggang Wen 0001
564,51/3710-3,Yang Liu 0003,2023,59/871-8,Yi Li 0008
565,51/3710-3,Yang Liu 0003,2023,10/1993,Kwok-Yan Lam
566,51/3710-3,Yang Liu 0003,2023,10/1993,Kwok-Yan Lam
567,51/3710-3,Yang Liu 0003,2023,35/1096-1,Han Yu 0001
568,51/3710-3,Yang Liu 0003,2023,10/1993,Kwok-Yan Lam
569,51/3710-3,Yang Liu 0003,2023,10/1993,Kwok-Yan Lam
570,51/3710-3,Yang Liu 0003,2023,10/1993,Kwok-Yan Lam
571,51/3710-3,Yang Liu 0003,2023,35/1096-1,Han Yu 0001
572,51/3710-3,Yang Liu 0003,2023,95/7006,Cuntai Guan
573,51/3710-3,Yang Liu 0003,2023,55/4730-1,Shangwei Lin 0001
574,51/3710-3,Yang Liu 0003,2022,59/871-8,Yi Li 0008
575,51/3710-3,Yang Liu 0003,2022,55/4730-1,Shangwei Lin 0001
576,51/3710-3,Yang Liu 0003,2022,35/1096-1,Han Yu 0001
577,51/3710-3,Yang Liu 0003,2022,35/1096-1,Han Yu 0001
578,51/3710-3,Yang Liu 0003,2022,59/871-8,Yi Li 0008
579,51/3710-3,Yang Liu 0003,2022,55/4730-1,Shangwei Lin 0001
580,51/3710-3,Yang Liu 0003,2022,55/4730-1,Shang-Wei Lin 0001
581,51/3710-3,Yang Liu 0003,2022,14/3737,Weisi Lin
582,51/3710-3,Yang Liu 0003,2022,163/6518,Alvin Chan
583,51/3710-3,Yang Liu 0003,2022,64/4136,Yew-Soon Ong
584,51/3710-3,Yang Liu 0003,2022,59/871-8,Yi Li 0008
585,51/3710-3,Yang Liu 0003,2022,59/871-8,Yi Li 0008
586,51/3710-3,Yang Liu 0003,2022,59/871-8,Yi Li 0008
587,51/3710-3,Yang Liu 0003,2022,59/871-8,Yi Li 0008
588,51/3710-3,Yang Liu 0003,2022,59/871-8,Yi Li 0008
589,51/3710-3,Yang Liu 0003,2022,59/871-8,Yi Li 0008
590,51/3710-3,Yang Liu 0003,2021,55/4730-1,Shang-Wei Lin 0001
591,51/3710-3,Yang Liu 0003,2021,55/4730-1,Shang-Wei Lin 0001
592,51/3710-3,Yang Liu 0003,2021,33/885,Yonggang Wen 0001
593,51/3710-3,Yang Liu 0003,2021,59/871-8,Yi Li 0008
594,51/3710-3,Yang Liu 0003,2021,55/4730-1,Shang-Wei Lin 0001
595,51/3710-3,Yang Liu 0003,2021,55/4730-1,Shang-Wei Lin 0001
596,51/3710-3,Yang Liu 0003,2021,59/871-8,Yi Li 0008
597,51/3710-3,Yang Liu 0003,2021,55/4730-1,Shang-Wei Lin 0001
598,51/3710-3,Yang Liu 0003,2021,59/871-8,Yi Li 0008
599,51/3710-3,Yang Liu 0003,2020,55/4730-1,Shang-Wei Lin 0001
600,51/3710-3,Yang Liu 0003,2020,84/6889-2,Jie Zhang 0002
601,51/3710-3,Yang Liu 0003,2020,55/4730-1,Shang-Wei Lin 0001
602,51/3710-3,Yang Liu 0003,2020,59/871-8,Yi Li 0008
603,51/3710-3,Yang Liu 0003,2020,59/871-8,Yi Li 0008
604,51/3710-3,Yang Liu 0003,2020,59/871-8,Yi Li 0008
605,51/3710-3,Yang Liu 0003,2020,55/4730-1,Shang-Wei Lin 0001
606,51/3710-3,Yang Liu 0003,2020,55/4730-1,Shang-Wei Lin 0001
607,51/3710-3,Yang Liu 0003,2020,55/4730-1,Shang-Wei Lin 0001
608,51/3710-3,Yang Liu 0003,2020,14/3737,Weisi Lin
609,51/3710-3,Yang Liu 0003,2020,59/871-8,Yi Li 0008
610,51/3710-3,Yang Liu 0003,2020,55/4730-1,Shang-Wei Lin 0001
611,51/3710-3,Yang Liu 0003,2020,55/4730-1,Shang-Wei Lin 0001
612,51/3710-3,Yang Liu 0003,2020,14/3737,Weisi Lin
613,51/3710-3,Yang Liu 0003,2020,55/4730-1,Shang-Wei Lin 0001
614,51/3710-3,Yang Liu 0003,2020,33/885,Yonggang Wen 0001
615,51/3710-3,Yang Liu 0003,2019,84/6889-2,Jie Zhang 0002
616,51/3710-3,Yang Liu 0003,2019,55/4730-1,Shang-Wei Lin 0001
617,51/3710-3,Yang Liu 0003,2019,46/3391,Dacheng Tao
618,51/3710-3,Yang Liu 0003,2019,55/4730-1,Shang-Wei Lin 0001
619,51/3710-3,Yang Liu 0003,2019,55/4730-1,Shangwei Lin 0001
620,51/3710-3,Yang Liu 0003,2019,59/871-8,Yi Li 0008
621,51/3710-3,Yang Liu 0003,2019,55/4730-1,Shang-Wei Lin 0001
622,51/3710-3,Yang Liu 0003,2019,55/4730-1,Shang-Wei Lin 0001
623,51/3710-3,Yang Liu 0003,2019,59/871-8,Yi Li 0008
624,51/3710-3,Yang Liu 0003,2019,59/871-8,Yi Li 0008
625,51/3710-3,Yang Liu 0003,2019,59/871-8,Yi Li 0008
626,51/3710-3,Yang Liu 0003,2019,55/4730-1,Shang-Wei Lin 0001
627,51/3710-3,Yang Liu 0003,2019,59/871-8,Yi Li 0008
628,51/3710-3,Yang Liu 0003,2019,55/4730-1,Shang-Wei Lin 0001
629,51/3710-3,Yang Liu 0003,2019,59/871-8,Yi Li 0008
630,51/3710-3,Yang Liu 0003,2018,55/4730-1,Shang-Wei Lin 0001
631,51/3710-3,Yang Liu 0003,2018,55/4730-1,Shang-Wei Lin 0001
632,51/3710-3,Yang Liu 0003,2018,55/4730-1,Shang-Wei Lin 0001
633,51/3710-3,Yang Liu 0003,2018,55/4730-1,Shang-Wei Lin 0001
634,51/3710-3,Yang Liu 0003,2018,163/6518,Alvin Chan
635,51/3710-3,Yang Liu 0003,2018,64/4136,Yew-Soon Ong
636,51/3710-3,Yang Liu 0003,2018,59/871-8,Yi Li 0008
637,51/3710-3,Yang Liu 0003,2017,84/6889-2,Jie Zhang 0002
638,51/3710-3,Yang Liu 0003,2017,55/4730-1,Shang-Wei Lin 0001
639,51/3710-3,Yang Liu 0003,2017,55/4730-1,Shang-Wei Lin 0001
640,51/3710-3,Yang Liu 0003,2017,55/4730-1,Shang-Wei Lin 0001
641,51/3710-3,Yang Liu 0003,2016,83/3179,Wentong Cai 0001
642,51/3710-3,Yang Liu 0003,2016,33/885,Yonggang Wen 0001
643,51/3710-3,Yang Liu 0003,2016,84/6889-2,Jie Zhang 0002
644,51/3710-3,Yang Liu 0003,2016,84/6889-2,Jie Zhang 0002
645,51/3710-3,Yang Liu 0003,2016,84/6889-2,Jie Zhang 0002
646,51/3710-3,Yang Liu 0003,2016,84/6889-2,Jie Zhang 0002
647,51/3710-3,Yang Liu 0003,2016,84/6889-2,Jie Zhang 0002
648,51/3710-3,Yang Liu 0003,2016,84/6889-2,Jie Zhang 0002
649,51/3710-3,Yang Liu 0003,2016,m/ChunyanMiao,Chunyan Miao
650,51/3710-3,Yang Liu 0003,2016,84/6889-2,Jie Zhang 0002
651,51/3710-3,Yang Liu 0003,2016,84/6889-2,Jie Zhang 0002
652,51/3710-3,Yang Liu 0003,2016,84/6889-2,Jie Zhang 0002
653,51/3710-3,Yang Liu 0003,2016,m/ChunyanMiao,Chunyan Miao
654,51/3710-3,Yang Liu 0003,2016,55/4730-1,Shang-Wei Lin 0001
655,51/3710-3,Yang Liu 0003,2015,84/6889-2,Jie Zhang 0002
656,51/3710-3,Yang Liu 0003,2015,84/6889-2,Jie Zhang 0002
657,51/3710-3,Yang Liu 0003,2015,84/6889-2,Jie Zhang 0002
658,51/3710-3,Yang Liu 0003,2015,84/6889-2,Jie Zhang 0002
659,51/3710-3,Yang Liu 0003,2015,84/6889-2,Jie Zhang 0002
660,51/3710-3,Yang Liu 0003,2015,55/4730-1,Shang-Wei Lin 0001
661,51/3710-3,Yang Liu 0003,2015,55/4730-1,Shang-Wei Lin 0001
662,51/3710-3,Yang Liu 0003,2015,84/6889-2,Jie Zhang 0002
663,51/3710-3,Yang Liu 0003,2014,59/871-8,Yi Li 0008
664,51/3710-3,Yang Liu 0003,2014,55/4730-1,Shang-Wei Lin 0001
665,51/3710-3,Yang Liu 0003,2014,84/6889-2,Jie Zhang 0002
666,51/3710-3,Yang Liu 0003,2014,55/4730-1,Shang-Wei Lin 0001
667,51/3710-3,Yang Liu 0003,2014,s/CZSun,Chengzheng Sun
668,51/3710-3,Yang Liu 0003,2014,84/6889-2,Jie Zhang 0002
669,51/3710-3,Yang Liu 0003,2014,84/6889-2,Jie Zhang 0002
670,51/3710-3,Yang Liu 0003,2013,55/4730-1,Shang-Wei Lin 0001
671,51/3710-3,Yang Liu 0003,2013,55/4730-1,Shang-Wei Lin 0001
672,51/3710-3,Yang Liu 0003,2013,83/3179,Wentong Cai 0001
673,51/3710-3,Yang Liu 0003,2013,55/4730-1,Shang-Wei Lin 0001
674,51/3710-3,Yang Liu 0003,2012,81/8329,Anh Tuan Luu
675,51/3710-3,Yang Liu 0003,2012,55/4730-1,Shang-Wei Lin 0001
676,51/3710-3,Yang Liu 0003,2012,59/871-8,Yi Li 0008
677,51/3710-3,Yang Liu 0003,2012,55/4730-1,Shang-Wei Lin 0001
678,51/3710-3,Yang Liu 0003,2012,59/871-8,Yi Li 0008
679,51/3710-3,Yang Liu 0003,2011,55/4730-1,Shang-Wei Lin 0001
680,s/SeahHockSoon,Seah Hock Soon,2022,75/2611-2,Feng Lin 0002
681,s/SeahHockSoon,Seah Hock Soon,2021,75/2611-2,Feng Lin 0002
682,s/SeahHockSoon,Seah Hock Soon,2021,75/2611-2,Feng Lin 0002
683,s/SeahHockSoon,Seah Hock Soon,2020,75/2611-2,Feng Lin 0002
684,s/SeahHockSoon,Seah Hock Soon,2019,09/5452,Jianmin Zheng
685,s/SeahHockSoon,Seah Hock Soon,2019,75/2611-2,Feng Lin 0002
686,s/SeahHockSoon,Seah Hock Soon,2019,75/2611-2,Feng Lin 0002
687,s/SeahHockSoon,Seah Hock Soon,2019,84/2408,Owen Noel Newton Fernando
688,s/SeahHockSoon,Seah Hock Soon,2019,99/4535,Anupam Chattopadhyay
689,s/SeahHockSoon,Seah Hock Soon,2019,84/2408,Owen Noel Newton Fernando
690,s/SeahHockSoon,Seah Hock Soon,2019,99/4535,Anupam Chattopadhyay
691,s/SeahHockSoon,Seah Hock Soon,2019,75/2611-2,Feng Lin 0002
692,s/SeahHockSoon,Seah Hock Soon,2018,75/2611-2,Feng Lin 0002
693,s/SeahHockSoon,Seah Hock Soon,2018,09/5452,Jianmin Zheng
694,s/SeahHockSoon,Seah Hock Soon,2017,75/2611-2,Feng Lin 0002
695,s/SeahHockSoon,Seah Hock Soon,2017,78/6459,Kemao Qian
696,s/SeahHockSoon,Seah Hock Soon,2017,75/2611-2,Feng Lin 0002
697,s/SeahHockSoon,Seah Hock Soon,2016,75/2611-2,Feng Lin 0002
698,s/SeahHockSoon,Seah Hock Soon,2015,14/3737,Weisi Lin
699,s/SeahHockSoon,Seah Hock Soon,2015,14/3737,Weisi Lin
700,s/SeahHockSoon,Seah Hock Soon,2015,75/2611-2,Feng Lin 0002
701,s/SeahHockSoon,Seah Hock Soon,2015,75/2611-2,Feng Lin 0002
702,s/SeahHockSoon,Seah Hock Soon,2015,75/2611-2,Feng Lin 0002
703,s/SeahHockSoon,Seah Hock Soon,2015,78/6459,Kemao Qian
704,s/SeahHockSoon,Seah Hock Soon,2014,75/2611-2,Feng Lin 0002
705,s/SeahHockSoon,Seah Hock Soon,2014,78/6459,Kemao Qian
706,s/SeahHockSoon,Seah Hock Soon,2014,14/3737,Weisi Lin
707,s/SeahHockSoon,Seah Hock Soon,2014,75/2611-2,Feng Lin 0002
708,s/SeahHockSoon,Seah Hock Soon,2014,78/6459,Kemao Qian
709,s/SeahHockSoon,Seah Hock Soon,2014,75/2611-2,Feng Lin 0002
710,s/SeahHockSoon,Seah Hock Soon,2014,78/6459,Kemao Qian
711,s/SeahHockSoon,Seah Hock Soon,2014,14/3737,Weisi Lin
712,s/SeahHockSoon,Seah Hock Soon,2013,33/3180,Gao Cong
713,s/SeahHockSoon,Seah Hock Soon,2013,14/3737,Weisi Lin
714,s/SeahHockSoon,Seah Hock Soon,2013,14/3737,Weisi Lin
715,s/SeahHockSoon,Seah Hock Soon,2012,h/YingHe1,Ying He 0001
716,s/SeahHockSoon,Seah Hock Soon,2012,h/YingHe1,Ying He 0001
717,s/SeahHockSoon,Seah Hock Soon,2012,75/2611-2,Feng Lin 0002
718,s/SeahHockSoon,Seah Hock Soon,2012,78/6459,Kemao Qian
719,s/SeahHockSoon,Seah Hock Soon,2012,75/2611-2,Feng Lin 0002
720,s/SeahHockSoon,Seah Hock Soon,2012,14/3737,Weisi Lin
721,s/SeahHockSoon,Seah Hock Soon,2012,46/3391,Dacheng Tao
722,s/SeahHockSoon,Seah Hock Soon,2012,75/2611-2,Feng Lin 0002
723,s/SeahHockSoon,Seah Hock Soon,2012,78/6459,Kemao Qian
724,s/SeahHockSoon,Seah Hock Soon,2011,46/3391,Dacheng Tao
725,s/SeahHockSoon,Seah Hock Soon,2011,46/3391,Dacheng Tao
726,s/SeahHockSoon,Seah Hock Soon,2011,14/3737,Weisi Lin
727,s/SeahHockSoon,Seah Hock Soon,2011,h/YingHe1,Ying He 0001
728,s/SeahHockSoon,Seah Hock Soon,2011,h/YingHe1,Ying He 0001
729,s/SeahHockSoon,Seah Hock Soon,2010,75/2611-2,Feng Lin 0002
730,s/SeahHockSoon,Seah Hock Soon,2010,h/YingHe1,Ying He 0001
731,s/SeahHockSoon,Seah Hock Soon,2010,09/5452,Jianmin Zheng
732,s/SeahHockSoon,Seah Hock Soon,2010,83/3179,Wentong Cai 0001
733,s/SeahHockSoon,Seah Hock Soon,2009,h/YingHe1,Ying He 0001
734,s/SeahHockSoon,Seah Hock Soon,2009,75/2611-2,Feng Lin 0002
735,s/SeahHockSoon,Seah Hock Soon,2009,78/6459,Kemao Qian
736,s/SeahHockSoon,Seah Hock Soon,2009,75/2611-2,Feng Lin 0002
737,s/SeahHockSoon,Seah Hock Soon,2009,75/2611-2,Feng Lin 0002
738,s/SeahHockSoon,Seah Hock Soon,2009,78/6459,Kemao Qian
739,s/SeahHockSoon,Seah Hock Soon,2009,75/2611-2,Feng Lin 0002
740,s/SeahHockSoon,Seah Hock Soon,2009,78/6459,Kemao Qian
741,s/SeahHockSoon,Seah Hock Soon,2009,75/2611-2,Feng Lin 0002
742,s/SeahHockSoon,Seah Hock Soon,2009,75/2611-2,Feng Lin 0002
743,s/SeahHockSoon,Seah Hock Soon,2009,78/6459,Kemao Qian
744,s/SeahHockSoon,Seah Hock Soon,2009,75/2611-2,Feng Lin 0002
745,s/SeahHockSoon,Seah Hock Soon,2009,75/2611-2,Feng Lin 0002
746,s/SeahHockSoon,Seah Hock Soon,2009,78/6459,Kemao Qian
747,s/SeahHockSoon,Seah Hock Soon,2008,h/YingHe1,Ying He 0001
748,s/SeahHockSoon,Seah Hock Soon,2007,h/YingHe1,Ying He 0001
749,s/SeahHockSoon,Seah Hock Soon,2006,75/2611-2,Feng Lin 0002
750,s/SeahHockSoon,Seah Hock Soon,2006,78/6459,Kemao Qian
751,s/SeahHockSoon,Seah Hock Soon,2005,09/5452,Jianmin Zheng
752,s/SeahHockSoon,Seah Hock Soon,2005,09/5452,Jianmin Zheng
753,s/SeahHockSoon,Seah Hock Soon,2004,15/3108,Alexei Sourin
754,s/SeahHockSoon,Seah Hock Soon,2004,75/2611-2,Feng Lin 0002
755,s/SeahHockSoon,Seah Hock Soon,2003,75/2611-2,Feng Lin 0002
756,s/SeahHockSoon,Seah Hock Soon,2003,75/2611-2,Feng Lin 0002
757,s/SeahHockSoon,Seah Hock Soon,2001,75/2611-2,Feng Lin 0002
758,s/SeahHockSoon,Seah Hock Soon,1998,75/2611-2,Feng Lin 0002
759,s/SeahHockSoon,Seah Hock Soon,1997,75/2611-2,Feng Lin 0002
760,s/SeahHockSoon,Seah Hock Soon,1996,75/2611-2,Feng Lin 0002
761,s/SeahHockSoon,Seah Hock Soon,1995,23/1694,Thambipillai Srikanthan
762,o/CHLukeOng,C.-H. Luke Ong,2025,10/1993,Kwok-Yan Lam
763,90/9499,Zhiwei Liu,2020,73/1708,Arvind Easwaran
764,90/9499,Zhiwei Liu,2020,73/1708,Arvind Easwaran
765,79/8116,Hanwang Zhang,2025,70/1211-1,Boyang Li 0001
766,79/8116,Hanwang Zhang,2024,64/4136,Yew-Soon Ong
767,79/8116,Hanwang Zhang,2024,64/4136,Yew-Soon Ong
768,79/8116,Hanwang Zhang,2024,64/4136,Yew-Soon Ong
769,79/8116,Hanwang Zhang,2023,83/6096,Jianfei Cai 0001
770,79/8116,Hanwang Zhang,2023,83/6096,Jianfei Cai 0001
771,79/8116,Hanwang Zhang,2023,70/1211-1,Boyang Li 0001
772,79/8116,Hanwang Zhang,2022,83/6096,Jianfei Cai 0001
773,79/8116,Hanwang Zhang,2022,m/ChunyanMiao,Chunyan Miao
774,79/8116,Hanwang Zhang,2022,81/8329,Anh Tuan Luu
775,79/8116,Hanwang Zhang,2022,81/8329,Anh Tuan Luu
776,79/8116,Hanwang Zhang,2022,m/ChunyanMiao,Chunyan Miao
777,79/8116,Hanwang Zhang,2022,83/6096,Jianfei Cai 0001
778,79/8116,Hanwang Zhang,2022,70/1211-1,Boyang Li 0001
779,79/8116,Hanwang Zhang,2021,33/885,Yonggang Wen 0001
780,79/8116,Hanwang Zhang,2021,m/ChunyanMiao,Chunyan Miao
781,79/8116,Hanwang Zhang,2021,83/6096,Jianfei Cai 0001
782,79/8116,Hanwang Zhang,2021,83/6096,Jianfei Cai 0001
783,79/8116,Hanwang Zhang,2021,81/8329,Anh Tuan Luu
784,79/8116,Hanwang Zhang,2021,m/ChunyanMiao,Chunyan Miao
785,79/8116,Hanwang Zhang,2021,83/6096,Jianfei Cai 0001
786,79/8116,Hanwang Zhang,2021,33/885,Yonggang Wen 0001
787,79/8116,Hanwang Zhang,2021,83/6096,Jianfei Cai 0001
788,79/8116,Hanwang Zhang,2021,81/8329,Luu Anh Tuan
789,79/8116,Hanwang Zhang,2020,m/ChunyanMiao,Chunyan Miao
790,79/8116,Hanwang Zhang,2020,24/914,Weichen Liu
791,79/8116,Hanwang Zhang,2020,83/6096,Jianfei Cai 0001
792,79/8116,Hanwang Zhang,2020,83/6096,Jianfei Cai 0001
793,79/8116,Hanwang Zhang,2020,m/ChunyanMiao,Chunyan Miao
794,79/8116,Hanwang Zhang,2019,83/6096,Jianfei Cai 0001
795,79/8116,Hanwang Zhang,2019,83/6096,Jianfei Cai 0001
796,79/8116,Hanwang Zhang,2019,46/3391,Dacheng Tao
797,79/8116,Hanwang Zhang,2019,m/ChunyanMiao,Chunyan Miao
798,79/8116,Hanwang Zhang,2019,83/6096,Jianfei Cai 0001
799,79/8116,Hanwang Zhang,2018,83/6096,Jianfei Cai 0001
800,79/8116,Hanwang Zhang,2018,83/6096,Jianfei Cai 0001
801,79/8116,Hanwang Zhang,2018,83/6096,Jianfei Cai 0001
802,04/3030,Chee-Wei Tan 0001,2025,10/1993,Kwok-Yan Lam
803,04/3030,Chee-Wei Tan 0001,2025,10/1993,Kwok-Yan Lam
804,04/3030,Chee-Wei Tan 0001,2024,10/1993,Kwok-Yan Lam
805,04/3030,Chee-Wei Tan 0001,2024,62/2078,Shafiq Joty
806,04/3030,Chee-Wei Tan 0001,2024,10/1993,Kwok-Yan Lam
807,04/3030,Chee-Wei Tan 0001,2024,10/1993,Kwok-Yan Lam
808,04/3030,Chee-Wei Tan 0001,2024,62/2078,Shafiq Joty
809,04/3030,Chee-Wei Tan 0001,2024,10/1993,Kwok-Yan Lam
810,04/3030,Chee-Wei Tan 0001,2024,10/1993,Kwok-Yan Lam
811,h/YingHe1,Ying He 0001,2024,00/5179,Rui Tan
812,h/YingHe1,Ying He 0001,2024,42/2501-1,Jun Luo 0001
813,h/YingHe1,Ying He 0001,2024,42/2501-1,Jun Luo 0001
814,h/YingHe1,Ying He 0001,2023,42/2501-1,Jun Luo 0001
815,h/YingHe1,Ying He 0001,2022,09/5452,Jianmin Zheng
816,h/YingHe1,Ying He 0001,2022,42/2501-1,Jun Luo 0001
817,h/YingHe1,Ying He 0001,2019,09/5452,Jianmin Zheng
818,h/YingHe1,Ying He 0001,2019,42/2501-1,Jun Luo 0001
819,h/YingHe1,Ying He 0001,2019,42/2501-1,Jun Luo 0001
820,h/YingHe1,Ying He 0001,2018,42/2501-1,Jun Luo 0001
821,h/YingHe1,Ying He 0001,2017,42/2501-1,Jun Luo 0001
822,h/YingHe1,Ying He 0001,2016,m/ChunyanMiao,Chunyan Miao
823,h/YingHe1,Ying He 0001,2016,42/2501-1,Jun Luo 0001
824,h/YingHe1,Ying He 0001,2016,42/2501-1,Jun Luo 0001
825,h/YingHe1,Ying He 0001,2015,42/2501-1,Jun Luo 0001
826,h/YingHe1,Ying He 0001,2015,42/2501-1,Jun Luo 0001
827,h/YingHe1,Ying He 0001,2014,42/2501-1,Jun Luo 0001
828,h/YingHe1,Ying He 0001,2014,42/2501-1,Jun Luo 0001
829,h/YingHe1,Ying He 0001,2013,32/228,Chee Keong Kwoh 0001
830,h/YingHe1,Ying He 0001,2013,42/2501-1,Jun Luo 0001
831,h/YingHe1,Ying He 0001,2013,42/2501-1,Jun Luo 0001
832,h/YingHe1,Ying He 0001,2013,m/ChunyanMiao,Chunyan Miao
833,h/YingHe1,Ying He 0001,2013,m/ChunyanMiao,Chunyan Miao
834,h/YingHe1,Ying He 0001,2012,s/SeahHockSoon,Hock Soon Seah
835,h/YingHe1,Ying He 0001,2012,s/SeahHockSoon,Seah Hock Soon
836,h/YingHe1,Ying He 0001,2012,42/2501-1,Jun Luo 0001
837,h/YingHe1,Ying He 0001,2012,42/2501-1,Jun Luo 0001
838,h/YingHe1,Ying He 0001,2011,42/2501-1,Jun Luo 0001
839,h/YingHe1,Ying He 0001,2011,42/2501-1,Jun Luo 0001
840,h/YingHe1,Ying He 0001,2011,42/2501-1,Jun Luo 0001
841,h/YingHe1,Ying He 0001,2011,s/SeahHockSoon,Hock Soon Seah
842,h/YingHe1,Ying He 0001,2011,s/SeahHockSoon,Hock Soon Seah
843,h/YingHe1,Ying He 0001,2011,42/2501-1,Jun Luo 0001
844,h/YingHe1,Ying He 0001,2010,s/SeahHockSoon,Hock Soon Seah
845,h/YingHe1,Ying He 0001,2009,s/SeahHockSoon,Hock Soon Seah
846,h/YingHe1,Ying He 0001,2008,s/SeahHockSoon,Hock Soon Seah
847,h/YingHe1,Ying He 0001,2007,s/SeahHockSoon,Hock Soon Seah
848,b/SSBhowmick,Sourav S. Bhowmick,2023,62/2078,Shafiq Rayhan Joty
849,b/SSBhowmick,Sourav S. Bhowmick,2022,62/2078,Shafiq R. Joty
850,b/SSBhowmick,Sourav S. Bhowmick,2021,62/2078,Shafiq R. Joty
851,b/SSBhowmick,Sourav S. Bhowmick,2021,62/2078,Shafiq R. Joty
852,b/SSBhowmick,Sourav S. Bhowmick,2020,33/3180,Gao Cong
853,b/SSBhowmick,Sourav S. Bhowmick,2019,47/2026-7,Jun Zhao 0007
854,b/SSBhowmick,Sourav S. Bhowmick,2019,62/2078,Shafiq R. Joty
855,b/SSBhowmick,Sourav S. Bhowmick,2019,47/2026-7,Jun Zhao 0007
856,b/SSBhowmick,Sourav S. Bhowmick,2018,33/3180,Gao Cong
857,b/SSBhowmick,Sourav S. Bhowmick,2018,33/3180,Gao Cong
858,b/SSBhowmick,Sourav S. Bhowmick,2018,78/5155,Aixin Sun
859,b/SSBhowmick,Sourav S. Bhowmick,2017,67/2933,Arijit Khan 0001
860,b/SSBhowmick,Sourav S. Bhowmick,2017,33/3180,Gao Cong
861,b/SSBhowmick,Sourav S. Bhowmick,2017,33/3180,Gao Cong
862,b/SSBhowmick,Sourav S. Bhowmick,2016,33/3180,Gao Cong
863,b/SSBhowmick,Sourav S. Bhowmick,2016,m/ChunyanMiao,Chunyan Miao
864,b/SSBhowmick,Sourav S. Bhowmick,2015,78/5155,Aixin Sun
865,b/SSBhowmick,Sourav S. Bhowmick,2015,78/5155,Aixin Sun
866,b/SSBhowmick,Sourav S. Bhowmick,2014,78/5155,Aixin Sun
867,b/SSBhowmick,Sourav S. Bhowmick,2014,78/5155,Aixin Sun
868,b/SSBhowmick,Sourav S. Bhowmick,2014,33/3180,Gao Cong
869,b/SSBhowmick,Sourav S. Bhowmick,2014,78/5155,Aixin Sun
870,b/SSBhowmick,Sourav S. Bhowmick,2014,78/5155,Aixin Sun
871,b/SSBhowmick,Sourav S. Bhowmick,2013,78/5155,Aixin Sun
872,b/SSBhowmick,Sourav S. Bhowmick,2013,78/5155,Aixin Sun
873,b/SSBhowmick,Sourav S. Bhowmick,2013,78/5155,Aixin Sun
874,b/SSBhowmick,Sourav S. Bhowmick,2012,78/5155,Aixin Sun
875,b/SSBhowmick,Sourav S. Bhowmick,2012,78/5155,Aixin Sun
876,b/SSBhowmick,Sourav S. Bhowmick,2011,78/5155,Aixin Sun
877,b/SSBhowmick,Sourav S. Bhowmick,2011,78/5155,Aixin Sun
878,b/SSBhowmick,Sourav S. Bhowmick,2011,78/5155,Aixin Sun
879,b/SSBhowmick,Sourav S. Bhowmick,2011,78/5155,Aixin Sun
880,b/SSBhowmick,Sourav S. Bhowmick,2011,78/5155,Aixin Sun
881,b/SSBhowmick,Sourav S. Bhowmick,2010,78/5155,Aixin Sun
882,b/SSBhowmick,Sourav S. Bhowmick,2010,78/5155,Aixin Sun
883,b/SSBhowmick,Sourav S. Bhowmick,2010,78/5155,Aixin Sun
884,b/SSBhowmick,Sourav S. Bhowmick,2009,78/5155,Aixin Sun
885,b/SSBhowmick,Sourav S. Bhowmick,2009,78/5155,Aixin Sun
886,b/SSBhowmick,Sourav S. Bhowmick,2007,05/2952,Liang-Tien Chia
887,b/SSBhowmick,Sourav S. Bhowmick,2006,05/2952,Liang-Tien Chia
888,b/SSBhowmick,Sourav S. Bhowmick,2006,78/5155,Aixin Sun
889,b/SSBhowmick,Sourav S. Bhowmick,2005,05/2952,Liang-Tien Chia
890,b/SSBhowmick,Sourav S. Bhowmick,2005,05/2952,Liang-Tien Chia
891,b/SSBhowmick,Sourav S. Bhowmick,2004,05/2952,Liang-Tien Chia
892,b/SSBhowmick,Sourav S. Bhowmick,2004,05/2952,Liang-Tien Chia
893,b/SSBhowmick,Sourav S. Bhowmick,2004,05/2952,Liang-Tien Chia
894,b/SSBhowmick,Sourav S. Bhowmick,2004,05/2952,Liang-Tien Chia
895,b/SSBhowmick,Sourav S. Bhowmick,2003,n/WeeKeongNg,Wee Keong Ng
896,b/SSBhowmick,Sourav S. Bhowmick,2003,n/WeeKeongNg,Wee Keong Ng
897,b/SSBhowmick,Sourav S. Bhowmick,2003,n/WeeKeongNg,Wee Keong Ng
898,b/SSBhowmick,Sourav S. Bhowmick,2003,n/WeeKeongNg,Wee Keong Ng
899,b/SSBhowmick,Sourav S. Bhowmick,2003,n/WeeKeongNg,Wee Keong Ng
900,b/SSBhowmick,Sourav S. Bhowmick,2002,n/WeeKeongNg,Wee Keong Ng
901,b/SSBhowmick,Sourav S. Bhowmick,2002,n/WeeKeongNg,Wee Keong Ng
902,b/SSBhowmick,Sourav S. Bhowmick,2002,n/WeeKeongNg,Wee Keong Ng
903,b/SSBhowmick,Sourav S. Bhowmick,2002,n/WeeKeongNg,Wee Keong Ng
904,b/SSBhowmick,Sourav S. Bhowmick,2002,n/WeeKeongNg,Wee Keong Ng
905,b/SSBhowmick,Sourav S. Bhowmick,2002,n/WeeKeongNg,Wee Keong Ng
906,b/SSBhowmick,Sourav S. Bhowmick,2002,n/WeeKeongNg,Wee Keong Ng
907,b/SSBhowmick,Sourav S. Bhowmick,2001,n/WeeKeongNg,Wee Keong Ng
908,b/SSBhowmick,Sourav S. Bhowmick,2001,n/WeeKeongNg,Wee Keong Ng
909,b/SSBhowmick,Sourav S. Bhowmick,2001,n/WeeKeongNg,Wee Keong Ng
910,b/SSBhowmick,Sourav S. Bhowmick,2000,n/WeeKeongNg,Wee Keong Ng
911,b/SSBhowmick,Sourav S. Bhowmick,2000,n/WeeKeongNg,Wee Keong Ng
912,b/SSBhowmick,Sourav S. Bhowmick,2000,n/WeeKeongNg,Wee Keong Ng
913,b/SSBhowmick,Sourav S. Bhowmick,2000,n/WeeKeongNg,Wee Keong Ng
914,b/SSBhowmick,Sourav S. Bhowmick,2000,n/WeeKeongNg,Wee Keong Ng
915,b/SSBhowmick,Sourav S. Bhowmick,1999,n/WeeKeongNg,Wee Keong Ng
916,b/SSBhowmick,Sourav S. Bhowmick,1999,n/WeeKeongNg,Wee Keong Ng
917,b/SSBhowmick,Sourav S. Bhowmick,1999,n/WeeKeongNg,Wee Keong Ng
918,b/SSBhowmick,Sourav S. Bhowmick,1999,n/WeeKeongNg,Wee Keong Ng
919,b/SSBhowmick,Sourav S. Bhowmick,1998,n/WeeKeongNg,Wee Keong Ng
920,b/SSBhowmick,Sourav S. Bhowmick,1998,n/WeeKeongNg,Wee Keong Ng
921,b/SSBhowmick,Sourav S. Bhowmick,1998,n/WeeKeongNg,Wee Keong Ng
922,b/SSBhowmick,Sourav S. Bhowmick,1998,n/WeeKeongNg,Wee Keong Ng
923,b/SSBhowmick,Sourav S. Bhowmick,1998,n/WeeKeongNg,Wee Keong Ng
924,b/SSBhowmick,Sourav S. Bhowmick,1998,n/WeeKeongNg,Wee Keong Ng
925,75/2611-2,Feng Lin 0002,2022,s/SeahHockSoon,Hock Soon Seah
926,75/2611-2,Feng Lin 0002,2021,s/SeahHockSoon,Hock Soon Seah
927,75/2611-2,Feng Lin 0002,2021,s/SeahHockSoon,Hock Soon Seah
928,75/2611-2,Feng Lin 0002,2020,s/SeahHockSoon,Seah Hock Soon
929,75/2611-2,Feng Lin 0002,2019,s/SeahHockSoon,Hock Soon Seah
930,75/2611-2,Feng Lin 0002,2019,s/SeahHockSoon,Hock Soon Seah
931,75/2611-2,Feng Lin 0002,2019,s/SeahHockSoon,Hock Soon Seah
932,75/2611-2,Feng Lin 0002,2018,s/SeahHockSoon,Hock Soon Seah
933,75/2611-2,Feng Lin 0002,2017,78/6459,Kemao Qian
934,75/2611-2,Feng Lin 0002,2017,s/SeahHockSoon,Hock Soon Seah
935,75/2611-2,Feng Lin 0002,2017,s/SeahHockSoon,Hock Soon Seah
936,75/2611-2,Feng Lin 0002,2016,s/SeahHockSoon,Hock Soon Seah
937,75/2611-2,Feng Lin 0002,2015,s/SeahHockSoon,Hock Soon Seah
938,75/2611-2,Feng Lin 0002,2015,s/SeahHockSoon,Hock Soon Seah
939,75/2611-2,Feng Lin 0002,2015,78/6459,Kemao Qian
940,75/2611-2,Feng Lin 0002,2015,s/SeahHockSoon,Seah Hock Soon
941,75/2611-2,Feng Lin 0002,2014,78/6459,Kemao Qian
942,75/2611-2,Feng Lin 0002,2014,s/SeahHockSoon,Hock Soon Seah
943,75/2611-2,Feng Lin 0002,2014,78/6459,Kemao Qian
944,75/2611-2,Feng Lin 0002,2014,s/SeahHockSoon,Hock Soon Seah
945,75/2611-2,Feng Lin 0002,2014,78/6459,Kemao Qian
946,75/2611-2,Feng Lin 0002,2014,s/SeahHockSoon,Hock Soon Seah
947,75/2611-2,Feng Lin 0002,2012,78/6459,Kemao Qian
948,75/2611-2,Feng Lin 0002,2012,s/SeahHockSoon,Hock Soon Seah
949,75/2611-2,Feng Lin 0002,2012,s/SeahHockSoon,Hock Soon Seah
950,75/2611-2,Feng Lin 0002,2012,78/6459,Kemao Qian
951,75/2611-2,Feng Lin 0002,2012,s/SeahHockSoon,Hock Soon Seah
952,75/2611-2,Feng Lin 0002,2010,s/SeahHockSoon,Hock Soon Seah
953,75/2611-2,Feng Lin 0002,2009,s/SeahHockSoon,Hock Soon Seah
954,75/2611-2,Feng Lin 0002,2009,78/6459,Kemao Qian
955,75/2611-2,Feng Lin 0002,2009,s/SeahHockSoon,Hock Soon Seah
956,75/2611-2,Feng Lin 0002,2009,78/6459,Kemao Qian
957,75/2611-2,Feng Lin 0002,2009,s/SeahHockSoon,Hock Soon Seah
958,75/2611-2,Feng Lin 0002,2009,78/6459,Kemao Qian
959,75/2611-2,Feng Lin 0002,2009,s/SeahHockSoon,Hock Soon Seah
960,75/2611-2,Feng Lin 0002,2009,s/SeahHockSoon,Hock Soon Seah
961,75/2611-2,Feng Lin 0002,2009,78/6459,Kemao Qian
962,75/2611-2,Feng Lin 0002,2009,s/SeahHockSoon,Hock Soon Seah
963,75/2611-2,Feng Lin 0002,2009,s/SeahHockSoon,Hock Soon Seah
964,75/2611-2,Feng Lin 0002,2009,78/6459,Kemao Qian
965,75/2611-2,Feng Lin 0002,2009,s/SeahHockSoon,Hock Soon Seah
966,75/2611-2,Feng Lin 0002,2006,s/SeahHockSoon,Hock Soon Seah
967,75/2611-2,Feng Lin 0002,2004,s/SeahHockSoon,Seah Hock Soon
968,75/2611-2,Feng Lin 0002,2003,s/SeahHockSoon,Seah Hock Soon
969,75/2611-2,Feng Lin 0002,2003,s/SeahHockSoon,Seah Hock Soon
970,75/2611-2,Feng Lin 0002,2001,s/SeahHockSoon,Seah Hock Soon
971,75/2611-2,Feng Lin 0002,1998,s/SeahHockSoon,Seah Hock Soon
972,75/2611-2,Feng Lin 0002,1997,s/SeahHockSoon,Seah Hock Soon
973,75/2611-2,Feng Lin 0002,1996,s/SeahHockSoon,Seah Hock Soon
974,m/ChunyanMiao,Chunyan Miao,2024,249/5315,Wei Yang Bryan Lim
975,m/ChunyanMiao,Chunyan Miao,2024,76/440,Dusit Niyato
976,m/ChunyanMiao,Chunyan Miao,2024,249/5315,Wei Yang Bryan Lim
977,m/ChunyanMiao,Chunyan Miao,2024,76/440,Dusit Niyato
978,m/ChunyanMiao,Chunyan Miao,2024,42/2718,Shijian Lu
979,m/ChunyanMiao,Chunyan Miao,2024,76/440,Dusit Niyato
980,m/ChunyanMiao,Chunyan Miao,2024,76/440,Dusit Niyato
981,m/ChunyanMiao,Chunyan Miao,2024,76/440,Dusit Niyato
982,m/ChunyanMiao,Chunyan Miao,2024,42/2718,Shijian Lu
983,m/ChunyanMiao,Chunyan Miao,2024,249/5315,Wei Yang Bryan Lim
984,m/ChunyanMiao,Chunyan Miao,2024,76/440,Dusit Niyato
985,m/ChunyanMiao,Chunyan Miao,2024,42/2718,Shijian Lu
986,m/ChunyanMiao,Chunyan Miao,2024,70/1211-1,Boyang Li 0001
987,m/ChunyanMiao,Chunyan Miao,2024,42/2718,Shijian Lu
988,m/ChunyanMiao,Chunyan Miao,2023,38/3641,Ah-Hwee Tan
989,m/ChunyanMiao,Chunyan Miao,2023,249/5315,Wei Yang Bryan Lim
990,m/ChunyanMiao,Chunyan Miao,2023,76/440,Dusit Niyato
991,m/ChunyanMiao,Chunyan Miao,2023,249/5315,Wei Yang Bryan Lim
992,m/ChunyanMiao,Chunyan Miao,2023,76/440,Dusit Niyato
993,m/ChunyanMiao,Chunyan Miao,2023,76/440,Dusit Niyato
994,m/ChunyanMiao,Chunyan Miao,2023,249/5315,Wei Yang Bryan Lim
995,m/ChunyanMiao,Chunyan Miao,2023,76/440,Dusit Niyato
996,m/ChunyanMiao,Chunyan Miao,2023,249/5315,Wei Yang Bryan Lim
997,m/ChunyanMiao,Chunyan Miao,2023,76/440,Dusit Niyato
998,m/ChunyanMiao,Chunyan Miao,2023,126/4778,Guosheng Lin
999,m/ChunyanMiao,Chunyan Miao,2023,58/10813-1,Cheng Long 0001
1000,m/ChunyanMiao,Chunyan Miao,2023,78/5155,Aixin Sun
1001,m/ChunyanMiao,Chunyan Miao,2023,84/6889-2,Jie Zhang 0002
1002,m/ChunyanMiao,Chunyan Miao,2023,76/440,Dusit Niyato
1003,m/ChunyanMiao,Chunyan Miao,2023,249/5315,Wei Yang Bryan Lim
1004,m/ChunyanMiao,Chunyan Miao,2023,76/440,Dusit Niyato
1005,m/ChunyanMiao,Chunyan Miao,2023,249/5315,Wei Yang Bryan Lim
1006,m/ChunyanMiao,Chunyan Miao,2023,76/440,Dusit Niyato
1007,m/ChunyanMiao,Chunyan Miao,2023,76/440,Dusit Niyato
1008,m/ChunyanMiao,Chunyan Miao,2023,80/7421,Erik Cambria
1009,m/ChunyanMiao,Chunyan Miao,2023,81/8329,Anh Tuan Luu
1010,m/ChunyanMiao,Chunyan Miao,2023,76/440,Dusit Niyato
1011,m/ChunyanMiao,Chunyan Miao,2023,249/5315,Wei Yang Bryan Lim
1012,m/ChunyanMiao,Chunyan Miao,2023,76/440,Dusit Niyato
1013,m/ChunyanMiao,Chunyan Miao,2023,70/1211-1,Boyang Li 0001
1014,m/ChunyanMiao,Chunyan Miao,2023,76/440,Dusit Niyato
1015,m/ChunyanMiao,Chunyan Miao,2023,126/4778,Guosheng Lin
1016,m/ChunyanMiao,Chunyan Miao,2023,03/1554-1,Zhiqi Shen 0001
1017,m/ChunyanMiao,Chunyan Miao,2023,80/7421,Erik Cambria
1018,m/ChunyanMiao,Chunyan Miao,2023,81/8329,Luu Anh Tuan
1019,m/ChunyanMiao,Chunyan Miao,2023,42/2718,Shijian Lu
1020,m/ChunyanMiao,Chunyan Miao,2022,76/440,Dusit Niyato
1021,m/ChunyanMiao,Chunyan Miao,2022,126/4778,Guosheng Lin
1022,m/ChunyanMiao,Chunyan Miao,2022,33/3180,Gao Cong
1023,m/ChunyanMiao,Chunyan Miao,2022,33/3180,Gao Cong
1024,m/ChunyanMiao,Chunyan Miao,2022,58/10813-1,Cheng Long 0001
1025,m/ChunyanMiao,Chunyan Miao,2022,249/5315,Wei Yang Bryan Lim
1026,m/ChunyanMiao,Chunyan Miao,2022,76/440,Dusit Niyato
1027,m/ChunyanMiao,Chunyan Miao,2022,126/4778,Guosheng Lin
1028,m/ChunyanMiao,Chunyan Miao,2022,35/1096-1,Han Yu 0001
1029,m/ChunyanMiao,Chunyan Miao,2022,70/1211-1,Boyang Li 0001
1030,m/ChunyanMiao,Chunyan Miao,2022,249/5315,Wei Yang Bryan Lim
1031,m/ChunyanMiao,Chunyan Miao,2022,76/440,Dusit Niyato
1032,m/ChunyanMiao,Chunyan Miao,2022,249/5315,Wei Yang Bryan Lim
1033,m/ChunyanMiao,Chunyan Miao,2022,76/440,Dusit Niyato
1034,m/ChunyanMiao,Chunyan Miao,2022,249/5315,Wei Yang Bryan Lim
1035,m/ChunyanMiao,Chunyan Miao,2022,76/440,Dusit Niyato
1036,m/ChunyanMiao,Chunyan Miao,2022,76/440,Dusit Niyato
1037,m/ChunyanMiao,Chunyan Miao,2022,84/6889-2,Jie Zhang 0002
1038,m/ChunyanMiao,Chunyan Miao,2022,76/440,Dusit Niyato
1039,m/ChunyanMiao,Chunyan Miao,2022,35/1096-1,Han Yu 0001
1040,m/ChunyanMiao,Chunyan Miao,2022,249/5315,Wei Yang Bryan Lim
1041,m/ChunyanMiao,Chunyan Miao,2022,35/1096-1,Han Yu 0001
1042,m/ChunyanMiao,Chunyan Miao,2022,76/440,Dusit Niyato
1043,m/ChunyanMiao,Chunyan Miao,2022,249/5315,Wei Yang Bryan Lim
1044,m/ChunyanMiao,Chunyan Miao,2022,35/1096-1,Han Yu 0001
1045,m/ChunyanMiao,Chunyan Miao,2022,76/440,Dusit Niyato
1046,m/ChunyanMiao,Chunyan Miao,2022,62/2078,Shafiq R. Joty
1047,m/ChunyanMiao,Chunyan Miao,2022,80/7421,Erik Cambria
1048,m/ChunyanMiao,Chunyan Miao,2022,70/1211-1,Boyang Li 0001
1049,m/ChunyanMiao,Chunyan Miao,2022,58/10813-1,Cheng Long 0001
1050,m/ChunyanMiao,Chunyan Miao,2022,42/2718,Shijian Lu
1051,m/ChunyanMiao,Chunyan Miao,2022,70/1211-1,Boyang Li 0001
1052,m/ChunyanMiao,Chunyan Miao,2022,80/7421,Erik Cambria
1053,m/ChunyanMiao,Chunyan Miao,2022,76/440,Dusit Niyato
1054,m/ChunyanMiao,Chunyan Miao,2022,76/440,Dusit Niyato
1055,m/ChunyanMiao,Chunyan Miao,2022,35/1096-1,Han Yu 0001
1056,m/ChunyanMiao,Chunyan Miao,2022,249/5315,Wei Yang Bryan Lim
1057,m/ChunyanMiao,Chunyan Miao,2022,76/440,Dusit Niyato
1058,m/ChunyanMiao,Chunyan Miao,2022,249/5315,Wei Yang Bryan Lim
1059,m/ChunyanMiao,Chunyan Miao,2022,76/440,Dusit Niyato
1060,m/ChunyanMiao,Chunyan Miao,2022,76/440,Dusit Niyato
1061,m/ChunyanMiao,Chunyan Miao,2022,249/5315,Wei Yang Bryan Lim
1062,m/ChunyanMiao,Chunyan Miao,2022,76/440,Dusit Niyato
1063,m/ChunyanMiao,Chunyan Miao,2022,249/5315,Wei Yang Bryan Lim
1064,m/ChunyanMiao,Chunyan Miao,2022,76/440,Dusit Niyato
1065,m/ChunyanMiao,Chunyan Miao,2022,76/440,Dusit Niyato
1066,m/ChunyanMiao,Chunyan Miao,2022,79/8116,Hanwang Zhang
1067,m/ChunyanMiao,Chunyan Miao,2022,42/2718,Shijian Lu
1068,m/ChunyanMiao,Chunyan Miao,2022,126/4778,Guosheng Lin
1069,m/ChunyanMiao,Chunyan Miao,2022,249/5315,Wei Yang Bryan Lim
1070,m/ChunyanMiao,Chunyan Miao,2022,76/440,Dusit Niyato
1071,m/ChunyanMiao,Chunyan Miao,2022,249/5315,Wei Yang Bryan Lim
1072,m/ChunyanMiao,Chunyan Miao,2022,76/440,Dusit Niyato
1073,m/ChunyanMiao,Chunyan Miao,2022,76/440,Dusit Niyato
1074,m/ChunyanMiao,Chunyan Miao,2022,249/5315,Wei Yang Bryan Lim
1075,m/ChunyanMiao,Chunyan Miao,2022,76/440,Dusit Niyato
1076,m/ChunyanMiao,Chunyan Miao,2022,76/440,Dusit Niyato
1077,m/ChunyanMiao,Chunyan Miao,2022,76/440,Dusit Niyato
1078,m/ChunyanMiao,Chunyan Miao,2022,70/1211-1,Boyang Li 0001
1079,m/ChunyanMiao,Chunyan Miao,2022,79/8116,Hanwang Zhang
1080,m/ChunyanMiao,Chunyan Miao,2022,249/5315,Wei Yang Bryan Lim
1081,m/ChunyanMiao,Chunyan Miao,2022,76/440,Dusit Niyato
1082,m/ChunyanMiao,Chunyan Miao,2022,42/2718,Shijian Lu
1083,m/ChunyanMiao,Chunyan Miao,2022,126/4778,Guosheng Lin
1084,m/ChunyanMiao,Chunyan Miao,2022,126/4778,Guosheng Lin
1085,m/ChunyanMiao,Chunyan Miao,2022,249/5315,Wei Yang Bryan Lim
1086,m/ChunyanMiao,Chunyan Miao,2022,76/440,Dusit Niyato
1087,m/ChunyanMiao,Chunyan Miao,2022,249/5315,Wei Yang Bryan Lim
1088,m/ChunyanMiao,Chunyan Miao,2022,76/440,Dusit Niyato
1089,m/ChunyanMiao,Chunyan Miao,2022,126/4778,Guosheng Lin
1090,m/ChunyanMiao,Chunyan Miao,2022,249/5315,Wei Yang Bryan Lim
1091,m/ChunyanMiao,Chunyan Miao,2022,76/440,Dusit Niyato
1092,m/ChunyanMiao,Chunyan Miao,2022,58/10813-1,Cheng Long 0001
1093,m/ChunyanMiao,Chunyan Miao,2022,80/7421,Erik Cambria
1094,m/ChunyanMiao,Chunyan Miao,2022,33/885,Yonggang Wen 0001
1095,m/ChunyanMiao,Chunyan Miao,2022,46/3391,Dacheng Tao
1096,m/ChunyanMiao,Chunyan Miao,2021,80/5412,Sinno Jialin Pan
1097,m/ChunyanMiao,Chunyan Miao,2021,35/1096-1,Han Yu 0001
1098,m/ChunyanMiao,Chunyan Miao,2021,35/1096-1,Han Yu 0001
1099,m/ChunyanMiao,Chunyan Miao,2021,70/1211-1,Boyang Li 0001
1100,m/ChunyanMiao,Chunyan Miao,2021,249/5315,Wei Yang Bryan Lim
1101,m/ChunyanMiao,Chunyan Miao,2021,76/440,Dusit Niyato
1102,m/ChunyanMiao,Chunyan Miao,2021,03/1554-1,Zhiqi Shen 0001
1103,m/ChunyanMiao,Chunyan Miao,2021,00/4516-3,Siyuan Liu 0003
1104,m/ChunyanMiao,Chunyan Miao,2021,249/5315,Wei Yang Bryan Lim
1105,m/ChunyanMiao,Chunyan Miao,2021,249/5315,Wei Yang Bryan Lim
1106,m/ChunyanMiao,Chunyan Miao,2021,76/440,Dusit Niyato
1107,m/ChunyanMiao,Chunyan Miao,2021,249/5315,Wei Yang Bryan Lim
1108,m/ChunyanMiao,Chunyan Miao,2021,76/440,Dusit Niyato
1109,m/ChunyanMiao,Chunyan Miao,2021,249/5315,Wei Yang Bryan Lim
1110,m/ChunyanMiao,Chunyan Miao,2021,76/440,Dusit Niyato
1111,m/ChunyanMiao,Chunyan Miao,2021,249/5315,Wei Yang Bryan Lim
1112,m/ChunyanMiao,Chunyan Miao,2021,76/440,Dusit Niyato
1113,m/ChunyanMiao,Chunyan Miao,2021,249/5315,Wei Yang Bryan Lim
1114,m/ChunyanMiao,Chunyan Miao,2021,76/440,Dusit Niyato
1115,m/ChunyanMiao,Chunyan Miao,2021,249/5315,Wei Yang Bryan Lim
1116,m/ChunyanMiao,Chunyan Miao,2021,76/440,Dusit Niyato
1117,m/ChunyanMiao,Chunyan Miao,2021,76/440,Dusit Niyato
1118,m/ChunyanMiao,Chunyan Miao,2021,70/1211-1,Boyang Li 0001
1119,m/ChunyanMiao,Chunyan Miao,2021,35/1096-1,Han Yu 0001
1120,m/ChunyanMiao,Chunyan Miao,2021,80/5412,Sinno Jialin Pan
1121,m/ChunyanMiao,Chunyan Miao,2021,35/1096-1,Han Yu 0001
1122,m/ChunyanMiao,Chunyan Miao,2021,249/5315,Wei Yang Bryan Lim
1123,m/ChunyanMiao,Chunyan Miao,2021,35/1096-1,Han Yu 0001
1124,m/ChunyanMiao,Chunyan Miao,2021,76/440,Dusit Niyato
1125,m/ChunyanMiao,Chunyan Miao,2021,70/1211-1,Boyang Li 0001
1126,m/ChunyanMiao,Chunyan Miao,2021,62/2078,Shafiq R. Joty
1127,m/ChunyanMiao,Chunyan Miao,2021,79/8116,Hanwang Zhang
1128,m/ChunyanMiao,Chunyan Miao,2021,35/1096-1,Han Yu 0001
1129,m/ChunyanMiao,Chunyan Miao,2021,70/1211-1,Boyang Li 0001
1130,m/ChunyanMiao,Chunyan Miao,2021,03/1554-1,Zhiqi Shen 0001
1131,m/ChunyanMiao,Chunyan Miao,2021,42/2718,Shijian Lu
1132,m/ChunyanMiao,Chunyan Miao,2021,249/5315,Wei Yang Bryan Lim
1133,m/ChunyanMiao,Chunyan Miao,2021,00/4516-3,Siyuan Liu 0003
1134,m/ChunyanMiao,Chunyan Miao,2021,42/2718,Shijian Lu
1135,m/ChunyanMiao,Chunyan Miao,2021,58/10813-1,Cheng Long 0001
1136,m/ChunyanMiao,Chunyan Miao,2021,35/1096-1,Han Yu 0001
1137,m/ChunyanMiao,Chunyan Miao,2021,03/1554-1,Zhiqi Shen 0001
1138,m/ChunyanMiao,Chunyan Miao,2021,249/5315,Wei Yang Bryan Lim
1139,m/ChunyanMiao,Chunyan Miao,2021,35/1096-1,Han Yu 0001
1140,m/ChunyanMiao,Chunyan Miao,2021,76/440,Dusit Niyato
1141,m/ChunyanMiao,Chunyan Miao,2021,70/1211-1,Boyang Li 0001
1142,m/ChunyanMiao,Chunyan Miao,2021,42/2718,Shijian Lu
1143,m/ChunyanMiao,Chunyan Miao,2021,126/4778,Guosheng Lin
1144,m/ChunyanMiao,Chunyan Miao,2021,78/5155,Aixin Sun
1145,m/ChunyanMiao,Chunyan Miao,2021,70/1211-1,Boyang Li 0001
1146,m/ChunyanMiao,Chunyan Miao,2021,35/1096-1,Han Yu 0001
1147,m/ChunyanMiao,Chunyan Miao,2021,03/1554-1,Zhiqi Shen 0001
1148,m/ChunyanMiao,Chunyan Miao,2021,249/5315,Wei Yang Bryan Lim
1149,m/ChunyanMiao,Chunyan Miao,2021,76/440,Dusit Niyato
1150,m/ChunyanMiao,Chunyan Miao,2021,70/1211-1,Boyang Li 0001
1151,m/ChunyanMiao,Chunyan Miao,2021,35/1096-1,Han Yu 0001
1152,m/ChunyanMiao,Chunyan Miao,2021,79/8116,Hanwang Zhang
1153,m/ChunyanMiao,Chunyan Miao,2021,35/1096-1,Han Yu 0001
1154,m/ChunyanMiao,Chunyan Miao,2021,70/1211-1,Boyang Li 0001
1155,m/ChunyanMiao,Chunyan Miao,2021,03/1554-1,Zhiqi Shen 0001
1156,m/ChunyanMiao,Chunyan Miao,2021,70/1211-1,Boyang Li 0001
1157,m/ChunyanMiao,Chunyan Miao,2021,35/1096-1,Han Yu 0001
1158,m/ChunyanMiao,Chunyan Miao,2021,42/2718,Shijian Lu
1159,m/ChunyanMiao,Chunyan Miao,2021,70/1211-1,Boyang Li 0001
1160,m/ChunyanMiao,Chunyan Miao,2021,42/2718,Shijian Lu
1161,m/ChunyanMiao,Chunyan Miao,2021,78/5155,Aixin Sun
1162,m/ChunyanMiao,Chunyan Miao,2021,84/6889-2,Jie Zhang 0002
1163,m/ChunyanMiao,Chunyan Miao,2021,42/2718,Shijian Lu
1164,m/ChunyanMiao,Chunyan Miao,2021,126/4778,Guosheng Lin
1165,m/ChunyanMiao,Chunyan Miao,2021,35/1096-1,Han Yu 0001
1166,m/ChunyanMiao,Chunyan Miao,2021,70/1211-1,Boyang Li 0001
1167,m/ChunyanMiao,Chunyan Miao,2021,03/1554-1,Zhiqi Shen 0001
1168,m/ChunyanMiao,Chunyan Miao,2021,126/4778,Guosheng Lin
1169,m/ChunyanMiao,Chunyan Miao,2021,80/7421,Erik Cambria
1170,m/ChunyanMiao,Chunyan Miao,2021,76/440,Dusit Niyato
1171,m/ChunyanMiao,Chunyan Miao,2021,126/4778,Guosheng Lin
1172,m/ChunyanMiao,Chunyan Miao,2021,249/5315,Wei Yang Bryan Lim
1173,m/ChunyanMiao,Chunyan Miao,2021,76/440,Dusit Niyato
1174,m/ChunyanMiao,Chunyan Miao,2021,62/2078,Shafiq R. Joty
1175,m/ChunyanMiao,Chunyan Miao,2021,249/5315,Wei Yang Bryan Lim
1176,m/ChunyanMiao,Chunyan Miao,2021,76/440,Dusit Niyato
1177,m/ChunyanMiao,Chunyan Miao,2021,76/440,Dusit Niyato
1178,m/ChunyanMiao,Chunyan Miao,2021,76/440,Dusit Niyato
1179,m/ChunyanMiao,Chunyan Miao,2021,76/440,Dusit Niyato
1180,m/ChunyanMiao,Chunyan Miao,2021,76/440,Dusit Niyato
1181,m/ChunyanMiao,Chunyan Miao,2020,35/1096-1,Han Yu 0001
1182,m/ChunyanMiao,Chunyan Miao,2020,249/5315,Wei Yang Bryan Lim
1183,m/ChunyanMiao,Chunyan Miao,2020,76/440,Dusit Niyato
1184,m/ChunyanMiao,Chunyan Miao,2020,38/3641,Ah-Hwee Tan
1185,m/ChunyanMiao,Chunyan Miao,2020,249/5315,Wei Yang Bryan Lim
1186,m/ChunyanMiao,Chunyan Miao,2020,76/440,Dusit Niyato
1187,m/ChunyanMiao,Chunyan Miao,2020,38/3641,Ah-Hwee Tan
1188,m/ChunyanMiao,Chunyan Miao,2020,35/1096-1,Han Yu 0001
1189,m/ChunyanMiao,Chunyan Miao,2020,35/1096-1,Han Yu 0001
1190,m/ChunyanMiao,Chunyan Miao,2020,35/1096-1,Han Yu 0001
1191,m/ChunyanMiao,Chunyan Miao,2020,03/1554-1,Zhiqi Shen 0001
1192,m/ChunyanMiao,Chunyan Miao,2020,03/1554-1,Zhiqi Shen 0001
1193,m/ChunyanMiao,Chunyan Miao,2020,76/440,Dusit Niyato
1194,m/ChunyanMiao,Chunyan Miao,2020,79/8116,Hanwang Zhang
1195,m/ChunyanMiao,Chunyan Miao,2020,126/4778,Guosheng Lin
1196,m/ChunyanMiao,Chunyan Miao,2020,62/2078,Shafiq R. Joty
1197,m/ChunyanMiao,Chunyan Miao,2020,249/5315,Wei Yang Bryan Lim
1198,m/ChunyanMiao,Chunyan Miao,2020,76/440,Dusit Niyato
1199,m/ChunyanMiao,Chunyan Miao,2020,249/5315,Wei Yang Bryan Lim
1200,m/ChunyanMiao,Chunyan Miao,2020,76/440,Dusit Niyato
1201,m/ChunyanMiao,Chunyan Miao,2020,35/1096-1,Han Yu 0001
1202,m/ChunyanMiao,Chunyan Miao,2020,03/1554-1,Zhiqi Shen 0001
1203,m/ChunyanMiao,Chunyan Miao,2020,35/1096-1,Han Yu 0001
1204,m/ChunyanMiao,Chunyan Miao,2020,03/1554-1,Zhiqi Shen 0001
1205,m/ChunyanMiao,Chunyan Miao,2020,03/1554-1,Zhiqi Shen 0001
1206,m/ChunyanMiao,Chunyan Miao,2020,126/4778,Guosheng Lin
1207,m/ChunyanMiao,Chunyan Miao,2020,249/5315,Wei Yang Bryan Lim
1208,m/ChunyanMiao,Chunyan Miao,2020,76/440,Dusit Niyato
1209,m/ChunyanMiao,Chunyan Miao,2020,249/5315,Wei Yang Bryan Lim
1210,m/ChunyanMiao,Chunyan Miao,2020,76/440,Dusit Niyato
1211,m/ChunyanMiao,Chunyan Miao,2020,249/5315,Wei Yang Bryan Lim
1212,m/ChunyanMiao,Chunyan Miao,2020,76/440,Dusit Niyato
1213,m/ChunyanMiao,Chunyan Miao,2020,249/5315,Wei Yang Bryan Lim
1214,m/ChunyanMiao,Chunyan Miao,2020,76/440,Dusit Niyato
1215,m/ChunyanMiao,Chunyan Miao,2020,79/8116,Hanwang Zhang
1216,m/ChunyanMiao,Chunyan Miao,2020,249/5315,Wei Yang Bryan Lim
1217,m/ChunyanMiao,Chunyan Miao,2020,76/440,Dusit Niyato
1218,m/ChunyanMiao,Chunyan Miao,2020,249/5315,Wei Yang Bryan Lim
1219,m/ChunyanMiao,Chunyan Miao,2020,76/440,Dusit Niyato
1220,m/ChunyanMiao,Chunyan Miao,2020,249/5315,Wei Yang Bryan Lim
1221,m/ChunyanMiao,Chunyan Miao,2020,76/440,Dusit Niyato
1222,m/ChunyanMiao,Chunyan Miao,2020,249/5315,Wei Yang Bryan Lim
1223,m/ChunyanMiao,Chunyan Miao,2020,126/4778,Guosheng Lin
1224,m/ChunyanMiao,Chunyan Miao,2020,76/440,Dusit Niyato
1225,m/ChunyanMiao,Chunyan Miao,2020,249/5315,Wei Yang Bryan Lim
1226,m/ChunyanMiao,Chunyan Miao,2020,76/440,Dusit Niyato
1227,m/ChunyanMiao,Chunyan Miao,2020,126/4778,Guosheng Lin
1228,m/ChunyanMiao,Chunyan Miao,2020,62/2078,Shafiq R. Joty
1229,m/ChunyanMiao,Chunyan Miao,2020,70/1211-1,Boyang Li 0001
1230,m/ChunyanMiao,Chunyan Miao,2019,38/3641,Ah-Hwee Tan
1231,m/ChunyanMiao,Chunyan Miao,2019,38/3641,Ah-Hwee Tan
1232,m/ChunyanMiao,Chunyan Miao,2019,35/1096-1,Han Yu 0001
1233,m/ChunyanMiao,Chunyan Miao,2019,00/4516-3,Siyuan Liu 0003
1234,m/ChunyanMiao,Chunyan Miao,2019,38/3641,Ah-Hwee Tan
1235,m/ChunyanMiao,Chunyan Miao,2019,80/5412,Sinno Jialin Pan
1236,m/ChunyanMiao,Chunyan Miao,2019,03/1554-1,Zhiqi Shen 0001
1237,m/ChunyanMiao,Chunyan Miao,2019,35/1096-1,Han Yu 0001
1238,m/ChunyanMiao,Chunyan Miao,2019,03/1554-1,Zhiqi Shen 0001
1239,m/ChunyanMiao,Chunyan Miao,2019,35/1096-1,Han Yu 0001
1240,m/ChunyanMiao,Chunyan Miao,2019,03/1554-1,Zhiqi Shen 0001
1241,m/ChunyanMiao,Chunyan Miao,2019,03/1554-1,Zhiqi Shen 0001
1242,m/ChunyanMiao,Chunyan Miao,2019,03/1554-1,Zhiqi Shen 0001
1243,m/ChunyanMiao,Chunyan Miao,2019,80/5412,Sinno Jialin Pan
1244,m/ChunyanMiao,Chunyan Miao,2019,35/1096-1,Han Yu 0001
1245,m/ChunyanMiao,Chunyan Miao,2019,35/1096-1,Han Yu 0001
1246,m/ChunyanMiao,Chunyan Miao,2019,35/1096-1,Han Yu 0001
1247,m/ChunyanMiao,Chunyan Miao,2019,46/3391,Dacheng Tao
1248,m/ChunyanMiao,Chunyan Miao,2019,79/8116,Hanwang Zhang
1249,m/ChunyanMiao,Chunyan Miao,2019,35/1096-1,Han Yu 0001
1250,m/ChunyanMiao,Chunyan Miao,2019,35/1096-1,Han Yu 0001
1251,m/ChunyanMiao,Chunyan Miao,2019,03/1554-1,Zhiqi Shen 0001
1252,m/ChunyanMiao,Chunyan Miao,2019,249/5315,Wei Yang Bryan Lim
1253,m/ChunyanMiao,Chunyan Miao,2019,76/440,Dusit Niyato
1254,m/ChunyanMiao,Chunyan Miao,2018,q/HiokChaiQuek,Chai Quek
1255,m/ChunyanMiao,Chunyan Miao,2018,38/3641,Ah-Hwee Tan
1256,m/ChunyanMiao,Chunyan Miao,2018,03/1554-1,Zhiqi Shen 0001
1257,m/ChunyanMiao,Chunyan Miao,2018,35/1096-1,Han Yu 0001
1258,m/ChunyanMiao,Chunyan Miao,2018,l/BuSungLee,Bu-Sung Lee
1259,m/ChunyanMiao,Chunyan Miao,2018,42/6178-1,Bo An 0001
1260,m/ChunyanMiao,Chunyan Miao,2018,35/1096-1,Han Yu 0001
1261,m/ChunyanMiao,Chunyan Miao,2018,42/6178-1,Bo An 0001
1262,m/ChunyanMiao,Chunyan Miao,2018,80/5412,Sinno Jialin Pan
1263,m/ChunyanMiao,Chunyan Miao,2018,35/1096-1,Han Yu 0001
1264,m/ChunyanMiao,Chunyan Miao,2018,35/6803,Xiuyi Fan
1265,m/ChunyanMiao,Chunyan Miao,2018,64/4136,Yew-Soon Ong
1266,m/ChunyanMiao,Chunyan Miao,2018,03/1554-1,Zhiqi Shen 0001
1267,m/ChunyanMiao,Chunyan Miao,2018,33/885,Yonggang Wen 0001
1268,m/ChunyanMiao,Chunyan Miao,2018,35/1096-1,Han Yu 0001
1269,m/ChunyanMiao,Chunyan Miao,2018,35/1096-1,Han Yu 0001
1270,m/ChunyanMiao,Chunyan Miao,2018,00/4516-3,Siyuan Liu 0003
1271,m/ChunyanMiao,Chunyan Miao,2018,03/1554-1,Zhiqi Shen 0001
1272,m/ChunyanMiao,Chunyan Miao,2018,38/3641,Ah-Hwee Tan
1273,m/ChunyanMiao,Chunyan Miao,2018,35/1096-1,Han Yu 0001
1274,m/ChunyanMiao,Chunyan Miao,2018,00/4516-3,Siyuan Liu 0003
1275,m/ChunyanMiao,Chunyan Miao,2018,35/1096-1,Han Yu 0001
1276,m/ChunyanMiao,Chunyan Miao,2018,03/1554-1,Zhiqi Shen 0001
1277,m/ChunyanMiao,Chunyan Miao,2018,35/1096-1,Han Yu 0001
1278,m/ChunyanMiao,Chunyan Miao,2018,03/1554-1,Zhiqi Shen 0001
1279,m/ChunyanMiao,Chunyan Miao,2017,35/1096-1,Han Yu 0001
1280,m/ChunyanMiao,Chunyan Miao,2017,03/1554-1,Zhiqi Shen 0001
1281,m/ChunyanMiao,Chunyan Miao,2017,03/1554-1,Zhiqi Shen 0001
1282,m/ChunyanMiao,Chunyan Miao,2017,03/1554-1,Zhiqi Shen 0001
1283,m/ChunyanMiao,Chunyan Miao,2017,00/4516-3,Siyuan Liu 0003
1284,m/ChunyanMiao,Chunyan Miao,2017,42/6178-1,Bo An 0001
1285,m/ChunyanMiao,Chunyan Miao,2017,76/440,Dusit Niyato
1286,m/ChunyanMiao,Chunyan Miao,2017,33/3180,Gao Cong
1287,m/ChunyanMiao,Chunyan Miao,2017,35/1096-1,Han Yu 0001
1288,m/ChunyanMiao,Chunyan Miao,2017,35/1096-1,Han Yu 0001
1289,m/ChunyanMiao,Chunyan Miao,2017,35/6803,Xiuyi Fan
1290,m/ChunyanMiao,Chunyan Miao,2017,00/4516-3,Siyuan Liu 0003
1291,m/ChunyanMiao,Chunyan Miao,2017,38/3641,Ah-Hwee Tan
1292,m/ChunyanMiao,Chunyan Miao,2017,33/3180,Gao Cong
1293,m/ChunyanMiao,Chunyan Miao,2017,35/1096-1,Han Yu 0001
1294,m/ChunyanMiao,Chunyan Miao,2017,00/4516-3,Siyuan Liu 0003
1295,m/ChunyanMiao,Chunyan Miao,2017,03/1554-1,Zhiqi Shen 0001
1296,m/ChunyanMiao,Chunyan Miao,2017,c/ChngEngSiong,Eng Siong Chng
1297,m/ChunyanMiao,Chunyan Miao,2017,38/3641,Ah-Hwee Tan
1298,m/ChunyanMiao,Chunyan Miao,2017,35/1096-1,Han Yu 0001
1299,m/ChunyanMiao,Chunyan Miao,2017,03/1554-1,Zhiqi Shen 0001
1300,m/ChunyanMiao,Chunyan Miao,2017,03/1554-1,Zhiqi Shen 0001
1301,m/ChunyanMiao,Chunyan Miao,2017,c/ChngEngSiong,Eng Siong Chng
1302,m/ChunyanMiao,Chunyan Miao,2017,33/885,Yonggang Wen 0001
1303,m/ChunyanMiao,Chunyan Miao,2017,35/6803,Xiuyi Fan
1304,m/ChunyanMiao,Chunyan Miao,2017,38/3641,Ah-Hwee Tan
1305,m/ChunyanMiao,Chunyan Miao,2017,q/HiokChaiQuek,Chai Quek
1306,m/ChunyanMiao,Chunyan Miao,2017,38/3641,Ah-Hwee Tan
1307,m/ChunyanMiao,Chunyan Miao,2017,38/3641,Ah-Hwee Tan
1308,m/ChunyanMiao,Chunyan Miao,2017,00/4516-3,Siyuan Liu 0003
1309,m/ChunyanMiao,Chunyan Miao,2016,h/YingHe1,Ying He 0001
1310,m/ChunyanMiao,Chunyan Miao,2016,35/1096-1,Han Yu 0001
1311,m/ChunyanMiao,Chunyan Miao,2016,03/1554-1,Zhiqi Shen 0001
1312,m/ChunyanMiao,Chunyan Miao,2016,33/3180,Gao Cong
1313,m/ChunyanMiao,Chunyan Miao,2016,35/1096-1,Han Yu 0001
1314,m/ChunyanMiao,Chunyan Miao,2016,03/1554-1,Zhiqi Shen 0001
1315,m/ChunyanMiao,Chunyan Miao,2016,35/1096-1,Han Yu 0001
1316,m/ChunyanMiao,Chunyan Miao,2016,03/1554-1,Zhiqi Shen 0001
1317,m/ChunyanMiao,Chunyan Miao,2016,35/1096-1,Han Yu 0001
1318,m/ChunyanMiao,Chunyan Miao,2016,35/1096-1,Han Yu 0001
1319,m/ChunyanMiao,Chunyan Miao,2016,35/1096-1,Han Yu 0001
1320,m/ChunyanMiao,Chunyan Miao,2016,00/4516-3,Siyuan Liu 0003
1321,m/ChunyanMiao,Chunyan Miao,2016,03/1554-1,Zhiqi Shen 0001
1322,m/ChunyanMiao,Chunyan Miao,2016,42/6178-1,Bo An 0001
1323,m/ChunyanMiao,Chunyan Miao,2016,42/6178-1,Bo An 0001
1324,m/ChunyanMiao,Chunyan Miao,2016,38/3641,Ah-Hwee Tan
1325,m/ChunyanMiao,Chunyan Miao,2016,35/1096-1,Han Yu 0001
1326,m/ChunyanMiao,Chunyan Miao,2016,00/4516-3,Siyuan Liu 0003
1327,m/ChunyanMiao,Chunyan Miao,2016,03/1554-1,Zhiqi Shen 0001
1328,m/ChunyanMiao,Chunyan Miao,2016,35/1096-1,Han Yu 0001
1329,m/ChunyanMiao,Chunyan Miao,2016,00/4516-3,Siyuan Liu 0003
1330,m/ChunyanMiao,Chunyan Miao,2016,35/6803,Xiuyi Fan
1331,m/ChunyanMiao,Chunyan Miao,2016,35/6803,Xiuyi Fan
1332,m/ChunyanMiao,Chunyan Miao,2016,00/4516-3,Siyuan Liu 0003
1333,m/ChunyanMiao,Chunyan Miao,2016,51/3710-3,Yang Liu 0003
1334,m/ChunyanMiao,Chunyan Miao,2016,35/1096-1,Han Yu 0001
1335,m/ChunyanMiao,Chunyan Miao,2016,38/3641,Ah-Hwee Tan
1336,m/ChunyanMiao,Chunyan Miao,2016,42/6178-1,Bo An 0001
1337,m/ChunyanMiao,Chunyan Miao,2016,35/6803,Xiuyi Fan
1338,m/ChunyanMiao,Chunyan Miao,2016,35/6803,Xiuyi Fan
1339,m/ChunyanMiao,Chunyan Miao,2016,03/1554-1,Zhiqi Shen 0001
1340,m/ChunyanMiao,Chunyan Miao,2016,33/3180,Gao Cong
1341,m/ChunyanMiao,Chunyan Miao,2016,b/SSBhowmick,Sourav S. Bhowmick
1342,m/ChunyanMiao,Chunyan Miao,2016,51/3710-3,Yang Liu 0003
1343,m/ChunyanMiao,Chunyan Miao,2016,00/4516-3,Siyuan Liu 0003
1344,m/ChunyanMiao,Chunyan Miao,2015,00/4516-3,Siyuan Liu 0003
1345,m/ChunyanMiao,Chunyan Miao,2015,35/1096-1,Han Yu 0001
1346,m/ChunyanMiao,Chunyan Miao,2015,84/6889-2,Jie Zhang 0002
1347,m/ChunyanMiao,Chunyan Miao,2015,35/1096-1,Han Yu 0001
1348,m/ChunyanMiao,Chunyan Miao,2015,03/1554-1,Zhiqi Shen 0001
1349,m/ChunyanMiao,Chunyan Miao,2015,03/1554-1,Zhiqi Shen 0001
1350,m/ChunyanMiao,Chunyan Miao,2015,42/6178-1,Bo An 0001
1351,m/ChunyanMiao,Chunyan Miao,2015,35/1096-1,Han Yu 0001
1352,m/ChunyanMiao,Chunyan Miao,2015,03/1554-1,Zhiqi Shen 0001
1353,m/ChunyanMiao,Chunyan Miao,2015,35/1096-1,Han Yu 0001
1354,m/ChunyanMiao,Chunyan Miao,2015,03/1554-1,Zhiqi Shen 0001
1355,m/ChunyanMiao,Chunyan Miao,2015,35/1096-1,Han Yu 0001
1356,m/ChunyanMiao,Chunyan Miao,2015,03/1554-1,Zhiqi Shen 0001
1357,m/ChunyanMiao,Chunyan Miao,2015,03/1554-1,Zhiqi Shen 0001
1358,m/ChunyanMiao,Chunyan Miao,2015,38/3641,Ah-Hwee Tan
1359,m/ChunyanMiao,Chunyan Miao,2015,78/5155,Aixin Sun
1360,m/ChunyanMiao,Chunyan Miao,2015,42/6178-1,Bo An 0001
1361,m/ChunyanMiao,Chunyan Miao,2015,38/3641,Ah-Hwee Tan
1362,m/ChunyanMiao,Chunyan Miao,2015,00/4516-3,Siyuan Liu 0003
1363,m/ChunyanMiao,Chunyan Miao,2015,35/1096-1,Han Yu 0001
1364,m/ChunyanMiao,Chunyan Miao,2015,84/6889-2,Jie Zhang 0002
1365,m/ChunyanMiao,Chunyan Miao,2015,35/1096-1,Han Yu 0001
1366,m/ChunyanMiao,Chunyan Miao,2015,03/1554-1,Zhiqi Shen 0001
1367,m/ChunyanMiao,Chunyan Miao,2015,35/1096-1,Han Yu 0001
1368,m/ChunyanMiao,Chunyan Miao,2015,38/3641,Ah-Hwee Tan
1369,m/ChunyanMiao,Chunyan Miao,2015,35/1096-1,Han Yu 0001
1370,m/ChunyanMiao,Chunyan Miao,2014,00/4516-3,Siyuan Liu 0003
1371,m/ChunyanMiao,Chunyan Miao,2014,84/6889-2,Jie Zhang 0002
1372,m/ChunyanMiao,Chunyan Miao,2014,35/1096-1,Han Yu 0001
1373,m/ChunyanMiao,Chunyan Miao,2014,03/1554-1,Zhiqi Shen 0001
1374,m/ChunyanMiao,Chunyan Miao,2014,42/6178-1,Bo An 0001
1375,m/ChunyanMiao,Chunyan Miao,2014,03/1554-1,Zhiqi Shen 0001
1376,m/ChunyanMiao,Chunyan Miao,2014,00/4516-3,Siyuan Liu 0003
1377,m/ChunyanMiao,Chunyan Miao,2014,84/6889-2,Jie Zhang 0002
1378,m/ChunyanMiao,Chunyan Miao,2014,35/1096-1,Han Yu 0001
1379,m/ChunyanMiao,Chunyan Miao,2014,84/6889-2,Jie Zhang 0002
1380,m/ChunyanMiao,Chunyan Miao,2014,35/1096-1,Han Yu 0001
1381,m/ChunyanMiao,Chunyan Miao,2014,35/1096-1,Han Yu 0001
1382,m/ChunyanMiao,Chunyan Miao,2014,42/6178-1,Bo An 0001
1383,m/ChunyanMiao,Chunyan Miao,2014,03/1554-1,Zhiqi Shen 0001
1384,m/ChunyanMiao,Chunyan Miao,2014,42/6178-1,Bo An 0001
1385,m/ChunyanMiao,Chunyan Miao,2014,42/6178-1,Bo An 0001
1386,m/ChunyanMiao,Chunyan Miao,2014,35/1096-1,Han Yu 0001
1387,m/ChunyanMiao,Chunyan Miao,2014,03/1554-1,Zhiqi Shen 0001
1388,m/ChunyanMiao,Chunyan Miao,2014,03/1554-1,Zhiqi Shen 0001
1389,m/ChunyanMiao,Chunyan Miao,2014,00/4516-3,Siyuan Liu 0003
1390,m/ChunyanMiao,Chunyan Miao,2014,35/1096-1,Han Yu 0001
1391,m/ChunyanMiao,Chunyan Miao,2014,78/5155,Aixin Sun
1392,m/ChunyanMiao,Chunyan Miao,2014,00/4516-3,Siyuan Liu 0003
1393,m/ChunyanMiao,Chunyan Miao,2014,03/1554-1,Zhiqi Shen 0001
1394,m/ChunyanMiao,Chunyan Miao,2014,03/1554-1,Zhiqi Shen 0001
1395,m/ChunyanMiao,Chunyan Miao,2014,35/1096-1,Han Yu 0001
1396,m/ChunyanMiao,Chunyan Miao,2014,03/1554-1,Zhiqi Shen 0001
1397,m/ChunyanMiao,Chunyan Miao,2014,35/1096-1,Han Yu 0001
1398,m/ChunyanMiao,Chunyan Miao,2014,03/1554-1,Zhiqi Shen 0001
1399,m/ChunyanMiao,Chunyan Miao,2014,35/1096-1,Han Yu 0001
1400,m/ChunyanMiao,Chunyan Miao,2014,03/1554-1,Zhiqi Shen 0001
1401,m/ChunyanMiao,Chunyan Miao,2014,35/1096-1,Han Yu 0001
1402,m/ChunyanMiao,Chunyan Miao,2014,03/1554-1,Zhiqi Shen 0001
1403,m/ChunyanMiao,Chunyan Miao,2013,35/1096-1,Han Yu 0001
1404,m/ChunyanMiao,Chunyan Miao,2013,03/1554-1,Zhiqi Shen 0001
1405,m/ChunyanMiao,Chunyan Miao,2013,03/1554-1,Zhiqi Shen 0001
1406,m/ChunyanMiao,Chunyan Miao,2013,00/4516-3,Siyuan Liu 0003
1407,m/ChunyanMiao,Chunyan Miao,2013,35/1096-1,Han Yu 0001
1408,m/ChunyanMiao,Chunyan Miao,2013,35/1096-1,Han Yu 0001
1409,m/ChunyanMiao,Chunyan Miao,2013,03/1554-1,Zhiqi Shen 0001
1410,m/ChunyanMiao,Chunyan Miao,2013,35/1096-1,Han Yu 0001
1411,m/ChunyanMiao,Chunyan Miao,2013,03/1554-1,Zhiqi Shen 0001
1412,m/ChunyanMiao,Chunyan Miao,2013,42/6178-1,Bo An 0001
1413,m/ChunyanMiao,Chunyan Miao,2013,03/1554-1,Zhiqi Shen 0001
1414,m/ChunyanMiao,Chunyan Miao,2013,03/1554-1,Zhiqi Shen 0001
1415,m/ChunyanMiao,Chunyan Miao,2013,03/1554-1,Zhiqi Shen 0001
1416,m/ChunyanMiao,Chunyan Miao,2013,35/1096-1,Han Yu 0001
1417,m/ChunyanMiao,Chunyan Miao,2013,42/6178-1,Bo An 0001
1418,m/ChunyanMiao,Chunyan Miao,2013,h/YingHe1,Ying He 0001
1419,m/ChunyanMiao,Chunyan Miao,2013,h/YingHe1,Ying He 0001
1420,m/ChunyanMiao,Chunyan Miao,2012,03/1554-1,Zhiqi Shen 0001
1421,m/ChunyanMiao,Chunyan Miao,2012,00/4516-3,Siyuan Liu 0003
1422,m/ChunyanMiao,Chunyan Miao,2012,00/4516-3,Siyuan Liu 0003
1423,m/ChunyanMiao,Chunyan Miao,2012,38/3641,Ah-Hwee Tan
1424,m/ChunyanMiao,Chunyan Miao,2012,64/4136,Yew-Soon Ong
1425,m/ChunyanMiao,Chunyan Miao,2012,03/1554-1,Zhiqi Shen 0001
1426,m/ChunyanMiao,Chunyan Miao,2012,35/1096-1,Han Yu 0001
1427,m/ChunyanMiao,Chunyan Miao,2012,03/1554-1,Zhiqi Shen 0001
1428,m/ChunyanMiao,Chunyan Miao,2012,42/6178-1,Bo An 0001
1429,m/ChunyanMiao,Chunyan Miao,2012,03/1554-1,Zhiqi Shen 0001
1430,m/ChunyanMiao,Chunyan Miao,2012,03/1554-1,Zhiqi Shen 0001
1431,m/ChunyanMiao,Chunyan Miao,2012,33/3180,Gao Cong
1432,m/ChunyanMiao,Chunyan Miao,2011,03/1554-1,Zhiqi Shen 0001
1433,m/ChunyanMiao,Chunyan Miao,2011,03/1554-1,Zhiqi Shen 0001
1434,m/ChunyanMiao,Chunyan Miao,2011,03/1554-1,Zhiqi Shen 0001
1435,m/ChunyanMiao,Chunyan Miao,2011,35/1096-1,Han Yu 0001
1436,m/ChunyanMiao,Chunyan Miao,2011,03/1554-1,Zhiqi Shen 0001
1437,m/ChunyanMiao,Chunyan Miao,2011,00/4516-3,Siyuan Liu 0003
1438,m/ChunyanMiao,Chunyan Miao,2011,84/6889-2,Jie Zhang 0002
1439,m/ChunyanMiao,Chunyan Miao,2011,35/1096-1,Han Yu 0001
1440,m/ChunyanMiao,Chunyan Miao,2011,03/1554-1,Zhiqi Shen 0001
1441,m/ChunyanMiao,Chunyan Miao,2011,38/3641,Ah-Hwee Tan
1442,m/ChunyanMiao,Chunyan Miao,2011,03/1554-1,Zhiqi Shen 0001
1443,m/ChunyanMiao,Chunyan Miao,2011,35/1096-1,Han Yu 0001
1444,m/ChunyanMiao,Chunyan Miao,2011,03/1554-1,Zhiqi Shen 0001
1445,m/ChunyanMiao,Chunyan Miao,2011,61/3119,Shell-Ying Huang
1446,m/ChunyanMiao,Chunyan Miao,2011,03/1554-1,Zhiqi Shen 0001
1447,m/ChunyanMiao,Chunyan Miao,2011,03/1554-1,Zhiqi Shen 0001
1448,m/ChunyanMiao,Chunyan Miao,2010,38/3641,Ah-Hwee Tan
1449,m/ChunyanMiao,Chunyan Miao,2010,03/1554-1,Zhiqi Shen 0001
1450,m/ChunyanMiao,Chunyan Miao,2010,70/1211-1,Boyang Li 0001
1451,m/ChunyanMiao,Chunyan Miao,2010,03/1554-1,Zhiqi Shen 0001
1452,m/ChunyanMiao,Chunyan Miao,2010,03/1554-1,Zhiqi Shen 0001
1453,m/ChunyanMiao,Chunyan Miao,2010,03/1554-1,Zhiqi Shen 0001
1454,m/ChunyanMiao,Chunyan Miao,2010,35/1096-1,Han Yu 0001
1455,m/ChunyanMiao,Chunyan Miao,2010,03/1554-1,Zhiqi Shen 0001
1456,m/ChunyanMiao,Chunyan Miao,2010,76/440,Dusit Niyato
1457,m/ChunyanMiao,Chunyan Miao,2010,03/1554-1,Zhiqi Shen 0001
1458,m/ChunyanMiao,Chunyan Miao,2010,03/1554-1,Zhiqi Shen 0001
1459,m/ChunyanMiao,Chunyan Miao,2010,03/1554-1,Zhiqi Shen 0001
1460,m/ChunyanMiao,Chunyan Miao,2010,03/1554-1,Zhiqi Shen 0001
1461,m/ChunyanMiao,Chunyan Miao,2010,03/1554-1,Zhiqi Shen 0001
1462,m/ChunyanMiao,Chunyan Miao,2010,00/4516-3,Siyuan Liu 0003
1463,m/ChunyanMiao,Chunyan Miao,2010,38/3641,Ah-Hwee Tan
1464,m/ChunyanMiao,Chunyan Miao,2010,64/4136,Yew-Soon Ong
1465,m/ChunyanMiao,Chunyan Miao,2010,03/1554-1,Zhiqi Shen 0001
1466,m/ChunyanMiao,Chunyan Miao,2010,61/3119,Shell-Ying Huang
1467,m/ChunyanMiao,Chunyan Miao,2010,03/1554-1,Zhiqi Shen 0001
1468,m/ChunyanMiao,Chunyan Miao,2010,35/1096-1,Han Yu 0001
1469,m/ChunyanMiao,Chunyan Miao,2010,61/3119,Shell-Ying Huang
1470,m/ChunyanMiao,Chunyan Miao,2010,03/1554-1,Zhiqi Shen 0001
1471,m/ChunyanMiao,Chunyan Miao,2010,03/1554-1,Zhiqi Shen 0001
1472,m/ChunyanMiao,Chunyan Miao,2010,03/1554-1,Zhiqi Shen 0001
1473,m/ChunyanMiao,Chunyan Miao,2010,38/3641,Ah-Hwee Tan
1474,m/ChunyanMiao,Chunyan Miao,2010,35/1096-1,Han Yu 0001
1475,m/ChunyanMiao,Chunyan Miao,2010,03/1554-1,Zhiqi Shen 0001
1476,m/ChunyanMiao,Chunyan Miao,2010,03/1554-1,Zhiqi Shen 0001
1477,m/ChunyanMiao,Chunyan Miao,2009,03/1554-1,Zhiqi Shen 0001
1478,m/ChunyanMiao,Chunyan Miao,2009,l/BuSungLee,Bu-Sung Lee
1479,m/ChunyanMiao,Chunyan Miao,2009,03/1554-1,Zhiqi Shen 0001
1480,m/ChunyanMiao,Chunyan Miao,2009,35/1096-1,Han Yu 0001
1481,m/ChunyanMiao,Chunyan Miao,2009,03/1554-1,Zhiqi Shen 0001
1482,m/ChunyanMiao,Chunyan Miao,2009,38/3641,Ah-Hwee Tan
1483,m/ChunyanMiao,Chunyan Miao,2009,03/1554-1,Zhiqi Shen 0001
1484,m/ChunyanMiao,Chunyan Miao,2009,70/1211-1,Boyang Li 0001
1485,m/ChunyanMiao,Chunyan Miao,2009,35/1096-1,Han Yu 0001
1486,m/ChunyanMiao,Chunyan Miao,2009,03/1554-1,Zhiqi Shen 0001
1487,m/ChunyanMiao,Chunyan Miao,2009,03/1554-1,Zhiqi Shen 0001
1488,m/ChunyanMiao,Chunyan Miao,2009,03/1554-1,Zhiqi Shen 0001
1489,m/ChunyanMiao,Chunyan Miao,2009,03/1554-1,Zhiqi Shen 0001
1490,m/ChunyanMiao,Chunyan Miao,2009,03/1554-1,Zhiqi Shen 0001
1491,m/ChunyanMiao,Chunyan Miao,2009,03/1554-1,Zhiqi Shen 0001
1492,m/ChunyanMiao,Chunyan Miao,2008,35/1096-1,Han Yu 0001
1493,m/ChunyanMiao,Chunyan Miao,2008,03/1554-1,Zhiqi Shen 0001
1494,m/ChunyanMiao,Chunyan Miao,2008,l/BuSungLee,Bu-Sung Lee
1495,m/ChunyanMiao,Chunyan Miao,2008,03/1554-1,Zhiqi Shen 0001
1496,m/ChunyanMiao,Chunyan Miao,2008,38/3641,Ah-Hwee Tan
1497,m/ChunyanMiao,Chunyan Miao,2008,03/1554-1,Zhiqi Shen 0001
1498,m/ChunyanMiao,Chunyan Miao,2008,03/1554-1,Zhiqi Shen 0001
1499,m/ChunyanMiao,Chunyan Miao,2008,03/1554-1,Zhiqi Shen 0001
1500,m/ChunyanMiao,Chunyan Miao,2008,35/1096-1,Han Yu 0001
1501,m/ChunyanMiao,Chunyan Miao,2008,03/1554-1,Zhiqi Shen 0001
1502,m/ChunyanMiao,Chunyan Miao,2008,03/1554-1,Zhiqi Shen 0001
1503,m/ChunyanMiao,Chunyan Miao,2007,42/6178-1,Bo An 0001
1504,m/ChunyanMiao,Chunyan Miao,2007,03/1554-1,Zhiqi Shen 0001
1505,m/ChunyanMiao,Chunyan Miao,2007,03/1554-1,Zhiqi Shen 0001
1506,m/ChunyanMiao,Chunyan Miao,2007,38/3641,Ah-Hwee Tan
1507,m/ChunyanMiao,Chunyan Miao,2007,38/3641,Ah-Hwee Tan
1508,m/ChunyanMiao,Chunyan Miao,2007,03/1554-1,Zhiqi Shen 0001
1509,m/ChunyanMiao,Chunyan Miao,2007,35/1096-1,Han Yu 0001
1510,m/ChunyanMiao,Chunyan Miao,2007,03/1554-1,Zhiqi Shen 0001
1511,m/ChunyanMiao,Chunyan Miao,2007,03/1554-1,Zhiqi Shen 0001
1512,m/ChunyanMiao,Chunyan Miao,2007,35/1096-1,Han Yu 0001
1513,m/ChunyanMiao,Chunyan Miao,2007,03/1554-1,Zhiqi Shen 0001
1514,m/ChunyanMiao,Chunyan Miao,2007,42/6178-1,Bo An 0001
1515,m/ChunyanMiao,Chunyan Miao,2007,03/1554-1,Zhiqi Shen 0001
1516,m/ChunyanMiao,Chunyan Miao,2007,03/1554-1,Zhiqi Shen 0001
1517,m/ChunyanMiao,Chunyan Miao,2007,38/3641,Ah-Hwee Tan
1518,m/ChunyanMiao,Chunyan Miao,2006,03/1554-1,Zhiqi Shen 0001
1519,m/ChunyanMiao,Chunyan Miao,2006,03/1554-1,Zhiqi Shen 0001
1520,m/ChunyanMiao,Chunyan Miao,2006,42/6178-1,Bo An 0001
1521,m/ChunyanMiao,Chunyan Miao,2006,38/3641,Ah-Hwee Tan
1522,m/ChunyanMiao,Chunyan Miao,2006,03/1554-1,Zhiqi Shen 0001
1523,m/ChunyanMiao,Chunyan Miao,2006,03/1554-1,Zhiqi Shen 0001
1524,m/ChunyanMiao,Chunyan Miao,2006,l/BuSungLee,Bu-Sung Lee
1525,m/ChunyanMiao,Chunyan Miao,2006,03/1554-1,Zhiqi Shen 0001
1526,m/ChunyanMiao,Chunyan Miao,2006,03/1554-1,Zhiqi Shen 0001
1527,m/ChunyanMiao,Chunyan Miao,2006,03/1554-1,Zhiqi Shen 0001
1528,m/ChunyanMiao,Chunyan Miao,2006,03/1554-1,Zhiqi Shen 0001
1529,m/ChunyanMiao,Chunyan Miao,2005,42/6178-1,Bo An 0001
1530,m/ChunyanMiao,Chunyan Miao,2005,42/6178-1,Bo An 0001
1531,m/ChunyanMiao,Chunyan Miao,2005,03/1554-1,Zhiqi Shen 0001
1532,m/ChunyanMiao,Chunyan Miao,2005,03/1554-1,Zhiqi Shen 0001
1533,m/ChunyanMiao,Chunyan Miao,2005,03/1554-1,Zhiqi Shen 0001
1534,m/ChunyanMiao,Chunyan Miao,2005,03/1554-1,Zhiqi Shen 0001
1535,m/ChunyanMiao,Chunyan Miao,2005,42/6178-1,Bo An 0001
1536,m/ChunyanMiao,Chunyan Miao,2005,42/6178-1,Bo An 0001
1537,m/ChunyanMiao,Chunyan Miao,2005,03/1554-1,Zhiqi Shen 0001
1538,m/ChunyanMiao,Chunyan Miao,2004,03/1554-1,Zhiqi Shen 0001
1539,m/ChunyanMiao,Chunyan Miao,2004,03/1554-1,Zhiqi Shen 0001
1540,m/ChunyanMiao,Chunyan Miao,2004,03/1554-1,Zhiqi Shen 0001
1541,m/ChunyanMiao,Chunyan Miao,2004,03/1554-1,Zhiqi Shen 0001
1542,m/ChunyanMiao,Chunyan Miao,2002,03/1554-1,Zhiqi Shen 0001
1543,m/ChunyanMiao,Chunyan Miao,2000,03/1554-1,Zhiqi Shen 0001
1544,83/3179,Wentong Cai 0001,2024,23/2460,Xueyan Tang
1545,83/3179,Wentong Cai 0001,2024,23/2460,Xueyan Tang
1546,83/3179,Wentong Cai 0001,2024,23/2460,Xueyan Tang
1547,83/3179,Wentong Cai 0001,2023,23/2460,Xueyan Tang
1548,83/3179,Wentong Cai 0001,2021,23/2460,Xueyan Tang
1549,83/3179,Wentong Cai 0001,2021,23/2460,Xueyan Tang
1550,83/3179,Wentong Cai 0001,2021,23/2460,Xueyan Tang
1551,83/3179,Wentong Cai 0001,2020,64/4136,Yew-Soon Ong
1552,83/3179,Wentong Cai 0001,2019,23/2460,Xueyan Tang
1553,83/3179,Wentong Cai 0001,2019,23/2460,Xueyan Tang
1554,83/3179,Wentong Cai 0001,2018,23/2460,Xueyan Tang
1555,83/3179,Wentong Cai 0001,2018,23/2460,Xueyan Tang
1556,83/3179,Wentong Cai 0001,2018,23/2460,Xueyan Tang
1557,83/3179,Wentong Cai 0001,2017,23/2460,Xueyan Tang
1558,83/3179,Wentong Cai 0001,2017,23/2460,Xueyan Tang
1559,83/3179,Wentong Cai 0001,2017,23/2460,Xueyan Tang
1560,83/3179,Wentong Cai 0001,2016,51/3710-3,Yang Liu 0003
1561,83/3179,Wentong Cai 0001,2016,64/4136,Yew-Soon Ong
1562,83/3179,Wentong Cai 0001,2016,23/2460,Xueyan Tang
1563,83/3179,Wentong Cai 0001,2016,23/2460,Xueyan Tang
1564,83/3179,Wentong Cai 0001,2016,23/2460,Xueyan Tang
1565,83/3179,Wentong Cai 0001,2016,23/2460,Xueyan Tang
1566,83/3179,Wentong Cai 0001,2015,23/2460,Xueyan Tang
1567,83/3179,Wentong Cai 0001,2015,64/4136,Yew-Soon Ong
1568,83/3179,Wentong Cai 0001,2015,23/2460,Xueyan Tang
1569,83/3179,Wentong Cai 0001,2014,23/2460,Xueyan Tang
1570,83/3179,Wentong Cai 0001,2014,23/2460,Xueyan Tang
1571,83/3179,Wentong Cai 0001,2014,23/2460,Xueyan Tang
1572,83/3179,Wentong Cai 0001,2013,23/2460,Xueyan Tang
1573,83/3179,Wentong Cai 0001,2013,51/3710-3,Yang Liu 0003
1574,83/3179,Wentong Cai 0001,2013,23/2460,Xueyan Tang
1575,83/3179,Wentong Cai 0001,2013,23/2460,Xueyan Tang
1576,83/3179,Wentong Cai 0001,2012,23/2460,Xueyan Tang
1577,83/3179,Wentong Cai 0001,2012,23/2460,Xueyan Tang
1578,83/3179,Wentong Cai 0001,2012,23/2460,Xueyan Tang
1579,83/3179,Wentong Cai 0001,2012,23/2460,Xueyan Tang
1580,83/3179,Wentong Cai 0001,2011,23/2460,Xueyan Tang
1581,83/3179,Wentong Cai 0001,2011,64/4136,Yew-Soon Ong
1582,83/3179,Wentong Cai 0001,2011,23/2460,Xueyan Tang
1583,83/3179,Wentong Cai 0001,2011,23/2460,Xueyan Tang
1584,83/3179,Wentong Cai 0001,2010,23/2460,Xueyan Tang
1585,83/3179,Wentong Cai 0001,2010,s/SeahHockSoon,Hock Soon Seah
1586,83/3179,Wentong Cai 0001,2010,23/2460,Xueyan Tang
1587,83/3179,Wentong Cai 0001,2010,23/2460,Xueyan Tang
1588,83/3179,Wentong Cai 0001,2009,l/BuSungLee,Bu-Sung Lee
1589,83/3179,Wentong Cai 0001,2009,23/2460,Xueyan Tang
1590,83/3179,Wentong Cai 0001,2009,23/2460,Xueyan Tang
1591,83/3179,Wentong Cai 0001,2008,23/2460,Xueyan Tang
1592,83/3179,Wentong Cai 0001,2007,l/BuSungLee,Bu-Sung Lee
1593,83/3179,Wentong Cai 0001,2006,l/BuSungLee,Bu-Sung Lee
1594,83/3179,Wentong Cai 0001,2006,s/CZSun,Chengzheng Sun
1595,83/3179,Wentong Cai 0001,2006,l/BuSungLee,Bu-Sung Lee
1596,83/3179,Wentong Cai 0001,2006,61/3119,Shell-Ying Huang
1597,83/3179,Wentong Cai 0001,2005,l/BuSungLee,Bu-Sung Lee
1598,83/3179,Wentong Cai 0001,2005,l/BuSungLee,Bu-Sung Lee
1599,83/3179,Wentong Cai 0001,2005,l/BuSungLee,Bu-Sung Lee
1600,83/3179,Wentong Cai 0001,2005,64/4136,Yew-Soon Ong
1601,83/3179,Wentong Cai 0001,2004,l/BuSungLee,Bu-Sung Lee
1602,83/3179,Wentong Cai 0001,2004,l/BuSungLee,Bu-Sung Lee
1603,83/3179,Wentong Cai 0001,2004,l/BuSungLee,Bu-Sung Lee
1604,83/3179,Wentong Cai 0001,2004,l/BuSungLee,Bu-Sung Lee
1605,83/3179,Wentong Cai 0001,2004,64/4136,Yew-Soon Ong
1606,83/3179,Wentong Cai 0001,2004,l/BuSungLee,Bu-Sung Lee
1607,83/3179,Wentong Cai 0001,2003,l/BuSungLee,Bu-Sung Lee
1608,83/3179,Wentong Cai 0001,2003,l/BuSungLee,Bu-Sung Lee
1609,83/3179,Wentong Cai 0001,2003,l/BuSungLee,Bu-Sung Lee
1610,83/3179,Wentong Cai 0001,2003,64/4136,Yew-Soon Ong
1611,83/3179,Wentong Cai 0001,2003,l/BuSungLee,Bu-Sung Lee
1612,83/3179,Wentong Cai 0001,2003,l/BuSungLee,Bu-Sung Lee
1613,83/3179,Wentong Cai 0001,2003,l/BuSungLee,Bu-Sung Lee
1614,83/3179,Wentong Cai 0001,2002,l/BuSungLee,Bu-Sung Lee
1615,83/3179,Wentong Cai 0001,2002,l/BuSungLee,Bu-Sung Lee
1616,83/3179,Wentong Cai 0001,2002,s/CZSun,Chengzheng Sun
1617,83/3179,Wentong Cai 0001,2002,l/BuSungLee,Bu-Sung Lee
1618,83/3179,Wentong Cai 0001,2001,l/BuSungLee,Bu-Sung Lee
1619,83/3179,Wentong Cai 0001,2001,61/3119,Shell-Ying Huang
1620,83/3179,Wentong Cai 0001,2001,l/BuSungLee,Bu-Sung Lee
1621,83/3179,Wentong Cai 0001,2001,l/BuSungLee,Bu-Sung Lee
1622,83/3179,Wentong Cai 0001,2000,l/BuSungLee,Bu-Sung Lee
1623,83/3179,Wentong Cai 0001,2000,61/3119,Shell-Ying Huang
1624,83/3179,Wentong Cai 0001,1999,s/CZSun,Chengzheng Sun
1625,83/3179,Wentong Cai 0001,1999,l/BuSungLee,Bu-Sung Lee
1626,83/3179,Wentong Cai 0001,1999,l/BuSungLee,Bu-Sung Lee
1627,83/3179,Wentong Cai 0001,1999,61/3119,Shell-Ying Huang
1628,83/3179,Wentong Cai 0001,1999,l/BuSungLee,Bu-Sung Lee
1629,83/3179,Wentong Cai 0001,1999,l/BuSungLee,Bu-Sung Lee
1630,83/3179,Wentong Cai 0001,1999,61/3119,Shell-Ying Huang
1631,83/3179,Wentong Cai 0001,1998,l/BuSungLee,Bu-Sung Lee
1632,83/3179,Wentong Cai 0001,1998,61/3119,Shell-Ying Huang
1633,83/3179,Wentong Cai 0001,1998,61/3119,Shell-Ying Huang
1634,83/3179,Wentong Cai 0001,1997,l/BuSungLee,Bu-Sung Lee
1635,83/3179,Wentong Cai 0001,1996,l/BuSungLee,Bu-Sung Lee
1636,83/3179,Wentong Cai 0001,1996,l/BuSungLee,Bu-Sung Lee
1637,70/1211-1,Boyang Li 0001,2025,81/8329,Anh Tuan Luu
1638,70/1211-1,Boyang Li 0001,2025,79/8116,Hanwang Zhang
1639,70/1211-1,Boyang Li 0001,2024,81/8329,Anh Tuan Luu
1640,70/1211-1,Boyang Li 0001,2024,m/ChunyanMiao,Chunyan Miao
1641,70/1211-1,Boyang Li 0001,2023,126/4778,Guosheng Lin
1642,70/1211-1,Boyang Li 0001,2023,62/2078,Shafiq Joty
1643,70/1211-1,Boyang Li 0001,2023,46/3391,Dacheng Tao
1644,70/1211-1,Boyang Li 0001,2023,79/8116,Hanwang Zhang
1645,70/1211-1,Boyang Li 0001,2023,m/ChunyanMiao,Chunyan Miao
1646,70/1211-1,Boyang Li 0001,2022,35/1096-1,Han Yu 0001
1647,70/1211-1,Boyang Li 0001,2022,35/1096-1,Han Yu 0001
1648,70/1211-1,Boyang Li 0001,2022,m/ChunyanMiao,Chunyan Miao
1649,70/1211-1,Boyang Li 0001,2022,m/ChunyanMiao,Chunyan Miao
1650,70/1211-1,Boyang Li 0001,2022,m/ChunyanMiao,Chunyan Miao
1651,70/1211-1,Boyang Li 0001,2022,35/1096-1,Han Yu 0001
1652,70/1211-1,Boyang Li 0001,2022,m/ChunyanMiao,Chunyan Miao
1653,70/1211-1,Boyang Li 0001,2022,35/1096-1,Han Yu 0001
1654,70/1211-1,Boyang Li 0001,2022,79/8116,Hanwang Zhang
1655,70/1211-1,Boyang Li 0001,2022,62/2078,Shafiq R. Joty
1656,70/1211-1,Boyang Li 0001,2022,46/3391,Dacheng Tao
1657,70/1211-1,Boyang Li 0001,2021,m/ChunyanMiao,Chunyan Miao
1658,70/1211-1,Boyang Li 0001,2021,35/1096-1,Han Yu 0001
1659,70/1211-1,Boyang Li 0001,2021,m/ChunyanMiao,Chunyan Miao
1660,70/1211-1,Boyang Li 0001,2021,m/ChunyanMiao,Chunyan Miao
1661,70/1211-1,Boyang Li 0001,2021,35/1096-1,Han Yu 0001
1662,70/1211-1,Boyang Li 0001,2021,03/1554-1,Zhiqi Shen 0001
1663,70/1211-1,Boyang Li 0001,2021,m/ChunyanMiao,Chunyan Miao
1664,70/1211-1,Boyang Li 0001,2021,m/ChunyanMiao,Chunyan Miao
1665,70/1211-1,Boyang Li 0001,2021,35/1096-1,Han Yu 0001
1666,70/1211-1,Boyang Li 0001,2021,m/ChunyanMiao,Chunyan Miao
1667,70/1211-1,Boyang Li 0001,2021,35/1096-1,Han Yu 0001
1668,70/1211-1,Boyang Li 0001,2021,m/ChunyanMiao,Chunyan Miao
1669,70/1211-1,Boyang Li 0001,2021,35/1096-1,Han Yu 0001
1670,70/1211-1,Boyang Li 0001,2021,03/1554-1,Zhiqi Shen 0001
1671,70/1211-1,Boyang Li 0001,2021,m/ChunyanMiao,Chunyan Miao
1672,70/1211-1,Boyang Li 0001,2021,35/1096-1,Han Yu 0001
1673,70/1211-1,Boyang Li 0001,2021,m/ChunyanMiao,Chunyan Miao
1674,70/1211-1,Boyang Li 0001,2021,m/ChunyanMiao,Chunyan Miao
1675,70/1211-1,Boyang Li 0001,2021,35/1096-1,Han Yu 0001
1676,70/1211-1,Boyang Li 0001,2021,03/1554-1,Zhiqi Shen 0001
1677,70/1211-1,Boyang Li 0001,2021,m/ChunyanMiao,Chunyan Miao
1678,70/1211-1,Boyang Li 0001,2021,126/4778,Guosheng Lin
1679,70/1211-1,Boyang Li 0001,2020,m/ChunyanMiao,Chunyan Miao
1680,70/1211-1,Boyang Li 0001,2015,35/1096-1,Han Yu 0001
1681,70/1211-1,Boyang Li 0001,2015,03/1554-1,Zhiqi Shen 0001
1682,70/1211-1,Boyang Li 0001,2010,m/ChunyanMiao,Chunyan Miao
1683,70/1211-1,Boyang Li 0001,2010,38/3641,Ah-Hwee Tan
1684,70/1211-1,Boyang Li 0001,2010,03/1554-1,Zhiqi Shen 0001
1685,70/1211-1,Boyang Li 0001,2009,35/1096-1,Han Yu 0001
1686,70/1211-1,Boyang Li 0001,2009,03/1554-1,Zhiqi Shen 0001
1687,70/1211-1,Boyang Li 0001,2009,m/ChunyanMiao,Chunyan Miao
1688,70/1211-1,Boyang Li 0001,2008,64/4136,Yew-Soon Ong
1689,41/8030,Sourav Sen Gupta 0001,2022,67/2933,Arijit Khan 0001
1690,41/8030,Sourav Sen Gupta 0001,2021,67/2933,Arijit Khan 0001
1691,41/8030,Sourav Sen Gupta 0001,2020,67/2933,Arijit Khan 0001
1692,41/8030,Sourav Sen Gupta 0001,2019,99/4535,Anupam Chattopadhyay
1693,41/8030,Sourav Sen Gupta 0001,2019,99/4535,Anupam Chattopadhyay
1694,41/8030,Sourav Sen Gupta 0001,2019,99/4535,Anupam Chattopadhyay
1695,41/8030,Sourav Sen Gupta 0001,2019,99/4535,Anupam Chattopadhyay
1696,41/8030,Sourav Sen Gupta 0001,2019,99/4535,Anupam Chattopadhyay
1697,41/8030,Sourav Sen Gupta 0001,2018,99/4535,Anupam Chattopadhyay
1698,41/8030,Sourav Sen Gupta 0001,2018,99/4535,Anupam Chattopadhyay
1699,41/8030,Sourav Sen Gupta 0001,2018,10/1993,Kwok-Yan Lam
1700,41/8030,Sourav Sen Gupta 0001,2018,64/4136,Yew-Soon Ong
1701,41/8030,Sourav Sen Gupta 0001,2013,99/4535,Anupam Chattopadhyay
1702,41/8030,Sourav Sen Gupta 0001,2013,99/4535,Anupam Chattopadhyay
1703,41/8030,Sourav Sen Gupta 0001,2012,99/4535,Anupam Chattopadhyay
1704,41/8030,Sourav Sen Gupta 0001,2011,99/4535,Anupam Chattopadhyay
1705,61/3119,Shell-Ying Huang,2011,m/ChunyanMiao,Chunyan Miao
1706,61/3119,Shell-Ying Huang,2010,03/1554-1,Zhiqi Shen 0001
1707,61/3119,Shell-Ying Huang,2010,m/ChunyanMiao,Chunyan Miao
1708,61/3119,Shell-Ying Huang,2010,m/ChunyanMiao,Chunyan Miao
1709,61/3119,Shell-Ying Huang,2010,03/1554-1,Zhiqi Shen 0001
1710,61/3119,Shell-Ying Huang,2006,83/3179,Wentong Cai 0001
1711,61/3119,Shell-Ying Huang,2004,l/BuSungLee,Bu-Sung Lee
1712,61/3119,Shell-Ying Huang,2001,83/3179,Wentong Cai 0001
1713,61/3119,Shell-Ying Huang,2000,83/3179,Wentong Cai 0001
1714,61/3119,Shell-Ying Huang,1999,83/3179,Wentong Cai 0001
1715,61/3119,Shell-Ying Huang,1999,83/3179,Wentong Cai 0001
1716,61/3119,Shell-Ying Huang,1998,83/3179,Wentong Cai 0001
1717,61/3119,Shell-Ying Huang,1998,83/3179,Wentong Cai 0001
1718,q/HiokChaiQuek,Hiok Chai Quek,2024,38/3641,Ah-Hwee Tan
1719,q/HiokChaiQuek,Hiok Chai Quek,2024,93/4009,Zinovi Rabinovich
1720,q/HiokChaiQuek,Hiok Chai Quek,2024,93/4009,Zinovi Rabinovich
1721,q/HiokChaiQuek,Hiok Chai Quek,2023,93/4009,Zinovi Rabinovich
1722,q/HiokChaiQuek,Hiok Chai Quek,2022,95/3115,Deepu Rajan
1723,q/HiokChaiQuek,Hiok Chai Quek,2022,38/3641,Ah-Hwee Tan
1724,q/HiokChaiQuek,Hiok Chai Quek,2022,38/3641,Ah-Hwee Tan
1725,q/HiokChaiQuek,Hiok Chai Quek,2022,38/3641,Ah-Hwee Tan
1726,q/HiokChaiQuek,Hiok Chai Quek,2022,38/3641,Ah-Hwee Tan
1727,q/HiokChaiQuek,Hiok Chai Quek,2021,95/3115,Deepu Rajan
1728,q/HiokChaiQuek,Hiok Chai Quek,2020,95/7006,Cuntai Guan
1729,q/HiokChaiQuek,Hiok Chai Quek,2020,95/3115,Deepu Rajan
1730,q/HiokChaiQuek,Hiok Chai Quek,2020,95/3115,Deepu Rajan
1731,q/HiokChaiQuek,Hiok Chai Quek,2019,95/3115,Deepu Rajan
1732,q/HiokChaiQuek,Hiok Chai Quek,2018,38/3641,Ah-Hwee Tan
1733,q/HiokChaiQuek,Hiok Chai Quek,2018,m/ChunyanMiao,Chunyan Miao
1734,q/HiokChaiQuek,Hiok Chai Quek,2018,95/3115,Deepu Rajan
1735,q/HiokChaiQuek,Hiok Chai Quek,2017,97/6922,Wooi-Boon Goh
1736,q/HiokChaiQuek,Hiok Chai Quek,2017,95/3115,Deepu Rajan
1737,q/HiokChaiQuek,Hiok Chai Quek,2017,05/2952,Liang-Tien Chia
1738,q/HiokChaiQuek,Hiok Chai Quek,2017,38/3641,Ah-Hwee Tan
1739,q/HiokChaiQuek,Hiok Chai Quek,2017,m/ChunyanMiao,Chunyan Miao
1740,q/HiokChaiQuek,Hiok Chai Quek,2017,95/3115,Deepu Rajan
1741,q/HiokChaiQuek,Hiok Chai Quek,2017,95/3115,Deepu Rajan
1742,q/HiokChaiQuek,Hiok Chai Quek,2016,95/3115,Deepu Rajan
1743,q/HiokChaiQuek,Hiok Chai Quek,2016,95/3115,Deepu Rajan
1744,q/HiokChaiQuek,Hiok Chai Quek,2015,95/7006,Cuntai Guan
1745,q/HiokChaiQuek,Hiok Chai Quek,2015,63/6663,Douglas Leslie Maskell
1746,q/HiokChaiQuek,Hiok Chai Quek,2014,95/7006,Cuntai Guan
1747,q/HiokChaiQuek,Hiok Chai Quek,2013,95/7006,Cuntai Guan
1748,q/HiokChaiQuek,Hiok Chai Quek,2013,95/7006,Cuntai Guan
1749,q/HiokChaiQuek,Hiok Chai Quek,2013,95/7006,Cuntai Guan
1750,q/HiokChaiQuek,Hiok Chai Quek,2013,63/6663,Douglas Leslie Maskell
1751,q/HiokChaiQuek,Hiok Chai Quek,2012,95/7006,Cuntai Guan
1752,q/HiokChaiQuek,Hiok Chai Quek,2012,95/7006,Cuntai Guan
1753,q/HiokChaiQuek,Hiok Chai Quek,2012,95/7006,Cuntai Guan
1754,q/HiokChaiQuek,Hiok Chai Quek,2012,95/7006,Cuntai Guan
1755,q/HiokChaiQuek,Hiok Chai Quek,2012,95/7006,Cuntai Guan
1756,q/HiokChaiQuek,Hiok Chai Quek,2011,63/6663,Douglas L. Maskell
1757,q/HiokChaiQuek,Hiok Chai Quek,2011,95/7006,Cuntai Guan
1758,q/HiokChaiQuek,Hiok Chai Quek,2011,95/7006,Cuntai Guan
1759,q/HiokChaiQuek,Hiok Chai Quek,2011,95/7006,Cuntai Guan
1760,q/HiokChaiQuek,Hiok Chai Quek,2011,95/7006,Cuntai Guan
1761,q/HiokChaiQuek,Hiok Chai Quek,2010,63/6663,Douglas L. Maskell
1762,q/HiokChaiQuek,Hiok Chai Quek,2010,95/7006,Cuntai Guan
1763,q/HiokChaiQuek,Hiok Chai Quek,2009,95/7006,Cuntai Guan
1764,q/HiokChaiQuek,Hiok Chai Quek,2008,95/7006,Cuntai Guan
1765,q/HiokChaiQuek,Hiok Chai Quek,2007,63/6663,Douglas L. Maskell
1766,q/HiokChaiQuek,Hiok Chai Quek,2006,63/6663,Douglas L. Maskell
1767,q/HiokChaiQuek,Hiok Chai Quek,2006,63/6663,Douglas L. Maskell
1768,42/6178-1,Bo An 0001,2023,12/9925,Svetlana Obraztsova
1769,42/6178-1,Bo An 0001,2023,93/4009,Zinovi Rabinovich
1770,42/6178-1,Bo An 0001,2023,12/9925,Svetlana Obraztsova
1771,42/6178-1,Bo An 0001,2023,93/4009,Zinovi Rabinovich
1772,42/6178-1,Bo An 0001,2022,52/910,Chai Kiat Yeo
1773,42/6178-1,Bo An 0001,2022,93/4009,Zinovi Rabinovich
1774,42/6178-1,Bo An 0001,2022,12/9925,Svetlana Obraztsova
1775,42/6178-1,Bo An 0001,2022,52/910,Chai Kiat Yeo
1776,42/6178-1,Bo An 0001,2022,52/910,Chai Kiat Yeo
1777,42/6178-1,Bo An 0001,2022,12/9925,Svetlana Obraztsova
1778,42/6178-1,Bo An 0001,2022,93/4009,Zinovi Rabinovich
1779,42/6178-1,Bo An 0001,2022,12/9925,Svetlana Obraztsova
1780,42/6178-1,Bo An 0001,2021,52/910,Chai Kiat Yeo
1781,42/6178-1,Bo An 0001,2021,12/9925,Svetlana Obraztsova
1782,42/6178-1,Bo An 0001,2021,93/4009,Zinovi Rabinovich
1783,42/6178-1,Bo An 0001,2021,12/9925,Svetlana Obraztsova
1784,42/6178-1,Bo An 0001,2021,93/4009,Zinovi Rabinovich
1785,42/6178-1,Bo An 0001,2021,52/910,Chai Kiat Yeo
1786,42/6178-1,Bo An 0001,2021,93/4009,Zinovi Rabinovich
1787,42/6178-1,Bo An 0001,2021,12/9925,Svetlana Obraztsova
1788,42/6178-1,Bo An 0001,2021,52/910,Chai Kiat Yeo
1789,42/6178-1,Bo An 0001,2020,93/4009,Zinovi Rabinovich
1790,42/6178-1,Bo An 0001,2020,93/4009,Zinovi Rabinovich
1791,42/6178-1,Bo An 0001,2019,93/4009,Zinovi Rabinovich
1792,42/6178-1,Bo An 0001,2018,m/ChunyanMiao,Chunyan Miao
1793,42/6178-1,Bo An 0001,2018,m/ChunyanMiao,Chunyan Miao
1794,42/6178-1,Bo An 0001,2018,80/5412,Sinno Jialin Pan
1795,42/6178-1,Bo An 0001,2017,84/6889-2,Jie Zhang 0002
1796,42/6178-1,Bo An 0001,2017,76/440,Dusit Niyato
1797,42/6178-1,Bo An 0001,2017,m/ChunyanMiao,Chunyan Miao
1798,42/6178-1,Bo An 0001,2017,33/3180,Gao Cong
1799,42/6178-1,Bo An 0001,2016,84/6889-2,Jie Zhang 0002
1800,42/6178-1,Bo An 0001,2016,46/3391,Dacheng Tao
1801,42/6178-1,Bo An 0001,2016,m/ChunyanMiao,Chunyan Miao
1802,42/6178-1,Bo An 0001,2016,m/ChunyanMiao,Chunyan Miao
1803,42/6178-1,Bo An 0001,2016,m/ChunyanMiao,Chunyan Miao
1804,42/6178-1,Bo An 0001,2015,m/ChunyanMiao,Chunyan Miao
1805,42/6178-1,Bo An 0001,2015,03/1554-1,Zhiqi Shen 0001
1806,42/6178-1,Bo An 0001,2015,m/ChunyanMiao,Chunyan Miao
1807,42/6178-1,Bo An 0001,2014,35/1096-1,Han Yu 0001
1808,42/6178-1,Bo An 0001,2014,03/1554-1,Zhiqi Shen 0001
1809,42/6178-1,Bo An 0001,2014,m/ChunyanMiao,Chunyan Miao
1810,42/6178-1,Bo An 0001,2014,35/1096-1,Han Yu 0001
1811,42/6178-1,Bo An 0001,2014,m/ChunyanMiao,Chunyan Miao
1812,42/6178-1,Bo An 0001,2014,03/1554-1,Zhiqi Shen 0001
1813,42/6178-1,Bo An 0001,2014,84/6889-2,Jie Zhang 0002
1814,42/6178-1,Bo An 0001,2014,m/ChunyanMiao,Chunyan Miao
1815,42/6178-1,Bo An 0001,2014,m/ChunyanMiao,Chunyan Miao
1816,42/6178-1,Bo An 0001,2013,35/1096-1,Han Yu 0001
1817,42/6178-1,Bo An 0001,2013,03/1554-1,Zhiqi Shen 0001
1818,42/6178-1,Bo An 0001,2013,m/ChunyanMiao,Chunyan Miao
1819,42/6178-1,Bo An 0001,2013,35/1096-1,Han Yu 0001
1820,42/6178-1,Bo An 0001,2013,m/ChunyanMiao,Chunyan Miao
1821,42/6178-1,Bo An 0001,2012,35/1096-1,Han Yu 0001
1822,42/6178-1,Bo An 0001,2012,03/1554-1,Zhiqi Shen 0001
1823,42/6178-1,Bo An 0001,2012,m/ChunyanMiao,Chunyan Miao
1824,42/6178-1,Bo An 0001,2012,35/1096-1,Han Yu 0001
1825,42/6178-1,Bo An 0001,2012,03/1554-1,Zhiqi Shen 0001
1826,42/6178-1,Bo An 0001,2007,03/1554-1,Zhiqi Shen 0001
1827,42/6178-1,Bo An 0001,2007,m/ChunyanMiao,Chunyan Miao
1828,42/6178-1,Bo An 0001,2007,m/ChunyanMiao,Chunyan Miao
1829,42/6178-1,Bo An 0001,2007,03/1554-1,Zhiqi Shen 0001
1830,42/6178-1,Bo An 0001,2006,m/ChunyanMiao,Chunyan Miao
1831,42/6178-1,Bo An 0001,2006,03/1554-1,Zhiqi Shen 0001
1832,42/6178-1,Bo An 0001,2005,m/ChunyanMiao,Chunyan Miao
1833,42/6178-1,Bo An 0001,2005,m/ChunyanMiao,Chunyan Miao
1834,42/6178-1,Bo An 0001,2005,03/1554-1,Zhiqi Shen 0001
1835,42/6178-1,Bo An 0001,2005,m/ChunyanMiao,Chunyan Miao
1836,42/6178-1,Bo An 0001,2005,m/ChunyanMiao,Chunyan Miao
1837,83/6096,Jianfei Cai 0001,2024,126/4778,Guosheng Lin
1838,83/6096,Jianfei Cai 0001,2024,46/3391,Dacheng Tao
1839,83/6096,Jianfei Cai 0001,2024,29/3808,Tat-Jen Cham
1840,83/6096,Jianfei Cai 0001,2024,09/5452,Jianmin Zheng
1841,83/6096,Jianfei Cai 0001,2024,09/5452,Jianmin Zheng
1842,83/6096,Jianfei Cai 0001,2024,29/3808,Tat-Jen Cham
1843,83/6096,Jianfei Cai 0001,2024,09/5452,Jianmin Zheng
1844,83/6096,Jianfei Cai 0001,2024,29/3808,Tat-Jen Cham
1845,83/6096,Jianfei Cai 0001,2024,09/5452,Jianmin Zheng
1846,83/6096,Jianfei Cai 0001,2024,29/3808,Tat-Jen Cham
1847,83/6096,Jianfei Cai 0001,2024,09/5452,Jianmin Zheng
1848,83/6096,Jianfei Cai 0001,2024,09/5452,Jianmin Zheng
1849,83/6096,Jianfei Cai 0001,2024,09/5452,Jianmin Zheng
1850,83/6096,Jianfei Cai 0001,2024,29/3808,Tat-Jen Cham
1851,83/6096,Jianfei Cai 0001,2023,79/8116,Hanwang Zhang
1852,83/6096,Jianfei Cai 0001,2023,79/8116,Hanwang Zhang
1853,83/6096,Jianfei Cai 0001,2023,46/3391,Dacheng Tao
1854,83/6096,Jianfei Cai 0001,2023,46/3391,Dacheng Tao
1855,83/6096,Jianfei Cai 0001,2023,46/3391,Dacheng Tao
1856,83/6096,Jianfei Cai 0001,2023,46/3391,Dacheng Tao
1857,83/6096,Jianfei Cai 0001,2023,09/5452,Jianmin Zheng
1858,83/6096,Jianfei Cai 0001,2023,126/4778,Guosheng Lin
1859,83/6096,Jianfei Cai 0001,2023,46/3391,Dacheng Tao
1860,83/6096,Jianfei Cai 0001,2023,29/3808,Tat-Jen Cham
1861,83/6096,Jianfei Cai 0001,2023,09/5452,Jianmin Zheng
1862,83/6096,Jianfei Cai 0001,2022,79/8116,Hanwang Zhang
1863,83/6096,Jianfei Cai 0001,2022,29/3808,Tat-Jen Cham
1864,83/6096,Jianfei Cai 0001,2022,09/5452,Jianmin Zheng
1865,83/6096,Jianfei Cai 0001,2022,29/3808,Tat-Jen Cham
1866,83/6096,Jianfei Cai 0001,2022,42/2718,Shijian Lu
1867,83/6096,Jianfei Cai 0001,2022,64/4136,Yew-Soon Ong
1868,83/6096,Jianfei Cai 0001,2022,46/3391,Dacheng Tao
1869,83/6096,Jianfei Cai 0001,2022,29/3808,Tat-Jen Cham
1870,83/6096,Jianfei Cai 0001,2022,126/4778,Guosheng Lin
1871,83/6096,Jianfei Cai 0001,2022,09/5452,Jianmin Zheng
1872,83/6096,Jianfei Cai 0001,2022,09/5452,Jianmin Zheng
1873,83/6096,Jianfei Cai 0001,2022,29/3808,Tat-Jen Cham
1874,83/6096,Jianfei Cai 0001,2022,29/3808,Tat-Jen Cham
1875,83/6096,Jianfei Cai 0001,2022,09/5452,Jianmin Zheng
1876,83/6096,Jianfei Cai 0001,2022,29/3808,Tat-Jen Cham
1877,83/6096,Jianfei Cai 0001,2022,29/3808,Tat-Jen Cham
1878,83/6096,Jianfei Cai 0001,2022,46/3391,Dacheng Tao
1879,83/6096,Jianfei Cai 0001,2022,29/3808,Tat-Jen Cham
1880,83/6096,Jianfei Cai 0001,2022,126/4778,Guosheng Lin
1881,83/6096,Jianfei Cai 0001,2022,09/5452,Jianmin Zheng
1882,83/6096,Jianfei Cai 0001,2022,09/5452,Jianmin Zheng
1883,83/6096,Jianfei Cai 0001,2022,79/8116,Hanwang Zhang
1884,83/6096,Jianfei Cai 0001,2022,46/3391,Dacheng Tao
1885,83/6096,Jianfei Cai 0001,2021,29/3808,Tat-Jen Cham
1886,83/6096,Jianfei Cai 0001,2021,09/5452,Jianmin Zheng
1887,83/6096,Jianfei Cai 0001,2021,29/3808,Tat-Jen Cham
1888,83/6096,Jianfei Cai 0001,2021,29/3808,Tat-Jen Cham
1889,83/6096,Jianfei Cai 0001,2021,64/4136,Yew-Soon Ong
1890,83/6096,Jianfei Cai 0001,2021,09/5452,Jianmin Zheng
1891,83/6096,Jianfei Cai 0001,2021,79/8116,Hanwang Zhang
1892,83/6096,Jianfei Cai 0001,2021,29/3808,Tat-Jen Cham
1893,83/6096,Jianfei Cai 0001,2021,126/4778,Guosheng Lin
1894,83/6096,Jianfei Cai 0001,2021,79/8116,Hanwang Zhang
1895,83/6096,Jianfei Cai 0001,2021,29/3808,Tat-Jen Cham
1896,83/6096,Jianfei Cai 0001,2021,09/5452,Jianmin Zheng
1897,83/6096,Jianfei Cai 0001,2021,01/5855,Chen Change Loy
1898,83/6096,Jianfei Cai 0001,2021,79/8116,Hanwang Zhang
1899,83/6096,Jianfei Cai 0001,2021,29/3808,Tat-Jen Cham
1900,83/6096,Jianfei Cai 0001,2021,29/3808,Tat-Jen Cham
1901,83/6096,Jianfei Cai 0001,2021,29/3808,Tat-Jen Cham
1902,83/6096,Jianfei Cai 0001,2021,46/3391,Dacheng Tao
1903,83/6096,Jianfei Cai 0001,2021,29/3808,Tat-Jen Cham
1904,83/6096,Jianfei Cai 0001,2021,09/5452,Jianmin Zheng
1905,83/6096,Jianfei Cai 0001,2021,29/3808,Tat-Jen Cham
1906,83/6096,Jianfei Cai 0001,2021,126/4778,Guosheng Lin
1907,83/6096,Jianfei Cai 0001,2021,62/2078,Shafiq R. Joty
1908,83/6096,Jianfei Cai 0001,2021,126/4778,Guosheng Lin
1909,83/6096,Jianfei Cai 0001,2021,79/8116,Hanwang Zhang
1910,83/6096,Jianfei Cai 0001,2021,09/5452,Jianmin Zheng
1911,83/6096,Jianfei Cai 0001,2021,46/3391,Dacheng Tao
1912,83/6096,Jianfei Cai 0001,2021,46/3391,Dacheng Tao
1913,83/6096,Jianfei Cai 0001,2020,62/2078,Shafiq R. Joty
1914,83/6096,Jianfei Cai 0001,2020,09/5452,Jianmin Zheng
1915,83/6096,Jianfei Cai 0001,2020,29/3808,Tat-Jen Cham
1916,83/6096,Jianfei Cai 0001,2020,64/4136,Yew-Soon Ong
1917,83/6096,Jianfei Cai 0001,2020,09/5452,Jianmin Zheng
1918,83/6096,Jianfei Cai 0001,2020,09/5452,Jianmin Zheng
1919,83/6096,Jianfei Cai 0001,2020,126/4778,Guosheng Lin
1920,83/6096,Jianfei Cai 0001,2020,29/3808,Tat-Jen Cham
1921,83/6096,Jianfei Cai 0001,2020,62/2078,Shafiq R. Joty
1922,83/6096,Jianfei Cai 0001,2020,126/4778,Guosheng Lin
1923,83/6096,Jianfei Cai 0001,2020,09/5452,Jianmin Zheng
1924,83/6096,Jianfei Cai 0001,2020,79/8116,Hanwang Zhang
1925,83/6096,Jianfei Cai 0001,2020,62/2078,Shafiq R. Joty
1926,83/6096,Jianfei Cai 0001,2020,29/3808,Tat-Jen Cham
1927,83/6096,Jianfei Cai 0001,2020,79/8116,Hanwang Zhang
1928,83/6096,Jianfei Cai 0001,2020,126/4778,Guosheng Lin
1929,83/6096,Jianfei Cai 0001,2020,09/5452,Jianmin Zheng
1930,83/6096,Jianfei Cai 0001,2020,62/2078,Shafiq R. Joty
1931,83/6096,Jianfei Cai 0001,2019,09/5452,Jianmin Zheng
1932,83/6096,Jianfei Cai 0001,2019,29/3808,Tat-Jen Cham
1933,83/6096,Jianfei Cai 0001,2019,09/5452,Jianmin Zheng
1934,83/6096,Jianfei Cai 0001,2019,29/3808,Tat-Jen Cham
1935,83/6096,Jianfei Cai 0001,2019,126/4778,Guosheng Lin
1936,83/6096,Jianfei Cai 0001,2019,64/4136,Yew-Soon Ong
1937,83/6096,Jianfei Cai 0001,2019,09/5452,Jianmin Zheng
1938,83/6096,Jianfei Cai 0001,2019,29/3808,Tat-Jen Cham
1939,83/6096,Jianfei Cai 0001,2019,126/4778,Guosheng Lin
1940,83/6096,Jianfei Cai 0001,2019,29/3808,Tat-Jen Cham
1941,83/6096,Jianfei Cai 0001,2019,79/8116,Hanwang Zhang
1942,83/6096,Jianfei Cai 0001,2019,29/3808,Tat-Jen Cham
1943,83/6096,Jianfei Cai 0001,2019,79/8116,Hanwang Zhang
1944,83/6096,Jianfei Cai 0001,2019,09/5452,Jianmin Zheng
1945,83/6096,Jianfei Cai 0001,2019,62/2078,Shafiq R. Joty
1946,83/6096,Jianfei Cai 0001,2019,09/5452,Jianmin Zheng
1947,83/6096,Jianfei Cai 0001,2019,126/4778,Guosheng Lin
1948,83/6096,Jianfei Cai 0001,2019,62/2078,Shafiq R. Joty
1949,83/6096,Jianfei Cai 0001,2019,126/4778,Guosheng Lin
1950,83/6096,Jianfei Cai 0001,2019,126/4778,Guosheng Lin
1951,83/6096,Jianfei Cai 0001,2019,29/3808,Tat-Jen Cham
1952,83/6096,Jianfei Cai 0001,2019,09/5452,Jianmin Zheng
1953,83/6096,Jianfei Cai 0001,2019,09/5452,Jianmin Zheng
1954,83/6096,Jianfei Cai 0001,2019,29/3808,Tat-Jen Cham
1955,83/6096,Jianfei Cai 0001,2019,29/3808,Tat-Jen Cham
1956,83/6096,Jianfei Cai 0001,2019,29/3808,Tat-Jen Cham
1957,83/6096,Jianfei Cai 0001,2019,62/2078,Shafiq R. Joty
1958,83/6096,Jianfei Cai 0001,2019,79/8116,Hanwang Zhang
1959,83/6096,Jianfei Cai 0001,2019,29/3808,Tat-Jen Cham
1960,83/6096,Jianfei Cai 0001,2019,09/5452,Jianmin Zheng
1961,83/6096,Jianfei Cai 0001,2019,62/2078,Shafiq R. Joty
1962,83/6096,Jianfei Cai 0001,2019,64/4136,Yew-Soon Ong
1963,83/6096,Jianfei Cai 0001,2019,09/5452,Jianmin Zheng
1964,83/6096,Jianfei Cai 0001,2019,29/3808,Tat-Jen Cham
1965,83/6096,Jianfei Cai 0001,2018,64/4136,Yew-Soon Ong
1966,83/6096,Jianfei Cai 0001,2018,64/4136,Yew-Soon Ong
1967,83/6096,Jianfei Cai 0001,2018,09/5452,Jianmin Zheng
1968,83/6096,Jianfei Cai 0001,2018,29/3808,Tat-Jen Cham
1969,83/6096,Jianfei Cai 0001,2018,33/885,Yonggang Wen 0001
1970,83/6096,Jianfei Cai 0001,2018,29/3808,Tat-Jen Cham
1971,83/6096,Jianfei Cai 0001,2018,62/2078,Shafiq R. Joty
1972,83/6096,Jianfei Cai 0001,2018,09/5452,Jianmin Zheng
1973,83/6096,Jianfei Cai 0001,2018,79/8116,Hanwang Zhang
1974,83/6096,Jianfei Cai 0001,2018,62/2078,Shafiq R. Joty
1975,83/6096,Jianfei Cai 0001,2018,09/5452,Jianmin Zheng
1976,83/6096,Jianfei Cai 0001,2018,62/2078,Shafiq R. Joty
1977,83/6096,Jianfei Cai 0001,2018,29/3808,Tat-Jen Cham
1978,83/6096,Jianfei Cai 0001,2018,29/3808,Tat-Jen Cham
1979,83/6096,Jianfei Cai 0001,2018,64/4136,Yew-Soon Ong
1980,83/6096,Jianfei Cai 0001,2018,29/3808,Tat-Jen Cham
1981,83/6096,Jianfei Cai 0001,2018,09/5452,Jianmin Zheng
1982,83/6096,Jianfei Cai 0001,2018,09/5452,Jianmin Zheng
1983,83/6096,Jianfei Cai 0001,2018,29/3808,Tat-Jen Cham
1984,83/6096,Jianfei Cai 0001,2018,29/3808,Tat-Jen Cham
1985,83/6096,Jianfei Cai 0001,2018,126/4778,Guosheng Lin
1986,83/6096,Jianfei Cai 0001,2018,62/2078,Shafiq R. Joty
1987,83/6096,Jianfei Cai 0001,2018,09/5452,Jianmin Zheng
1988,83/6096,Jianfei Cai 0001,2018,62/2078,Shafiq R. Joty
1989,83/6096,Jianfei Cai 0001,2018,64/4136,Yew-Soon Ong
1990,83/6096,Jianfei Cai 0001,2018,64/4136,Yew-Soon Ong
1991,83/6096,Jianfei Cai 0001,2018,62/2078,Shafiq R. Joty
1992,83/6096,Jianfei Cai 0001,2018,79/8116,Hanwang Zhang
1993,83/6096,Jianfei Cai 0001,2018,29/3808,Tat-Jen Cham
1994,83/6096,Jianfei Cai 0001,2018,09/5452,Jianmin Zheng
1995,83/6096,Jianfei Cai 0001,2018,126/4778,Guosheng Lin
1996,83/6096,Jianfei Cai 0001,2018,64/4136,Yew-Soon Ong
1997,83/6096,Jianfei Cai 0001,2018,64/4136,Yew-Soon Ong
1998,83/6096,Jianfei Cai 0001,2018,126/4778,Guosheng Lin
1999,83/6096,Jianfei Cai 0001,2018,79/8116,Hanwang Zhang
2000,83/6096,Jianfei Cai 0001,2017,64/4136,Yew-Soon Ong
2001,83/6096,Jianfei Cai 0001,2017,33/885,Yonggang Wen 0001
2002,83/6096,Jianfei Cai 0001,2017,29/3808,Tat-Jen Cham
2003,83/6096,Jianfei Cai 0001,2017,09/5452,Jianmin Zheng
2004,83/6096,Jianfei Cai 0001,2017,33/885,Yonggang Wen 0001
2005,83/6096,Jianfei Cai 0001,2017,29/3808,Tat-Jen Cham
2006,83/6096,Jianfei Cai 0001,2017,64/4136,Yew-Soon Ong
2007,83/6096,Jianfei Cai 0001,2017,42/2718,Shijian Lu
2008,83/6096,Jianfei Cai 0001,2017,29/3808,Tat-Jen Cham
2009,83/6096,Jianfei Cai 0001,2017,42/2718,Shijian Lu
2010,83/6096,Jianfei Cai 0001,2017,64/4136,Yew-Soon Ong
2011,83/6096,Jianfei Cai 0001,2017,42/2718,Shijian Lu
2012,83/6096,Jianfei Cai 0001,2017,42/2718,Shijian Lu
2013,83/6096,Jianfei Cai 0001,2017,09/5452,Jianmin Zheng
2014,83/6096,Jianfei Cai 0001,2017,62/2078,Shafiq R. Joty
2015,83/6096,Jianfei Cai 0001,2016,42/2718,Shijian Lu
2016,83/6096,Jianfei Cai 0001,2016,09/5452,Jianmin Zheng
2017,83/6096,Jianfei Cai 0001,2016,42/2718,Shijian Lu
2018,83/6096,Jianfei Cai 0001,2016,29/3808,Tat-Jen Cham
2019,83/6096,Jianfei Cai 0001,2016,29/3808,Tat-Jen Cham
2020,83/6096,Jianfei Cai 0001,2016,09/5452,Jianmin Zheng
2021,83/6096,Jianfei Cai 0001,2015,29/3808,Tat-Jen Cham
2022,83/6096,Jianfei Cai 0001,2015,14/3737,Weisi Lin
2023,83/6096,Jianfei Cai 0001,2015,29/3808,Tat-Jen Cham
2024,83/6096,Jianfei Cai 0001,2015,09/5452,Jianmin Zheng
2025,83/6096,Jianfei Cai 0001,2015,29/3808,Tat-Jen Cham
2026,83/6096,Jianfei Cai 0001,2015,29/3808,Tat-Jen Cham
2027,83/6096,Jianfei Cai 0001,2015,09/5452,Jianmin Zheng
2028,83/6096,Jianfei Cai 0001,2015,42/2718,Shijian Lu
2029,83/6096,Jianfei Cai 0001,2015,14/3737,Weisi Lin
2030,83/6096,Jianfei Cai 0001,2015,29/3808,Tat-Jen Cham
2031,83/6096,Jianfei Cai 0001,2015,33/885,Yonggang Wen 0001
2032,83/6096,Jianfei Cai 0001,2015,09/5452,Jianmin Zheng
2033,83/6096,Jianfei Cai 0001,2015,42/2718,Shijian Lu
2034,83/6096,Jianfei Cai 0001,2015,29/3808,Tat-Jen Cham
2035,83/6096,Jianfei Cai 0001,2015,42/2718,Shijian Lu
2036,83/6096,Jianfei Cai 0001,2014,09/5452,Jianmin Zheng
2037,83/6096,Jianfei Cai 0001,2014,33/885,Yonggang Wen 0001
2038,83/6096,Jianfei Cai 0001,2014,42/2718,Shijian Lu
2039,83/6096,Jianfei Cai 0001,2014,29/3808,Tat-Jen Cham
2040,83/6096,Jianfei Cai 0001,2014,29/3808,Tat-Jen Cham
2041,83/6096,Jianfei Cai 0001,2014,09/5452,Jianmin Zheng
2042,83/6096,Jianfei Cai 0001,2014,29/3808,Tat-Jen Cham
2043,83/6096,Jianfei Cai 0001,2014,09/5452,Jianmin Zheng
2044,83/6096,Jianfei Cai 0001,2013,09/5452,Jianmin Zheng
2045,83/6096,Jianfei Cai 0001,2013,09/5452,Jianmin Zheng
2046,83/6096,Jianfei Cai 0001,2013,29/3808,Tat-Jen Cham
2047,83/6096,Jianfei Cai 0001,2013,09/5452,Jianmin Zheng
2048,83/6096,Jianfei Cai 0001,2013,29/3808,Tat-Jen Cham
2049,83/6096,Jianfei Cai 0001,2013,33/885,Yonggang Wen 0001
2050,83/6096,Jianfei Cai 0001,2013,33/885,Yonggang Wen 0001
2051,83/6096,Jianfei Cai 0001,2013,09/5452,Jianmin Zheng
2052,83/6096,Jianfei Cai 0001,2013,09/5452,Jianmin Zheng
2053,83/6096,Jianfei Cai 0001,2013,29/3808,Tat-Jen Cham
2054,83/6096,Jianfei Cai 0001,2012,09/5452,Jianmin Zheng
2055,83/6096,Jianfei Cai 0001,2012,14/3737,Weisi Lin
2056,83/6096,Jianfei Cai 0001,2012,09/5452,Jianmin Zheng
2057,83/6096,Jianfei Cai 0001,2012,33/885,Yonggang Wen 0001
2058,83/6096,Jianfei Cai 0001,2012,33/885,Yonggang Wen 0001
2059,83/6096,Jianfei Cai 0001,2012,09/5452,Jianmin Zheng
2060,83/6096,Jianfei Cai 0001,2012,14/3737,Weisi Lin
2061,83/6096,Jianfei Cai 0001,2012,29/3808,Tat-Jen Cham
2062,83/6096,Jianfei Cai 0001,2011,09/5452,Jianmin Zheng
2063,83/6096,Jianfei Cai 0001,2011,76/440,Dusit Niyato
2064,83/6096,Jianfei Cai 0001,2011,09/5452,Jianmin Zheng
2065,83/6096,Jianfei Cai 0001,2011,14/3737,Weisi Lin
2066,83/6096,Jianfei Cai 0001,2011,09/5452,Jianmin Zheng
2067,83/6096,Jianfei Cai 0001,2011,14/3737,Weisi Lin
2068,83/6096,Jianfei Cai 0001,2011,33/885,Yonggang Wen 0001
2069,83/6096,Jianfei Cai 0001,2010,09/5452,Jianmin Zheng
2070,83/6096,Jianfei Cai 0001,2010,09/5452,Jianmin Zheng
2071,83/6096,Jianfei Cai 0001,2010,09/5452,Jianmin Zheng
2072,83/6096,Jianfei Cai 0001,2010,09/5452,Jianmin Zheng
2073,83/6096,Jianfei Cai 0001,2010,09/5452,Jianmin Zheng
2074,83/6096,Jianfei Cai 0001,2010,09/5452,Jianmin Zheng
2075,83/6096,Jianfei Cai 0001,2009,14/3737,Weisi Lin
2076,83/6096,Jianfei Cai 0001,2009,09/5452,Jianmin Zheng
2077,83/6096,Jianfei Cai 0001,2009,09/5452,Jianmin Zheng
2078,83/6096,Jianfei Cai 0001,2009,09/5452,Jianmin Zheng
2079,83/6096,Jianfei Cai 0001,2009,05/2952,Liang-Tien Chia
2080,83/6096,Jianfei Cai 0001,2008,14/3737,Weisi Lin
2081,83/6096,Jianfei Cai 0001,2008,09/5452,Jianmin Zheng
2082,83/6096,Jianfei Cai 0001,2008,14/3737,Weisi Lin
2083,83/6096,Jianfei Cai 0001,2008,30/6609,Chiew Tong Lau
2084,83/6096,Jianfei Cai 0001,2008,09/5452,Jianmin Zheng
2085,83/6096,Jianfei Cai 0001,2008,14/3737,Weisi Lin
2086,83/6096,Jianfei Cai 0001,2008,14/3737,Weisi Lin
2087,83/6096,Jianfei Cai 0001,2008,14/3737,Weisi Lin
2088,83/6096,Jianfei Cai 0001,2007,09/5452,Jianmin Zheng
2089,83/6096,Jianfei Cai 0001,2007,30/6609,Chiew Tong Lau
2090,83/6096,Jianfei Cai 0001,2007,09/5452,Jianmin Zheng
2091,83/6096,Jianfei Cai 0001,2007,09/5452,Jianmin Zheng
2092,83/6096,Jianfei Cai 0001,2006,95/3115,Deepu Rajan
2093,83/6096,Jianfei Cai 0001,2006,05/2952,Liang-Tien Chia
2094,83/6096,Jianfei Cai 0001,2006,05/2952,Liang-Tien Chia
2095,83/6096,Jianfei Cai 0001,2006,l/BuSungLee,Bu-Sung Lee
2096,83/6096,Jianfei Cai 0001,2006,95/3115,Deepu Rajan
2097,83/6096,Jianfei Cai 0001,2004,05/2952,Liang-Tien Chia
2098,249/5315,Wei Yang Bryan Lim,2024,76/440,Dusit Niyato
2099,249/5315,Wei Yang Bryan Lim,2024,35/1096-1,Han Yu 0001
2100,249/5315,Wei Yang Bryan Lim,2024,76/440,Dusit Niyato
2101,249/5315,Wei Yang Bryan Lim,2024,35/1096-1,Han Yu 0001
2102,249/5315,Wei Yang Bryan Lim,2024,76/440,Dusit Niyato
2103,249/5315,Wei Yang Bryan Lim,2024,m/ChunyanMiao,Chunyan Miao
2104,249/5315,Wei Yang Bryan Lim,2024,76/440,Dusit Niyato
2105,249/5315,Wei Yang Bryan Lim,2024,m/ChunyanMiao,Chunyan Miao
2106,249/5315,Wei Yang Bryan Lim,2024,76/440,Dusit Niyato
2107,249/5315,Wei Yang Bryan Lim,2024,76/440,Dusit Niyato
2108,249/5315,Wei Yang Bryan Lim,2024,76/440,Dusit Niyato
2109,249/5315,Wei Yang Bryan Lim,2024,76/440,Dusit Niyato
2110,249/5315,Wei Yang Bryan Lim,2024,m/ChunyanMiao,Chunyan Miao
2111,249/5315,Wei Yang Bryan Lim,2024,76/440,Dusit Niyato
2112,249/5315,Wei Yang Bryan Lim,2023,76/440,Dusit Niyato
2113,249/5315,Wei Yang Bryan Lim,2023,m/ChunyanMiao,Chunyan Miao
2114,249/5315,Wei Yang Bryan Lim,2023,76/440,Dusit Niyato
2115,249/5315,Wei Yang Bryan Lim,2023,m/ChunyanMiao,Chunyan Miao
2116,249/5315,Wei Yang Bryan Lim,2023,76/440,Dusit Niyato
2117,249/5315,Wei Yang Bryan Lim,2023,m/ChunyanMiao,Chunyan Miao
2118,249/5315,Wei Yang Bryan Lim,2023,76/440,Dusit Niyato
2119,249/5315,Wei Yang Bryan Lim,2023,m/ChunyanMiao,Chunyan Miao
2120,249/5315,Wei Yang Bryan Lim,2023,76/440,Dusit Niyato
2121,249/5315,Wei Yang Bryan Lim,2023,m/ChunyanMiao,Chunyan Miao
2122,249/5315,Wei Yang Bryan Lim,2023,76/440,Dusit Niyato
2123,249/5315,Wei Yang Bryan Lim,2023,m/ChunyanMiao,Chunyan Miao
2124,249/5315,Wei Yang Bryan Lim,2023,76/440,Dusit Niyato
2125,249/5315,Wei Yang Bryan Lim,2023,35/1096-1,Han Yu 0001
2126,249/5315,Wei Yang Bryan Lim,2023,76/440,Dusit Niyato
2127,249/5315,Wei Yang Bryan Lim,2023,35/1096-1,Han Yu 0001
2128,249/5315,Wei Yang Bryan Lim,2023,76/440,Dusit Niyato
2129,249/5315,Wei Yang Bryan Lim,2023,35/1096-1,Han Yu 0001
2130,249/5315,Wei Yang Bryan Lim,2023,76/440,Dusit Niyato
2131,249/5315,Wei Yang Bryan Lim,2023,76/440,Dusit Niyato
2132,249/5315,Wei Yang Bryan Lim,2023,m/ChunyanMiao,Chunyan Miao
2133,249/5315,Wei Yang Bryan Lim,2023,76/440,Dusit Niyato
2134,249/5315,Wei Yang Bryan Lim,2022,76/440,Dusit Niyato
2135,249/5315,Wei Yang Bryan Lim,2022,76/440,Dusit Niyato
2136,249/5315,Wei Yang Bryan Lim,2022,m/ChunyanMiao,Chunyan Miao
2137,249/5315,Wei Yang Bryan Lim,2022,76/440,Dusit Niyato
2138,249/5315,Wei Yang Bryan Lim,2022,m/ChunyanMiao,Chunyan Miao
2139,249/5315,Wei Yang Bryan Lim,2022,76/440,Dusit Niyato
2140,249/5315,Wei Yang Bryan Lim,2022,m/ChunyanMiao,Chunyan Miao
2141,249/5315,Wei Yang Bryan Lim,2022,76/440,Dusit Niyato
2142,249/5315,Wei Yang Bryan Lim,2022,m/ChunyanMiao,Chunyan Miao
2143,249/5315,Wei Yang Bryan Lim,2022,76/440,Dusit Niyato
2144,249/5315,Wei Yang Bryan Lim,2022,35/1096-1,Han Yu 0001
2145,249/5315,Wei Yang Bryan Lim,2022,76/440,Dusit Niyato
2146,249/5315,Wei Yang Bryan Lim,2022,m/ChunyanMiao,Chunyan Miao
2147,249/5315,Wei Yang Bryan Lim,2022,35/1096-1,Han Yu 0001
2148,249/5315,Wei Yang Bryan Lim,2022,76/440,Dusit Niyato
2149,249/5315,Wei Yang Bryan Lim,2022,m/ChunyanMiao,Chunyan Miao
2150,249/5315,Wei Yang Bryan Lim,2022,76/440,Dusit Niyato
2151,249/5315,Wei Yang Bryan Lim,2022,m/ChunyanMiao,Chunyan Miao
2152,249/5315,Wei Yang Bryan Lim,2022,76/440,Dusit Niyato
2153,249/5315,Wei Yang Bryan Lim,2022,m/ChunyanMiao,Chunyan Miao
2154,249/5315,Wei Yang Bryan Lim,2022,76/440,Dusit Niyato
2155,249/5315,Wei Yang Bryan Lim,2022,m/ChunyanMiao,Chunyan Miao
2156,249/5315,Wei Yang Bryan Lim,2022,76/440,Dusit Niyato
2157,249/5315,Wei Yang Bryan Lim,2022,m/ChunyanMiao,Chunyan Miao
2158,249/5315,Wei Yang Bryan Lim,2022,76/440,Dusit Niyato
2159,249/5315,Wei Yang Bryan Lim,2022,m/ChunyanMiao,Chunyan Miao
2160,249/5315,Wei Yang Bryan Lim,2022,76/440,Dusit Niyato
2161,249/5315,Wei Yang Bryan Lim,2022,76/440,Dusit Niyato
2162,249/5315,Wei Yang Bryan Lim,2022,m/ChunyanMiao,Chunyan Miao
2163,249/5315,Wei Yang Bryan Lim,2022,76/440,Dusit Niyato
2164,249/5315,Wei Yang Bryan Lim,2022,m/ChunyanMiao,Chunyan Miao
2165,249/5315,Wei Yang Bryan Lim,2022,76/440,Dusit Niyato
2166,249/5315,Wei Yang Bryan Lim,2022,m/ChunyanMiao,Chunyan Miao
2167,249/5315,Wei Yang Bryan Lim,2022,76/440,Dusit Niyato
2168,249/5315,Wei Yang Bryan Lim,2022,m/ChunyanMiao,Chunyan Miao
2169,249/5315,Wei Yang Bryan Lim,2022,76/440,Dusit Niyato
2170,249/5315,Wei Yang Bryan Lim,2022,m/ChunyanMiao,Chunyan Miao
2171,249/5315,Wei Yang Bryan Lim,2022,76/440,Dusit Niyato
2172,249/5315,Wei Yang Bryan Lim,2022,35/1096-1,Han Yu 0001
2173,249/5315,Wei Yang Bryan Lim,2022,76/440,Dusit Niyato
2174,249/5315,Wei Yang Bryan Lim,2022,m/ChunyanMiao,Chunyan Miao
2175,249/5315,Wei Yang Bryan Lim,2021,76/440,Dusit Niyato
2176,249/5315,Wei Yang Bryan Lim,2021,m/ChunyanMiao,Chunyan Miao
2177,249/5315,Wei Yang Bryan Lim,2021,m/ChunyanMiao,Chunyan Miao
2178,249/5315,Wei Yang Bryan Lim,2021,76/440,Dusit Niyato
2179,249/5315,Wei Yang Bryan Lim,2021,m/ChunyanMiao,Chunyan Miao
2180,249/5315,Wei Yang Bryan Lim,2021,76/440,Dusit Niyato
2181,249/5315,Wei Yang Bryan Lim,2021,m/ChunyanMiao,Chunyan Miao
2182,249/5315,Wei Yang Bryan Lim,2021,76/440,Dusit Niyato
2183,249/5315,Wei Yang Bryan Lim,2021,m/ChunyanMiao,Chunyan Miao
2184,249/5315,Wei Yang Bryan Lim,2021,76/440,Dusit Niyato
2185,249/5315,Wei Yang Bryan Lim,2021,m/ChunyanMiao,Chunyan Miao
2186,249/5315,Wei Yang Bryan Lim,2021,76/440,Dusit Niyato
2187,249/5315,Wei Yang Bryan Lim,2021,m/ChunyanMiao,Chunyan Miao
2188,249/5315,Wei Yang Bryan Lim,2021,76/440,Dusit Niyato
2189,249/5315,Wei Yang Bryan Lim,2021,m/ChunyanMiao,Chunyan Miao
2190,249/5315,Wei Yang Bryan Lim,2021,35/1096-1,Han Yu 0001
2191,249/5315,Wei Yang Bryan Lim,2021,76/440,Dusit Niyato
2192,249/5315,Wei Yang Bryan Lim,2021,m/ChunyanMiao,Chunyan Miao
2193,249/5315,Wei Yang Bryan Lim,2021,76/440,Dusit Niyato
2194,249/5315,Wei Yang Bryan Lim,2021,76/440,Dusit Niyato
2195,249/5315,Wei Yang Bryan Lim,2021,m/ChunyanMiao,Chunyan Miao
2196,249/5315,Wei Yang Bryan Lim,2021,76/440,Dusit Niyato
2197,249/5315,Wei Yang Bryan Lim,2021,76/440,Dusit Niyato
2198,249/5315,Wei Yang Bryan Lim,2021,35/1096-1,Han Yu 0001
2199,249/5315,Wei Yang Bryan Lim,2021,76/440,Dusit Niyato
2200,249/5315,Wei Yang Bryan Lim,2021,m/ChunyanMiao,Chunyan Miao
2201,249/5315,Wei Yang Bryan Lim,2021,76/440,Dusit Niyato
2202,249/5315,Wei Yang Bryan Lim,2021,76/440,Dusit Niyato
2203,249/5315,Wei Yang Bryan Lim,2021,76/440,Dusit Niyato
2204,249/5315,Wei Yang Bryan Lim,2021,m/ChunyanMiao,Chunyan Miao
2205,249/5315,Wei Yang Bryan Lim,2021,76/440,Dusit Niyato
2206,249/5315,Wei Yang Bryan Lim,2021,76/440,Dusit Niyato
2207,249/5315,Wei Yang Bryan Lim,2021,76/440,Dusit Niyato
2208,249/5315,Wei Yang Bryan Lim,2021,m/ChunyanMiao,Chunyan Miao
2209,249/5315,Wei Yang Bryan Lim,2021,76/440,Dusit Niyato
2210,249/5315,Wei Yang Bryan Lim,2021,m/ChunyanMiao,Chunyan Miao
2211,249/5315,Wei Yang Bryan Lim,2021,76/440,Dusit Niyato
2212,249/5315,Wei Yang Bryan Lim,2020,76/440,Dusit Niyato
2213,249/5315,Wei Yang Bryan Lim,2020,m/ChunyanMiao,Chunyan Miao
2214,249/5315,Wei Yang Bryan Lim,2020,m/ChunyanMiao,Chunyan Miao
2215,249/5315,Wei Yang Bryan Lim,2020,76/440,Dusit Niyato
2216,249/5315,Wei Yang Bryan Lim,2020,76/440,Dusit Niyato
2217,249/5315,Wei Yang Bryan Lim,2020,m/ChunyanMiao,Chunyan Miao
2218,249/5315,Wei Yang Bryan Lim,2020,76/440,Dusit Niyato
2219,249/5315,Wei Yang Bryan Lim,2020,76/440,Dusit Niyato
2220,249/5315,Wei Yang Bryan Lim,2020,m/ChunyanMiao,Chunyan Miao
2221,249/5315,Wei Yang Bryan Lim,2020,76/440,Dusit Niyato
2222,249/5315,Wei Yang Bryan Lim,2020,m/ChunyanMiao,Chunyan Miao
2223,249/5315,Wei Yang Bryan Lim,2020,76/440,Dusit Niyato
2224,249/5315,Wei Yang Bryan Lim,2020,m/ChunyanMiao,Chunyan Miao
2225,249/5315,Wei Yang Bryan Lim,2020,76/440,Dusit Niyato
2226,249/5315,Wei Yang Bryan Lim,2020,m/ChunyanMiao,Chunyan Miao
2227,249/5315,Wei Yang Bryan Lim,2020,76/440,Dusit Niyato
2228,249/5315,Wei Yang Bryan Lim,2020,m/ChunyanMiao,Chunyan Miao
2229,249/5315,Wei Yang Bryan Lim,2020,76/440,Dusit Niyato
2230,249/5315,Wei Yang Bryan Lim,2020,m/ChunyanMiao,Chunyan Miao
2231,249/5315,Wei Yang Bryan Lim,2020,76/440,Dusit Niyato
2232,249/5315,Wei Yang Bryan Lim,2020,m/ChunyanMiao,Chunyan Miao
2233,249/5315,Wei Yang Bryan Lim,2020,76/440,Dusit Niyato
2234,249/5315,Wei Yang Bryan Lim,2020,m/ChunyanMiao,Chunyan Miao
2235,249/5315,Wei Yang Bryan Lim,2020,m/ChunyanMiao,Chunyan Miao
2236,249/5315,Wei Yang Bryan Lim,2020,76/440,Dusit Niyato
2237,249/5315,Wei Yang Bryan Lim,2020,m/ChunyanMiao,Chunyan Miao
2238,249/5315,Wei Yang Bryan Lim,2020,76/440,Dusit Niyato
2239,249/5315,Wei Yang Bryan Lim,2019,76/440,Dusit Niyato
2240,249/5315,Wei Yang Bryan Lim,2019,m/ChunyanMiao,Chunyan Miao
2241,30/6609,Chiew Tong Lau,2020,80/2106,Syin Chan
2242,30/6609,Chiew Tong Lau,2018,52/910,Chai Kiat Yeo
2243,30/6609,Chiew Tong Lau,2018,l/BuSungLee,Bu-Sung Lee
2244,30/6609,Chiew Tong Lau,2018,52/910,Chai Kiat Yeo
2245,30/6609,Chiew Tong Lau,2018,l/BuSungLee,Bu-Sung Lee
2246,30/6609,Chiew Tong Lau,2018,52/910,Chai Kiat Yeo
2247,30/6609,Chiew Tong Lau,2018,l/BuSungLee,Bu-Sung Lee
2248,30/6609,Chiew Tong Lau,2018,52/910,Chai Kiat Yeo
2249,30/6609,Chiew Tong Lau,2018,l/BuSungLee,Bu-Sung Lee
2250,30/6609,Chiew Tong Lau,2018,52/910,Chai Kiat Yeo
2251,30/6609,Chiew Tong Lau,2018,l/BuSungLee,Bu-Sung Lee
2252,30/6609,Chiew Tong Lau,2018,52/910,Chai Kiat Yeo
2253,30/6609,Chiew Tong Lau,2018,l/BuSungLee,Bu-Sung Lee
2254,30/6609,Chiew Tong Lau,2017,52/910,Chai Kiat Yeo
2255,30/6609,Chiew Tong Lau,2017,l/BuSungLee,Bu-Sung Lee
2256,30/6609,Chiew Tong Lau,2017,80/2106,Syin Chan
2257,30/6609,Chiew Tong Lau,2017,52/910,Chai Kiat Yeo
2258,30/6609,Chiew Tong Lau,2017,l/BuSungLee,Bu-Sung Lee
2259,30/6609,Chiew Tong Lau,2016,80/2106,Syin Chan
2260,30/6609,Chiew Tong Lau,2015,80/2106,Syin Chan
2261,30/6609,Chiew Tong Lau,2015,80/2106,Syin Chan
2262,30/6609,Chiew Tong Lau,2015,52/910,Chai Kiat Yeo
2263,30/6609,Chiew Tong Lau,2015,l/BuSungLee,Francis Bu-Sung Lee
2264,30/6609,Chiew Tong Lau,2014,80/2106,Syin Chan
2265,30/6609,Chiew Tong Lau,2014,14/3737,Weisi Lin
2266,30/6609,Chiew Tong Lau,2014,l/BuSungLee,Bu-Sung Lee
2267,30/6609,Chiew Tong Lau,2013,14/3737,Weisi Lin
2268,30/6609,Chiew Tong Lau,2013,l/BuSungLee,Bu-Sung Lee
2269,30/6609,Chiew Tong Lau,2013,14/3737,Weisi Lin
2270,30/6609,Chiew Tong Lau,2013,l/BuSungLee,Bu-Sung Lee
2271,30/6609,Chiew Tong Lau,2013,80/2106,Syin Chan
2272,30/6609,Chiew Tong Lau,2013,80/2106,Syin Chan
2273,30/6609,Chiew Tong Lau,2013,80/2106,Syin Chan
2274,30/6609,Chiew Tong Lau,2013,80/2106,Syin Chan
2275,30/6609,Chiew Tong Lau,2013,80/2106,Syin Chan
2276,30/6609,Chiew Tong Lau,2012,14/3737,Weisi Lin
2277,30/6609,Chiew Tong Lau,2012,l/BuSungLee,Bu-Sung Lee
2278,30/6609,Chiew Tong Lau,2012,14/3737,Weisi Lin
2279,30/6609,Chiew Tong Lau,2012,l/BuSungLee,Bu-Sung Lee
2280,30/6609,Chiew Tong Lau,2012,14/3737,Weisi Lin
2281,30/6609,Chiew Tong Lau,2012,l/BuSungLee,Bu-Sung Lee
2282,30/6609,Chiew Tong Lau,2012,14/3737,Weisi Lin
2283,30/6609,Chiew Tong Lau,2012,l/BuSungLee,Bu-Sung Lee
2284,30/6609,Chiew Tong Lau,2012,14/3737,Weisi Lin
2285,30/6609,Chiew Tong Lau,2012,l/BuSungLee,Bu-Sung Lee
2286,30/6609,Chiew Tong Lau,2012,80/2106,Syin Chan
2287,30/6609,Chiew Tong Lau,2012,80/2106,Syin Chan
2288,30/6609,Chiew Tong Lau,2011,14/3737,Weisi Lin
2289,30/6609,Chiew Tong Lau,2011,l/BuSungLee,Bu-Sung Lee
2290,30/6609,Chiew Tong Lau,2011,14/3737,Weisi Lin
2291,30/6609,Chiew Tong Lau,2011,l/BuSungLee,Bu-Sung Lee
2292,30/6609,Chiew Tong Lau,2011,14/3737,Weisi Lin
2293,30/6609,Chiew Tong Lau,2011,l/BuSungLee,Bu-Sung Lee
2294,30/6609,Chiew Tong Lau,2011,14/3737,Weisi Lin
2295,30/6609,Chiew Tong Lau,2011,l/BuSungLee,Bu-Sung Lee
2296,30/6609,Chiew Tong Lau,2011,14/3737,Weisi Lin
2297,30/6609,Chiew Tong Lau,2011,l/BuSungLee,Bu-Sung Lee
2298,30/6609,Chiew Tong Lau,2011,66/549,A. S. Madhukumar
2299,30/6609,Chiew Tong Lau,2011,80/2106,Syin Chan
2300,30/6609,Chiew Tong Lau,2011,14/3737,Weisi Lin
2301,30/6609,Chiew Tong Lau,2011,l/BuSungLee,Bu-Sung Lee
2302,30/6609,Chiew Tong Lau,2011,14/3737,Weisi Lin
2303,30/6609,Chiew Tong Lau,2011,l/BuSungLee,Bu-Sung Lee
2304,30/6609,Chiew Tong Lau,2011,80/2106,Syin Chan
2305,30/6609,Chiew Tong Lau,2010,14/3737,Weisi Lin
2306,30/6609,Chiew Tong Lau,2010,l/BuSungLee,Bu-Sung Lee
2307,30/6609,Chiew Tong Lau,2010,14/3737,Weisi Lin
2308,30/6609,Chiew Tong Lau,2010,l/BuSungLee,Bu-Sung Lee
2309,30/6609,Chiew Tong Lau,2010,14/3737,Weisi Lin
2310,30/6609,Chiew Tong Lau,2010,l/BuSungLee,Bu-Sung Lee
2311,30/6609,Chiew Tong Lau,2010,14/3737,Weisi Lin
2312,30/6609,Chiew Tong Lau,2010,l/BuSungLee,Bu-Sung Lee
2313,30/6609,Chiew Tong Lau,2010,14/3737,Weisi Lin
2314,30/6609,Chiew Tong Lau,2010,l/BuSungLee,Bu-Sung Lee
2315,30/6609,Chiew Tong Lau,2010,95/7006,Cuntai Guan
2316,30/6609,Chiew Tong Lau,2010,14/3737,Weisi Lin
2317,30/6609,Chiew Tong Lau,2010,l/BuSungLee,Bu-Sung Lee
2318,30/6609,Chiew Tong Lau,2009,95/7006,Cuntai Guan
2319,30/6609,Chiew Tong Lau,2009,95/7006,Cuntai Guan
2320,30/6609,Chiew Tong Lau,2008,83/6096,Jianfei Cai 0001
2321,30/6609,Chiew Tong Lau,2007,l/BuSungLee,Bu-Sung Lee
2322,30/6609,Chiew Tong Lau,2007,83/6096,Jianfei Cai 0001
2323,30/6609,Chiew Tong Lau,2006,l/BuSungLee,Bu-Sung Lee
2324,30/6609,Chiew Tong Lau,2005,l/BuSungLee,Bu-Sung Lee
2325,30/6609,Chiew Tong Lau,2004,l/BuSungLee,Bu-Sung Lee
2326,30/6609,Chiew Tong Lau,2003,l/BuSungLee,Bu-Sung Lee
2327,30/6609,Chiew Tong Lau,2002,66/549,A. S. Madhukumar
2328,30/6609,Chiew Tong Lau,2001,65/3225,Siu Cheung Hui
2329,30/6609,Chiew Tong Lau,2001,65/3225,Siu Cheung Hui
2330,30/6609,Chiew Tong Lau,2001,52/910,Chai Kiat Yeo
2331,30/6609,Chiew Tong Lau,2001,65/3225,Siu Cheung Hui
2332,30/6609,Chiew Tong Lau,2001,l/BuSungLee,Bu-Sung Lee
2333,30/6609,Chiew Tong Lau,2000,l/BuSungLee,Bu-Sung Lee
2334,30/6609,Chiew Tong Lau,2000,69/8028,Nicholas C. H. Vun
2335,30/6609,Chiew Tong Lau,1999,52/910,Chai Kiat Yeo
2336,95/7006,Cuntai Guan,2025,35/1096-1,Han Yu 0001
2337,95/7006,Cuntai Guan,2024,35/1096-1,Han Yu 0001
2338,95/7006,Cuntai Guan,2023,32/228,Chee-Keong Kwoh 0001
2339,95/7006,Cuntai Guan,2023,32/228,Chee-Keong Kwoh 0001
2340,95/7006,Cuntai Guan,2023,51/3710-3,Yang Liu 0003
2341,95/7006,Cuntai Guan,2023,35/1096-1,Han Yu 0001
2342,95/7006,Cuntai Guan,2022,32/228,Chee Keong Kwoh 0001
2343,95/7006,Cuntai Guan,2021,32/228,Chee Keong Kwoh 0001
2344,95/7006,Cuntai Guan,2021,32/228,Chee Keong Kwoh 0001
2345,95/7006,Cuntai Guan,2021,32/228,Chee Keong Kwoh 0001
2346,95/7006,Cuntai Guan,2020,99/4535,Anupam Chattopadhyay
2347,95/7006,Cuntai Guan,2020,q/HiokChaiQuek,Chai Quek
2348,95/7006,Cuntai Guan,2019,97/6922,Wooi Boon Goh
2349,95/7006,Cuntai Guan,2018,97/6922,Wooi Boon Goh
2350,95/7006,Cuntai Guan,2018,97/6922,Wooi Boon Goh
2351,95/7006,Cuntai Guan,2017,97/6922,Wooi Boon Goh
2352,95/7006,Cuntai Guan,2015,q/HiokChaiQuek,Chai Quek
2353,95/7006,Cuntai Guan,2014,q/HiokChaiQuek,Chai Quek
2354,95/7006,Cuntai Guan,2014,32/228,Chee Keong Kwoh 0001
2355,95/7006,Cuntai Guan,2013,q/HiokChaiQuek,Chai Quek
2356,95/7006,Cuntai Guan,2013,q/HiokChaiQuek,Chai Quek
2357,95/7006,Cuntai Guan,2013,q/HiokChaiQuek,Chai Quek
2358,95/7006,Cuntai Guan,2012,q/HiokChaiQuek,Chai Quek
2359,95/7006,Cuntai Guan,2012,q/HiokChaiQuek,Chai Quek
2360,95/7006,Cuntai Guan,2012,q/HiokChaiQuek,Chai Quek
2361,95/7006,Cuntai Guan,2012,q/HiokChaiQuek,Chai Quek
2362,95/7006,Cuntai Guan,2012,q/HiokChaiQuek,Chai Quek
2363,95/7006,Cuntai Guan,2011,q/HiokChaiQuek,Chai Quek
2364,95/7006,Cuntai Guan,2011,q/HiokChaiQuek,Chai Quek
2365,95/7006,Cuntai Guan,2011,80/5412,Sinno Jialin Pan
2366,95/7006,Cuntai Guan,2011,q/HiokChaiQuek,Chai Quek
2367,95/7006,Cuntai Guan,2011,q/HiokChaiQuek,Hiok Chai Quek
2368,95/7006,Cuntai Guan,2010,30/6609,Chiew Tong Lau
2369,95/7006,Cuntai Guan,2010,q/HiokChaiQuek,Chai Quek
2370,95/7006,Cuntai Guan,2009,30/6609,Chiew Tong Lau
2371,95/7006,Cuntai Guan,2009,q/HiokChaiQuek,Chai Quek
2372,95/7006,Cuntai Guan,2009,30/6609,Chiew Tong Lau
2373,95/7006,Cuntai Guan,2008,q/HiokChaiQuek,Chai Quek
2374,95/7006,Cuntai Guan,2008,42/2718,Shijian Lu
2375,95/7006,Cuntai Guan,2008,42/2718,Shijian Lu
2376,95/7006,Cuntai Guan,2004,c/ChngEngSiong,Chng Eng Siong
2377,46/3391,Dacheng Tao,2025,77/7902,Tianwei Zhang
2378,46/3391,Dacheng Tao,2024,83/6096,Jianfei Cai 0001
2379,46/3391,Dacheng Tao,2024,33/885,Yonggang Wen 0001
2380,46/3391,Dacheng Tao,2024,58/10813-1,Cheng Long 0001
2381,46/3391,Dacheng Tao,2024,84/6889-2,Jie Zhang 0002
2382,46/3391,Dacheng Tao,2024,29/3808,Tat-Jen Cham
2383,46/3391,Dacheng Tao,2024,33/885,Yonggang Wen 0001
2384,46/3391,Dacheng Tao,2024,33/885,Yonggang Wen 0001
2385,46/3391,Dacheng Tao,2024,33/885,Yonggang Wen 0001
2386,46/3391,Dacheng Tao,2024,29/3808,Tat-Jen Cham
2387,46/3391,Dacheng Tao,2024,33/885,Yonggang Wen 0001
2388,46/3391,Dacheng Tao,2024,84/6889-2,Jie Zhang 0002
2389,46/3391,Dacheng Tao,2024,33/885,Yonggang Wen 0001
2390,46/3391,Dacheng Tao,2024,84/6889-2,Jie Zhang 0002
2391,46/3391,Dacheng Tao,2024,42/2718,Shijian Lu
2392,46/3391,Dacheng Tao,2023,33/885,Yonggang Wen 0001
2393,46/3391,Dacheng Tao,2023,83/6096,Jianfei Cai 0001
2394,46/3391,Dacheng Tao,2023,83/6096,Jianfei Cai 0001
2395,46/3391,Dacheng Tao,2023,33/885,Yonggang Wen 0001
2396,46/3391,Dacheng Tao,2023,33/885,Yonggang Wen 0001
2397,46/3391,Dacheng Tao,2023,33/885,Yonggang Wen 0001
2398,46/3391,Dacheng Tao,2023,70/1211-1,Boyang Li 0001
2399,46/3391,Dacheng Tao,2023,83/6096,Jianfei Cai 0001
2400,46/3391,Dacheng Tao,2023,83/6096,Jianfei Cai 0001
2401,46/3391,Dacheng Tao,2023,29/3808,Tat-Jen Cham
2402,46/3391,Dacheng Tao,2023,29/3808,Tat-Jen Cham
2403,46/3391,Dacheng Tao,2023,33/885,Yonggang Wen 0001
2404,46/3391,Dacheng Tao,2023,83/6096,Jianfei Cai 0001
2405,46/3391,Dacheng Tao,2023,29/3808,Tat-Jen Cham
2406,46/3391,Dacheng Tao,2023,33/885,Yonggang Wen 0001
2407,46/3391,Dacheng Tao,2023,29/3808,Tat-Jen Cham
2408,46/3391,Dacheng Tao,2022,33/885,Yonggang Wen 0001
2409,46/3391,Dacheng Tao,2022,93/7359,Xiaohui Bei
2410,46/3391,Dacheng Tao,2022,83/6096,Jianfei Cai 0001
2411,46/3391,Dacheng Tao,2022,83/6096,Jianfei Cai 0001
2412,46/3391,Dacheng Tao,2022,33/885,Yonggang Wen 0001
2413,46/3391,Dacheng Tao,2022,83/6096,Jianfei Cai 0001
2414,46/3391,Dacheng Tao,2022,29/3808,Tat-Jen Cham
2415,46/3391,Dacheng Tao,2022,33/885,Yonggang Wen 0001
2416,46/3391,Dacheng Tao,2022,m/ChunyanMiao,Chunyan Miao
2417,46/3391,Dacheng Tao,2022,70/1211-1,Boyang Li 0001
2418,46/3391,Dacheng Tao,2021,33/885,Yonggang Wen 0001
2419,46/3391,Dacheng Tao,2021,33/885,Yonggang Wen 0001
2420,46/3391,Dacheng Tao,2021,83/6096,Jianfei Cai 0001
2421,46/3391,Dacheng Tao,2021,33/885,Yonggang Wen 0001
2422,46/3391,Dacheng Tao,2021,83/6096,Jianfei Cai 0001
2423,46/3391,Dacheng Tao,2021,83/6096,Jianfei Cai 0001
2424,46/3391,Dacheng Tao,2020,33/885,Yonggang Wen 0001
2425,46/3391,Dacheng Tao,2020,33/885,Yonggang Wen 0001
2426,46/3391,Dacheng Tao,2020,33/885,Yonggang Wen 0001
2427,46/3391,Dacheng Tao,2020,33/885,Yonggang Wen 0001
2428,46/3391,Dacheng Tao,2019,33/885,Yonggang Wen 0001
2429,46/3391,Dacheng Tao,2019,33/885,Yonggang Wen 0001
2430,46/3391,Dacheng Tao,2019,51/3710-3,Yang Liu 0003
2431,46/3391,Dacheng Tao,2019,79/8116,Hanwang Zhang
2432,46/3391,Dacheng Tao,2019,m/ChunyanMiao,Chunyan Miao
2433,46/3391,Dacheng Tao,2019,33/885,Yonggang Wen 0001
2434,46/3391,Dacheng Tao,2019,33/885,Yonggang Wen 0001
2435,46/3391,Dacheng Tao,2019,33/885,Yonggang Wen 0001
2436,46/3391,Dacheng Tao,2019,33/885,Yonggang Wen 0001
2437,46/3391,Dacheng Tao,2019,33/885,Yonggang Wen 0001
2438,46/3391,Dacheng Tao,2019,14/3737,Weisi Lin
2439,46/3391,Dacheng Tao,2019,33/885,Yonggang Wen 0001
2440,46/3391,Dacheng Tao,2018,33/885,Yonggang Wen 0001
2441,46/3391,Dacheng Tao,2018,33/885,Yonggang Wen 0001
2442,46/3391,Dacheng Tao,2018,14/3737,Weisi Lin
2443,46/3391,Dacheng Tao,2018,33/885,Yonggang Wen 0001
2444,46/3391,Dacheng Tao,2018,33/885,Yonggang Wen 0001
2445,46/3391,Dacheng Tao,2018,33/885,Yonggang Wen 0001
2446,46/3391,Dacheng Tao,2017,33/885,Yonggang Wen 0001
2447,46/3391,Dacheng Tao,2017,01/5855,Chen Change Loy
2448,46/3391,Dacheng Tao,2017,33/885,Yonggang Wen 0001
2449,46/3391,Dacheng Tao,2017,33/885,Yonggang Wen 0001
2450,46/3391,Dacheng Tao,2017,33/885,Yonggang Wen 0001
2451,46/3391,Dacheng Tao,2016,42/6178-1,Bo An 0001
2452,46/3391,Dacheng Tao,2016,33/885,Yonggang Wen 0001
2453,46/3391,Dacheng Tao,2016,33/885,Yonggang Wen 0001
2454,46/3391,Dacheng Tao,2016,33/885,Yonggang Wen 0001
2455,46/3391,Dacheng Tao,2016,33/885,Yonggang Wen 0001
2456,46/3391,Dacheng Tao,2016,33/885,Yonggang Wen 0001
2457,46/3391,Dacheng Tao,2015,33/885,Yonggang Wen 0001
2458,46/3391,Dacheng Tao,2015,33/885,Yonggang Wen 0001
2459,46/3391,Dacheng Tao,2015,33/885,Yonggang Wen 0001
2460,46/3391,Dacheng Tao,2013,33/885,Yonggang Wen 0001
2461,46/3391,Dacheng Tao,2012,14/3737,Weisi Lin
2462,46/3391,Dacheng Tao,2012,s/SeahHockSoon,Hock Soon Seah
2463,46/3391,Dacheng Tao,2011,s/SeahHockSoon,Hock Soon Seah
2464,46/3391,Dacheng Tao,2011,s/SeahHockSoon,Hock Soon Seah
2465,117/5965,Siqiang Luo,2025,67/2933,Arijit Khan 0001
2466,117/5965,Siqiang Luo,2024,33/3180,Gao Cong
2467,117/5965,Siqiang Luo,2024,33/3180,Gao Cong
2468,117/5965,Siqiang Luo,2023,67/2933,Arijit Khan 0001
2469,117/5965,Siqiang Luo,2023,58/10813-1,Cheng Long 0001
2470,117/5965,Siqiang Luo,2023,67/2933,Arijit Khan 0001
2471,117/5965,Siqiang Luo,2022,33/3180,Gao Cong
2472,117/5965,Siqiang Luo,2022,33/3180,Gao Cong
2473,117/5965,Siqiang Luo,2014,33/3180,Gao Cong
2474,117/5965,Siqiang Luo,2012,33/3180,Gao Cong
2475,74/1907,Siew-Kei Lam,2024,23/1694,Thambipillai Srikanthan
2476,74/1907,Siew-Kei Lam,2024,23/1694,Thambipillai Srikanthan
2477,74/1907,Siew-Kei Lam,2024,23/1694,Thambipillai Srikanthan
2478,74/1907,Siew-Kei Lam,2024,23/1694,Thambipillai Srikanthan
2479,74/1907,Siew-Kei Lam,2024,55/9613,Mahardhika Pratama
2480,74/1907,Siew-Kei Lam,2024,23/1694,Thambipillai Srikanthan
2481,74/1907,Siew-Kei Lam,2024,55/9613,Mahardhika Pratama
2482,74/1907,Siew-Kei Lam,2024,23/1694,Thambipillai Srikanthan
2483,74/1907,Siew-Kei Lam,2023,23/1694,Thambipillai Srikanthan
2484,74/1907,Siew-Kei Lam,2023,23/1694,Srikanthan Thambipillai
2485,74/1907,Siew-Kei Lam,2022,55/9613,Mahardhika Pratama
2486,74/1907,Siew-Kei Lam,2022,55/9613,Mahardhika Pratama
2487,74/1907,Siew-Kei Lam,2020,23/1694,Thambipillai Srikanthan
2488,74/1907,Siew-Kei Lam,2020,23/1694,Thambipillai Srikanthan
2489,74/1907,Siew-Kei Lam,2020,23/1694,Thambipillai Srikanthan
2490,74/1907,Siew-Kei Lam,2019,23/1694,Thambipillai Srikanthan
2491,74/1907,Siew-Kei Lam,2018,23/1694,Thambipillai Srikanthan
2492,74/1907,Siew-Kei Lam,2018,23/1694,Thambipillai Srikanthan
2493,74/1907,Siew-Kei Lam,2018,23/1694,Thambipillai Srikanthan
2494,74/1907,Siew-Kei Lam,2018,23/1694,Thambipillai Srikanthan
2495,74/1907,Siew-Kei Lam,2018,23/1694,Thambipillai Srikanthan
2496,74/1907,Siew-Kei Lam,2017,23/1694,Thambipillai Srikanthan
2497,74/1907,Siew-Kei Lam,2016,23/1694,Thambipillai Srikanthan
2498,74/1907,Siew-Kei Lam,2016,23/1694,Thambipillai Srikanthan
2499,74/1907,Siew-Kei Lam,2016,23/1694,Thambipillai Srikanthan
2500,74/1907,Siew-Kei Lam,2016,23/1694,Thambipillai Srikanthan
2501,74/1907,Siew-Kei Lam,2016,23/1694,Thambipillai Srikanthan
2502,74/1907,Siew-Kei Lam,2015,23/1694,Thambipillai Srikanthan
2503,74/1907,Siew-Kei Lam,2015,23/1694,Thambipillai Srikanthan
2504,74/1907,Siew-Kei Lam,2015,23/1694,Thambipillai Srikanthan
2505,74/1907,Siew-Kei Lam,2015,23/1694,Thambipillai Srikanthan
2506,74/1907,Siew-Kei Lam,2015,23/1694,Thambipillai Srikanthan
2507,74/1907,Siew-Kei Lam,2015,23/1694,Thambipillai Srikanthan
2508,74/1907,Siew-Kei Lam,2014,23/1694,Thambipillai Srikanthan
2509,74/1907,Siew-Kei Lam,2014,23/1694,Thambipillai Srikanthan
2510,74/1907,Siew-Kei Lam,2014,23/1694,Thambipillai Srikanthan
2511,74/1907,Siew-Kei Lam,2014,23/1694,Thambipillai Srikanthan
2512,74/1907,Siew-Kei Lam,2014,23/1694,Thambipillai Srikanthan
2513,74/1907,Siew-Kei Lam,2014,23/1694,Thambipillai Srikanthan
2514,74/1907,Siew-Kei Lam,2014,23/1694,Thambipillai Srikanthan
2515,74/1907,Siew-Kei Lam,2014,23/1694,Thambipillai Srikanthan
2516,74/1907,Siew-Kei Lam,2014,23/1694,Thambipillai Srikanthan
2517,74/1907,Siew-Kei Lam,2013,23/1694,Thambipillai Srikanthan
2518,74/1907,Siew-Kei Lam,2013,23/1694,Thambipillai Srikanthan
2519,74/1907,Siew-Kei Lam,2013,23/1694,Thambipillai Srikanthan
2520,74/1907,Siew-Kei Lam,2013,23/1694,Thambipillai Srikanthan
2521,74/1907,Siew-Kei Lam,2013,23/1694,Thambipillai Srikanthan
2522,74/1907,Siew-Kei Lam,2013,23/1694,Thambipillai Srikanthan
2523,74/1907,Siew-Kei Lam,2013,23/1694,Thambipillai Srikanthan
2524,74/1907,Siew-Kei Lam,2012,23/1694,Thambipillai Srikanthan
2525,74/1907,Siew-Kei Lam,2012,23/1694,Thambipillai Srikanthan
2526,74/1907,Siew-Kei Lam,2012,23/1694,Thambipillai Srikanthan
2527,74/1907,Siew-Kei Lam,2012,23/1694,Thambipillai Srikanthan
2528,74/1907,Siew-Kei Lam,2012,23/1694,Thambipillai Srikanthan
2529,74/1907,Siew-Kei Lam,2012,23/1694,Thambipillai Srikanthan
2530,74/1907,Siew-Kei Lam,2011,23/1694,Thambipillai Srikanthan
2531,74/1907,Siew-Kei Lam,2011,23/1694,Thambipillai Srikanthan
2532,74/1907,Siew-Kei Lam,2011,23/1694,Thambipillai Srikanthan
2533,74/1907,Siew-Kei Lam,2011,23/1694,Thambipillai Srikanthan
2534,74/1907,Siew-Kei Lam,2011,23/1694,Thambipillai Srikanthan
2535,74/1907,Siew-Kei Lam,2011,23/1694,Thambipillai Srikanthan
2536,74/1907,Siew-Kei Lam,2010,23/1694,Thambipillai Srikanthan
2537,74/1907,Siew-Kei Lam,2010,23/1694,Thambipillai Srikanthan
2538,74/1907,Siew-Kei Lam,2010,23/1694,Thambipillai Srikanthan
2539,74/1907,Siew-Kei Lam,2010,23/1694,Thambipillai Srikanthan
2540,74/1907,Siew-Kei Lam,2010,23/1694,Thambipillai Srikanthan
2541,74/1907,Siew-Kei Lam,2010,23/1694,Thambipillai Srikanthan
2542,74/1907,Siew-Kei Lam,2009,23/1694,Thambipillai Srikanthan
2543,74/1907,Siew-Kei Lam,2009,23/1694,Thambipillai Srikanthan
2544,74/1907,Siew-Kei Lam,2009,23/1694,Thambipillai Srikanthan
2545,74/1907,Siew-Kei Lam,2009,23/1694,Thambipillai Srikanthan
2546,74/1907,Siew-Kei Lam,2009,23/1694,Thambipillai Srikanthan
2547,74/1907,Siew-Kei Lam,2009,23/1694,Thambipillai Srikanthan
2548,74/1907,Siew-Kei Lam,2008,23/1694,Thambipillai Srikanthan
2549,74/1907,Siew-Kei Lam,2007,23/1694,Thambipillai Srikanthan
2550,74/1907,Siew-Kei Lam,2007,23/1694,Thambipillai Srikanthan
2551,74/1907,Siew-Kei Lam,2006,23/1694,Thambipillai Srikanthan
2552,74/1907,Siew-Kei Lam,2006,23/1694,Thambipillai Srikanthan
2553,74/1907,Siew-Kei Lam,2006,23/1694,Thambipillai Srikanthan
2554,74/1907,Siew-Kei Lam,2006,23/1694,Thambipillai Srikanthan
2555,74/1907,Siew-Kei Lam,2006,23/1694,Thambipillai Srikanthan
2556,74/1907,Siew-Kei Lam,2005,23/1694,Thambipillai Srikanthan
2557,74/1907,Siew-Kei Lam,2005,23/1694,Thambipillai Srikanthan
2558,74/1907,Siew-Kei Lam,2004,23/1694,Thambipillai Srikanthan
2559,74/1907,Siew-Kei Lam,2004,23/1694,Thambipillai Srikanthan
2560,74/1907,Siew-Kei Lam,2004,23/1694,Thambipillai Srikanthan
2561,74/1907,Siew-Kei Lam,2003,23/1694,Thambipillai Srikanthan
2562,74/1907,Siew-Kei Lam,2003,23/1694,Thambipillai Srikanthan
2563,74/1907,Siew-Kei Lam,2003,23/1694,Thambipillai Srikanthan
2564,74/1907,Siew-Kei Lam,2002,23/1694,Thambipillai Srikanthan
2565,74/1907,Siew-Kei Lam,2002,23/1694,Thambipillai Srikanthan
2566,74/1907,Siew-Kei Lam,2002,23/1694,Thambipillai Srikanthan
2567,74/1907,Siew-Kei Lam,2002,23/1694,Thambipillai Srikanthan
2568,74/1907,Siew-Kei Lam,2002,23/1694,Thambipillai Srikanthan
2569,74/1907,Siew-Kei Lam,2002,23/1694,Thambipillai Srikanthan
2570,74/1907,Siew-Kei Lam,2001,23/1694,Thambipillai Srikanthan
2571,74/1907,Siew-Kei Lam,2000,23/1694,Thambipillai Srikanthan
2572,91/665,Jagath C. Rajapakse,2023,80/7421,Erik Cambria
2573,91/665,Jagath C. Rajapakse,2018,84/2408,Owen Noel Newton Fernando
2574,91/665,Jagath C. Rajapakse,2018,80/7421,Erik Cambria
2575,91/665,Jagath C. Rajapakse,2018,80/7421,Erik Cambria
2576,62/2078,Shafiq R. Joty,2024,81/8329,Anh Tuan Luu
2577,62/2078,Shafiq R. Joty,2024,78/5155,Aixin Sun
2578,62/2078,Shafiq R. Joty,2024,04/3030,Chee-Wei Tan 0001
2579,62/2078,Shafiq R. Joty,2024,81/8329,Anh Tuan Luu
2580,62/2078,Shafiq R. Joty,2024,04/3030,Chee Wei Tan 0001
2581,62/2078,Shafiq R. Joty,2023,b/SSBhowmick,Sourav S. Bhowmick
2582,62/2078,Shafiq R. Joty,2023,70/1211-1,Boyang Li 0001
2583,62/2078,Shafiq R. Joty,2023,78/5155,Aixin Sun
2584,62/2078,Shafiq R. Joty,2023,78/5155,Aixin Sun
2585,62/2078,Shafiq R. Joty,2022,m/ChunyanMiao,Chunyan Miao
2586,62/2078,Shafiq R. Joty,2022,b/SSBhowmick,Sourav S. Bhowmick
2587,62/2078,Shafiq R. Joty,2022,70/1211-1,Boyang Li 0001
2588,62/2078,Shafiq R. Joty,2021,m/ChunyanMiao,Chunyan Miao
2589,62/2078,Shafiq R. Joty,2021,c/ChngEngSiong,Eng Siong Chng
2590,62/2078,Shafiq R. Joty,2021,c/ChngEngSiong,Eng Siong Chng
2591,62/2078,Shafiq R. Joty,2021,b/SSBhowmick,Sourav S. Bhowmick
2592,62/2078,Shafiq R. Joty,2021,b/SSBhowmick,Sourav S. Bhowmick
2593,62/2078,Shafiq R. Joty,2021,126/4778,Guosheng Lin
2594,62/2078,Shafiq R. Joty,2021,83/6096,Jianfei Cai 0001
2595,62/2078,Shafiq R. Joty,2021,m/ChunyanMiao,Chunyan Miao
2596,62/2078,Shafiq R. Joty,2021,c/ChngEngSiong,Eng Siong Chng
2597,62/2078,Shafiq R. Joty,2020,83/6096,Jianfei Cai 0001
2598,62/2078,Shafiq R. Joty,2020,83/6096,Jianfei Cai 0001
2599,62/2078,Shafiq R. Joty,2020,m/ChunyanMiao,Chunyan Miao
2600,62/2078,Shafiq R. Joty,2020,c/ChngEngSiong,Eng Siong Chng
2601,62/2078,Shafiq R. Joty,2020,c/ChngEngSiong,Eng Siong Chng
2602,62/2078,Shafiq R. Joty,2020,c/ChngEngSiong,Eng Siong Chng
2603,62/2078,Shafiq R. Joty,2020,83/6096,Jianfei Cai 0001
2604,62/2078,Shafiq R. Joty,2020,83/6096,Jianfei Cai 0001
2605,62/2078,Shafiq R. Joty,2020,m/ChunyanMiao,Chunyan Miao
2606,62/2078,Shafiq R. Joty,2019,83/6096,Jianfei Cai 0001
2607,62/2078,Shafiq R. Joty,2019,83/6096,Jianfei Cai 0001
2608,62/2078,Shafiq R. Joty,2019,b/SSBhowmick,Sourav S. Bhowmick
2609,62/2078,Shafiq R. Joty,2019,83/6096,Jianfei Cai 0001
2610,62/2078,Shafiq R. Joty,2019,83/6096,Jianfei Cai 0001
2611,62/2078,Shafiq R. Joty,2018,33/3180,Gao Cong
2612,62/2078,Shafiq R. Joty,2018,83/6096,Jianfei Cai 0001
2613,62/2078,Shafiq R. Joty,2018,83/6096,Jianfei Cai 0001
2614,62/2078,Shafiq R. Joty,2018,83/6096,Jianfei Cai 0001
2615,62/2078,Shafiq R. Joty,2018,78/5155,Aixin Sun
2616,62/2078,Shafiq R. Joty,2018,83/6096,Jianfei Cai 0001
2617,62/2078,Shafiq R. Joty,2018,83/6096,Jianfei Cai 0001
2618,62/2078,Shafiq R. Joty,2018,83/6096,Jianfei Cai 0001
2619,62/2078,Shafiq R. Joty,2017,83/6096,Jianfei Cai 0001
2620,15/3108,Alexei Sourin,2004,s/SeahHockSoon,Seah Hock Soon
2621,75/198-1,Jie Xiong 0001,2023,42/2501-1,Jun Luo 0001
2622,75/198-1,Jie Xiong 0001,2021,42/2501-1,Jun Luo 0001
2623,75/198-1,Jie Xiong 0001,2021,42/2501-1,Jun Luo 0001
2624,75/198-1,Jie Xiong 0001,2019,87/4982-1,Mo Li 0001
2625,75/198-1,Jie Xiong 0001,2018,87/4982-1,Mo Li 0001
2626,75/198-1,Jie Xiong 0001,2016,87/4982-1,Mo Li 0001
2627,12/9925,Svetlana Obraztsova,2023,42/6178-1,Bo An 0001
2628,12/9925,Svetlana Obraztsova,2023,93/4009,Zinovi Rabinovich
2629,12/9925,Svetlana Obraztsova,2023,42/6178-1,Bo An 0001
2630,12/9925,Svetlana Obraztsova,2022,42/6178-1,Bo An 0001
2631,12/9925,Svetlana Obraztsova,2022,93/4009,Zinovi Rabinovich
2632,12/9925,Svetlana Obraztsova,2022,52/910,Chai Kiat Yeo
2633,12/9925,Svetlana Obraztsova,2022,93/4009,Zinovi Rabinovich
2634,12/9925,Svetlana Obraztsova,2022,42/6178-1,Bo An 0001
2635,12/9925,Svetlana Obraztsova,2022,93/4009,Zinovi Rabinovich
2636,12/9925,Svetlana Obraztsova,2022,42/6178-1,Bo An 0001
2637,12/9925,Svetlana Obraztsova,2021,93/4009,Zinovi Rabinovich
2638,12/9925,Svetlana Obraztsova,2021,93/4009,Zinovi Rabinovich
2639,12/9925,Svetlana Obraztsova,2021,42/6178-1,Bo An 0001
2640,12/9925,Svetlana Obraztsova,2021,93/4009,Zinovi Rabinovich
2641,12/9925,Svetlana Obraztsova,2021,42/6178-1,Bo An 0001
2642,12/9925,Svetlana Obraztsova,2021,93/4009,Zinovi Rabinovich
2643,12/9925,Svetlana Obraztsova,2021,42/6178-1,Bo An 0001
2644,12/9925,Svetlana Obraztsova,2021,93/4009,Zinovi Rabinovich
2645,12/9925,Svetlana Obraztsova,2021,52/910,Chai Kiat Yeo
2646,12/9925,Svetlana Obraztsova,2019,93/4009,Zinovi Rabinovich
2647,12/9925,Svetlana Obraztsova,2019,93/4009,Zinovi Rabinovich
2648,12/9925,Svetlana Obraztsova,2019,93/4009,Zinovi Rabinovich
2649,12/9925,Svetlana Obraztsova,2019,93/4009,Zinovi Rabinovich
2650,12/9925,Svetlana Obraztsova,2019,93/4009,Zinovi Rabinovich
2651,12/9925,Svetlana Obraztsova,2019,93/4009,Zinovi Rabinovich
2652,12/9925,Svetlana Obraztsova,2017,93/4009,Zinovi Rabinovich
2653,12/9925,Svetlana Obraztsova,2017,93/4009,Zinovi Rabinovich
2654,12/9925,Svetlana Obraztsova,2017,93/4009,Zinovi Rabinovich
2655,12/9925,Svetlana Obraztsova,2017,93/4009,Zinovi Rabinovich
2656,12/9925,Svetlana Obraztsova,2016,93/4009,Zinovi Rabinovich
2657,12/9925,Svetlana Obraztsova,2015,93/4009,Zinovi Rabinovich
2658,12/9925,Svetlana Obraztsova,2015,93/4009,Zinovi Rabinovich
2659,12/9925,Svetlana Obraztsova,2015,93/4009,Zinovi Rabinovich
2660,12/9925,Svetlana Obraztsova,2015,93/4009,Zinovi Rabinovich
2661,12/9925,Svetlana Obraztsova,2015,93/4009,Zinovi Rabinovich
2662,12/9925,Svetlana Obraztsova,2015,93/4009,Zinovi Rabinovich
2663,12/9925,Svetlana Obraztsova,2015,93/4009,Zinovi Rabinovich
2664,12/9925,Svetlana Obraztsova,2014,93/4009,Zinovi Rabinovich
2665,00/5179,Rui Tan,2024,h/YingHe1,Ying He 0001
2666,00/5179,Rui Tan,2024,42/2501-1,Jun Luo 0001
2667,16/3792,Adams Wai-Kin Kong,2020,10/1993,Kwok-Yan Lam
2668,16/3792,Adams Wai-Kin Kong,2019,10/1993,Kwok-Yan Lam
2669,16/3792,Adams Wai-Kin Kong,2019,10/1993,Kwok-Yan Lam
2670,16/3792,Adams Wai-Kin Kong,2018,10/1993,Kwok-Yan Lam
2671,c/ChngEngSiong,Chng Eng Siong,2024,95/3115,Deepu Rajan
2672,c/ChngEngSiong,Chng Eng Siong,2024,95/3115,Deepu Rajan
2673,c/ChngEngSiong,Chng Eng Siong,2023,95/3115,Deepu Rajan
2674,c/ChngEngSiong,Chng Eng Siong,2023,95/3115,Deepu Rajan
2675,c/ChngEngSiong,Chng Eng Siong,2022,78/5155,Aixin Sun
2676,c/ChngEngSiong,Chng Eng Siong,2022,95/3115,Deepu Rajan
2677,c/ChngEngSiong,Chng Eng Siong,2022,95/3115,Deepu Rajan
2678,c/ChngEngSiong,Chng Eng Siong,2021,78/5155,Aixin Sun
2679,c/ChngEngSiong,Chng Eng Siong,2021,62/2078,Shafiq R. Joty
2680,c/ChngEngSiong,Chng Eng Siong,2021,62/2078,Shafiq R. Joty
2681,c/ChngEngSiong,Chng Eng Siong,2021,62/2078,Shafiq R. Joty
2682,c/ChngEngSiong,Chng Eng Siong,2020,62/2078,Shafiq R. Joty
2683,c/ChngEngSiong,Chng Eng Siong,2020,62/2078,Shafiq R. Joty
2684,c/ChngEngSiong,Chng Eng Siong,2020,62/2078,Shafiq R. Joty
2685,c/ChngEngSiong,Chng Eng Siong,2020,78/5155,Aixin Sun
2686,c/ChngEngSiong,Chng Eng Siong,2020,78/5155,Aixin Sun
2687,c/ChngEngSiong,Chng Eng Siong,2017,00/4516-3,Siyuan Liu 0003
2688,c/ChngEngSiong,Chng Eng Siong,2017,03/1554-1,Zhiqi Shen 0001
2689,c/ChngEngSiong,Chng Eng Siong,2017,m/ChunyanMiao,Chunyan Miao
2690,c/ChngEngSiong,Chng Eng Siong,2017,03/1554-1,Zhiqi Shen 0001
2691,c/ChngEngSiong,Chng Eng Siong,2017,m/ChunyanMiao,Chunyan Miao
2692,c/ChngEngSiong,Chng Eng Siong,2015,80/7421,Erik Cambria
2693,c/ChngEngSiong,Chng Eng Siong,2013,l/BuSungLee,Bu-Sung Lee
2694,c/ChngEngSiong,Chng Eng Siong,2009,95/3115,Deepu Rajan
2695,c/ChngEngSiong,Chng Eng Siong,2008,97/6922,Wooi-Boon Goh
2696,c/ChngEngSiong,Chng Eng Siong,2004,95/7006,Cuntai Guan
2697,76/440,Dusit Niyato,2025,03/1554-1,Zhiqi Shen 0001
2698,76/440,Dusit Niyato,2025,10/1993,Kwok-Yan Lam
2699,76/440,Dusit Niyato,2025,33/885,Yonggang Wen 0001
2700,76/440,Dusit Niyato,2024,35/1096-1,Han Yu 0001
2701,76/440,Dusit Niyato,2024,249/5315,Wei Yang Bryan Lim
2702,76/440,Dusit Niyato,2024,35/1096-1,Han Yu 0001
2703,76/440,Dusit Niyato,2024,35/1096-1,Han Yu 0001
2704,76/440,Dusit Niyato,2024,35/1096-1,Han Yu 0001
2705,76/440,Dusit Niyato,2024,42/2501-1,Jun Luo 0001
2706,76/440,Dusit Niyato,2024,35/1096-1,Han Yu 0001
2707,76/440,Dusit Niyato,2024,249/5315,Wei Yang Bryan Lim
2708,76/440,Dusit Niyato,2024,35/1096-1,Han Yu 0001
2709,76/440,Dusit Niyato,2024,249/5315,Wei Yang Bryan Lim
2710,76/440,Dusit Niyato,2024,m/ChunyanMiao,Chunyan Miao
2711,76/440,Dusit Niyato,2024,249/5315,Wei Yang Bryan Lim
2712,76/440,Dusit Niyato,2024,m/ChunyanMiao,Chunyan Miao
2713,76/440,Dusit Niyato,2024,95/3115,Deepu Rajan
2714,76/440,Dusit Niyato,2024,249/5315,Wei Yang Bryan Lim
2715,76/440,Dusit Niyato,2024,10/1993,Kwok-Yan Lam
2716,76/440,Dusit Niyato,2024,99/4535,Anupam Chattopadhyay
2717,76/440,Dusit Niyato,2024,m/ChunyanMiao,Chunyan Miao
2718,76/440,Dusit Niyato,2024,m/ChunyanMiao,Chunyan Miao
2719,76/440,Dusit Niyato,2024,m/ChunyanMiao,Chunyan Miao
2720,76/440,Dusit Niyato,2024,35/1096-1,Han Yu 0001
2721,76/440,Dusit Niyato,2024,10/1993,Kwok-Yan Lam
2722,76/440,Dusit Niyato,2024,249/5315,Wei Yang Bryan Lim
2723,76/440,Dusit Niyato,2024,249/5315,Wei Yang Bryan Lim
2724,76/440,Dusit Niyato,2024,249/5315,Wei Yang Bryan Lim
2725,76/440,Dusit Niyato,2024,m/ChunyanMiao,Chunyan Miao
2726,76/440,Dusit Niyato,2024,249/5315,Wei Yang Bryan Lim
2727,76/440,Dusit Niyato,2024,35/1096-1,Han Yu 0001
2728,76/440,Dusit Niyato,2024,10/1993,Kwok-Yan Lam
2729,76/440,Dusit Niyato,2024,10/1993,Kwok-Yan Lam
2730,76/440,Dusit Niyato,2024,10/1993,Kwok-Yan Lam
2731,76/440,Dusit Niyato,2024,10/1993,Kwok-Yan Lam
2732,76/440,Dusit Niyato,2024,42/2501-1,Jun Luo 0001
2733,76/440,Dusit Niyato,2024,03/1554-1,Zhiqi Shen 0001
2734,76/440,Dusit Niyato,2024,03/1554-1,Zhiqi Shen 0001
2735,76/440,Dusit Niyato,2024,33/885,Yonggang Wen 0001
2736,76/440,Dusit Niyato,2023,249/5315,Wei Yang Bryan Lim
2737,76/440,Dusit Niyato,2023,m/ChunyanMiao,Chunyan Miao
2738,76/440,Dusit Niyato,2023,249/5315,Wei Yang Bryan Lim
2739,76/440,Dusit Niyato,2023,m/ChunyanMiao,Chunyan Miao
2740,76/440,Dusit Niyato,2023,m/ChunyanMiao,Chunyan Miao
2741,76/440,Dusit Niyato,2023,47/2026-7,Jun Zhao 0007
2742,76/440,Dusit Niyato,2023,249/5315,Wei Yang Bryan Lim
2743,76/440,Dusit Niyato,2023,m/ChunyanMiao,Chunyan Miao
2744,76/440,Dusit Niyato,2023,10/1993,Kwok-Yan Lam
2745,76/440,Dusit Niyato,2023,35/1096-1,Han Yu 0001
2746,76/440,Dusit Niyato,2023,249/5315,Wei Yang Bryan Lim
2747,76/440,Dusit Niyato,2023,m/ChunyanMiao,Chunyan Miao
2748,76/440,Dusit Niyato,2023,m/ChunyanMiao,Chunyan Miao
2749,76/440,Dusit Niyato,2023,35/1096-1,Han Yu 0001
2750,76/440,Dusit Niyato,2023,249/5315,Wei Yang Bryan Lim
2751,76/440,Dusit Niyato,2023,m/ChunyanMiao,Chunyan Miao
2752,76/440,Dusit Niyato,2023,35/1096-1,Han Yu 0001
2753,76/440,Dusit Niyato,2023,249/5315,Wei Yang Bryan Lim
2754,76/440,Dusit Niyato,2023,m/ChunyanMiao,Chunyan Miao
2755,76/440,Dusit Niyato,2023,m/ChunyanMiao,Chunyan Miao
2756,76/440,Dusit Niyato,2023,249/5315,Wei Yang Bryan Lim
2757,76/440,Dusit Niyato,2023,35/1096-1,Han Yu 0001
2758,76/440,Dusit Niyato,2023,249/5315,Wei Yang Bryan Lim
2759,76/440,Dusit Niyato,2023,m/ChunyanMiao,Chunyan Miao
2760,76/440,Dusit Niyato,2023,35/1096-1,Han Yu 0001
2761,76/440,Dusit Niyato,2023,10/1993,Kwok-Yan Lam
2762,76/440,Dusit Niyato,2023,249/5315,Wei Yang Bryan Lim
2763,76/440,Dusit Niyato,2023,35/1096-1,Han Yu 0001
2764,76/440,Dusit Niyato,2023,249/5315,Wei Yang Bryan Lim
2765,76/440,Dusit Niyato,2023,249/5315,Wei Yang Bryan Lim
2766,76/440,Dusit Niyato,2023,m/ChunyanMiao,Chunyan Miao
2767,76/440,Dusit Niyato,2023,35/1096-1,Han Yu 0001
2768,76/440,Dusit Niyato,2023,10/1993,Kwok-Yan Lam
2769,76/440,Dusit Niyato,2023,35/1096-1,Han Yu 0001
2770,76/440,Dusit Niyato,2023,35/1096-1,Han Yu 0001
2771,76/440,Dusit Niyato,2023,m/ChunyanMiao,Chunyan Miao
2772,76/440,Dusit Niyato,2023,35/1096-1,Han Yu 0001
2773,76/440,Dusit Niyato,2023,249/5315,Wei Yang Bryan Lim
2774,76/440,Dusit Niyato,2023,35/1096-1,Han Yu 0001
2775,76/440,Dusit Niyato,2023,10/1993,Kwok-Yan Lam
2776,76/440,Dusit Niyato,2023,35/1096-1,Han Yu 0001
2777,76/440,Dusit Niyato,2023,35/1096-1,Han Yu 0001
2778,76/440,Dusit Niyato,2023,35/1096-1,Han Yu 0001
2779,76/440,Dusit Niyato,2023,95/3115,Deepu Rajan
2780,76/440,Dusit Niyato,2022,47/2026-7,Jun Zhao 0007
2781,76/440,Dusit Niyato,2022,m/ChunyanMiao,Chunyan Miao
2782,76/440,Dusit Niyato,2022,249/5315,Wei Yang Bryan Lim
2783,76/440,Dusit Niyato,2022,10/1993,Kwok-Yan Lam
2784,76/440,Dusit Niyato,2022,47/2026-7,Jun Zhao 0007
2785,76/440,Dusit Niyato,2022,249/5315,Wei Yang Bryan Lim
2786,76/440,Dusit Niyato,2022,m/ChunyanMiao,Chunyan Miao
2787,76/440,Dusit Niyato,2022,249/5315,Wei Yang Bryan Lim
2788,76/440,Dusit Niyato,2022,m/ChunyanMiao,Chunyan Miao
2789,76/440,Dusit Niyato,2022,249/5315,Wei Yang Bryan Lim
2790,76/440,Dusit Niyato,2022,m/ChunyanMiao,Chunyan Miao
2791,76/440,Dusit Niyato,2022,249/5315,Wei Yang Bryan Lim
2792,76/440,Dusit Niyato,2022,m/ChunyanMiao,Chunyan Miao
2793,76/440,Dusit Niyato,2022,84/6889-2,Jie Zhang 0002
2794,76/440,Dusit Niyato,2022,m/ChunyanMiao,Chunyan Miao
2795,76/440,Dusit Niyato,2022,47/2026-7,Jun Zhao 0007
2796,76/440,Dusit Niyato,2022,249/5315,Wei Yang Bryan Lim
2797,76/440,Dusit Niyato,2022,m/ChunyanMiao,Chunyan Miao
2798,76/440,Dusit Niyato,2022,249/5315,Wei Yang Bryan Lim
2799,76/440,Dusit Niyato,2022,35/1096-1,Han Yu 0001
2800,76/440,Dusit Niyato,2022,m/ChunyanMiao,Chunyan Miao
2801,76/440,Dusit Niyato,2022,249/5315,Wei Yang Bryan Lim
2802,76/440,Dusit Niyato,2022,35/1096-1,Han Yu 0001
2803,76/440,Dusit Niyato,2022,m/ChunyanMiao,Chunyan Miao
2804,76/440,Dusit Niyato,2022,35/1096-1,Han Yu 0001
2805,76/440,Dusit Niyato,2022,35/1096-1,Han Yu 0001
2806,76/440,Dusit Niyato,2022,35/1096-1,Han Yu 0001
2807,76/440,Dusit Niyato,2022,35/1096-1,Han Yu 0001
2808,76/440,Dusit Niyato,2022,m/ChunyanMiao,Chunyan Miao
2809,76/440,Dusit Niyato,2022,35/1096-1,Han Yu 0001
2810,76/440,Dusit Niyato,2022,m/ChunyanMiao,Chunyan Miao
2811,76/440,Dusit Niyato,2022,249/5315,Wei Yang Bryan Lim
2812,76/440,Dusit Niyato,2022,m/ChunyanMiao,Chunyan Miao
2813,76/440,Dusit Niyato,2022,249/5315,Wei Yang Bryan Lim
2814,76/440,Dusit Niyato,2022,m/ChunyanMiao,Chunyan Miao
2815,76/440,Dusit Niyato,2022,m/ChunyanMiao,Chunyan Miao
2816,76/440,Dusit Niyato,2022,249/5315,Wei Yang Bryan Lim
2817,76/440,Dusit Niyato,2022,m/ChunyanMiao,Chunyan Miao
2818,76/440,Dusit Niyato,2022,249/5315,Wei Yang Bryan Lim
2819,76/440,Dusit Niyato,2022,m/ChunyanMiao,Chunyan Miao
2820,76/440,Dusit Niyato,2022,m/ChunyanMiao,Chunyan Miao
2821,76/440,Dusit Niyato,2022,35/1096-1,Han Yu 0001
2822,76/440,Dusit Niyato,2022,10/1993,Kwok-Yan Lam
2823,76/440,Dusit Niyato,2022,249/5315,Wei Yang Bryan Lim
2824,76/440,Dusit Niyato,2022,m/ChunyanMiao,Chunyan Miao
2825,76/440,Dusit Niyato,2022,35/1096-1,Han Yu 0001
2826,76/440,Dusit Niyato,2022,249/5315,Wei Yang Bryan Lim
2827,76/440,Dusit Niyato,2022,249/5315,Wei Yang Bryan Lim
2828,76/440,Dusit Niyato,2022,m/ChunyanMiao,Chunyan Miao
2829,76/440,Dusit Niyato,2022,m/ChunyanMiao,Chunyan Miao
2830,76/440,Dusit Niyato,2022,249/5315,Wei Yang Bryan Lim
2831,76/440,Dusit Niyato,2022,m/ChunyanMiao,Chunyan Miao
2832,76/440,Dusit Niyato,2022,m/ChunyanMiao,Chunyan Miao
2833,76/440,Dusit Niyato,2022,m/ChunyanMiao,Chunyan Miao
2834,76/440,Dusit Niyato,2022,249/5315,Wei Yang Bryan Lim
2835,76/440,Dusit Niyato,2022,m/ChunyanMiao,Chunyan Miao
2836,76/440,Dusit Niyato,2022,249/5315,Wei Yang Bryan Lim
2837,76/440,Dusit Niyato,2022,m/ChunyanMiao,Chunyan Miao
2838,76/440,Dusit Niyato,2022,35/1096-1,Han Yu 0001
2839,76/440,Dusit Niyato,2022,35/1096-1,Han Yu 0001
2840,76/440,Dusit Niyato,2022,249/5315,Wei Yang Bryan Lim
2841,76/440,Dusit Niyato,2022,m/ChunyanMiao,Chunyan Miao
2842,76/440,Dusit Niyato,2022,249/5315,Wei Yang Bryan Lim
2843,76/440,Dusit Niyato,2022,35/1096-1,Han Yu 0001
2844,76/440,Dusit Niyato,2022,35/1096-1,Han Yu 0001
2845,76/440,Dusit Niyato,2022,35/1096-1,Han Yu 0001
2846,76/440,Dusit Niyato,2022,35/1096-1,Han Yu 0001
2847,76/440,Dusit Niyato,2022,35/1096-1,Han Yu 0001
2848,76/440,Dusit Niyato,2022,249/5315,Wei Yang Bryan Lim
2849,76/440,Dusit Niyato,2022,m/ChunyanMiao,Chunyan Miao
2850,76/440,Dusit Niyato,2021,249/5315,Wei Yang Bryan Lim
2851,76/440,Dusit Niyato,2021,m/ChunyanMiao,Chunyan Miao
2852,76/440,Dusit Niyato,2021,47/2026-7,Jun Zhao 0007
2853,76/440,Dusit Niyato,2021,10/1993,Kwok-Yan Lam
2854,76/440,Dusit Niyato,2021,47/2026-7,Jun Zhao 0007
2855,76/440,Dusit Niyato,2021,47/2026-7,Jun Zhao 0007
2856,76/440,Dusit Niyato,2021,10/1993,Kwok-Yan Lam
2857,76/440,Dusit Niyato,2021,47/2026-7,Jun Zhao 0007
2858,76/440,Dusit Niyato,2021,10/1993,Kwok-Yan Lam
2859,76/440,Dusit Niyato,2021,47/2026-7,Jun Zhao 0007
2860,76/440,Dusit Niyato,2021,10/1993,Kwok-Yan Lam
2861,76/440,Dusit Niyato,2021,249/5315,Wei Yang Bryan Lim
2862,76/440,Dusit Niyato,2021,m/ChunyanMiao,Chunyan Miao
2863,76/440,Dusit Niyato,2021,249/5315,Wei Yang Bryan Lim
2864,76/440,Dusit Niyato,2021,m/ChunyanMiao,Chunyan Miao
2865,76/440,Dusit Niyato,2021,249/5315,Wei Yang Bryan Lim
2866,76/440,Dusit Niyato,2021,m/ChunyanMiao,Chunyan Miao
2867,76/440,Dusit Niyato,2021,249/5315,Wei Yang Bryan Lim
2868,76/440,Dusit Niyato,2021,m/ChunyanMiao,Chunyan Miao
2869,76/440,Dusit Niyato,2021,47/2026-7,Jun Zhao 0007
2870,76/440,Dusit Niyato,2021,47/2026-7,Jun Zhao 0007
2871,76/440,Dusit Niyato,2021,10/1993,Kwok-Yan Lam
2872,76/440,Dusit Niyato,2021,249/5315,Wei Yang Bryan Lim
2873,76/440,Dusit Niyato,2021,m/ChunyanMiao,Chunyan Miao
2874,76/440,Dusit Niyato,2021,249/5315,Wei Yang Bryan Lim
2875,76/440,Dusit Niyato,2021,m/ChunyanMiao,Chunyan Miao
2876,76/440,Dusit Niyato,2021,47/2026-7,Jun Zhao 0007
2877,76/440,Dusit Niyato,2021,m/ChunyanMiao,Chunyan Miao
2878,76/440,Dusit Niyato,2021,47/2026-7,Jun Zhao 0007
2879,76/440,Dusit Niyato,2021,42/2501-1,Jun Luo 0001
2880,76/440,Dusit Niyato,2021,47/2026-7,Jun Zhao 0007
2881,76/440,Dusit Niyato,2021,47/2026-7,Jun Zhao 0007
2882,76/440,Dusit Niyato,2021,249/5315,Wei Yang Bryan Lim
2883,76/440,Dusit Niyato,2021,35/1096-1,Han Yu 0001
2884,76/440,Dusit Niyato,2021,m/ChunyanMiao,Chunyan Miao
2885,76/440,Dusit Niyato,2021,84/6889-2,Jie Zhang 0002
2886,76/440,Dusit Niyato,2021,249/5315,Wei Yang Bryan Lim
2887,76/440,Dusit Niyato,2021,249/5315,Wei Yang Bryan Lim
2888,76/440,Dusit Niyato,2021,249/5315,Wei Yang Bryan Lim
2889,76/440,Dusit Niyato,2021,249/5315,Wei Yang Bryan Lim
2890,76/440,Dusit Niyato,2021,249/5315,Wei Yang Bryan Lim
2891,76/440,Dusit Niyato,2021,35/1096-1,Han Yu 0001
2892,76/440,Dusit Niyato,2021,m/ChunyanMiao,Chunyan Miao
2893,76/440,Dusit Niyato,2021,249/5315,Wei Yang Bryan Lim
2894,76/440,Dusit Niyato,2021,35/1096-1,Han Yu 0001
2895,76/440,Dusit Niyato,2021,249/5315,Wei Yang Bryan Lim
2896,76/440,Dusit Niyato,2021,249/5315,Wei Yang Bryan Lim
2897,76/440,Dusit Niyato,2021,m/ChunyanMiao,Chunyan Miao
2898,76/440,Dusit Niyato,2021,42/2501-1,Jun Luo 0001
2899,76/440,Dusit Niyato,2021,249/5315,Wei Yang Bryan Lim
2900,76/440,Dusit Niyato,2021,249/5315,Wei Yang Bryan Lim
2901,76/440,Dusit Niyato,2021,47/2026-7,Jun Zhao 0007
2902,76/440,Dusit Niyato,2021,m/ChunyanMiao,Chunyan Miao
2903,76/440,Dusit Niyato,2021,249/5315,Wei Yang Bryan Lim
2904,76/440,Dusit Niyato,2021,m/ChunyanMiao,Chunyan Miao
2905,76/440,Dusit Niyato,2021,35/1096-1,Han Yu 0001
2906,76/440,Dusit Niyato,2021,249/5315,Wei Yang Bryan Lim
2907,76/440,Dusit Niyato,2021,m/ChunyanMiao,Chunyan Miao
2908,76/440,Dusit Niyato,2021,249/5315,Wei Yang Bryan Lim
2909,76/440,Dusit Niyato,2021,m/ChunyanMiao,Chunyan Miao
2910,76/440,Dusit Niyato,2021,m/ChunyanMiao,Chunyan Miao
2911,76/440,Dusit Niyato,2021,m/ChunyanMiao,Chunyan Miao
2912,76/440,Dusit Niyato,2021,m/ChunyanMiao,Chunyan Miao
2913,76/440,Dusit Niyato,2020,249/5315,Wei Yang Bryan Lim
2914,76/440,Dusit Niyato,2020,m/ChunyanMiao,Chunyan Miao
2915,76/440,Dusit Niyato,2020,35/1096-1,Han Yu 0001
2916,76/440,Dusit Niyato,2020,249/5315,Wei Yang Bryan Lim
2917,76/440,Dusit Niyato,2020,m/ChunyanMiao,Chunyan Miao
2918,76/440,Dusit Niyato,2020,47/2026-7,Jun Zhao 0007
2919,76/440,Dusit Niyato,2020,47/2026-7,Jun Zhao 0007
2920,76/440,Dusit Niyato,2020,33/885,Yonggang Wen 0001
2921,76/440,Dusit Niyato,2020,47/2026-7,Jun Zhao 0007
2922,76/440,Dusit Niyato,2020,35/1096-1,Han Yu 0001
2923,76/440,Dusit Niyato,2020,m/ChunyanMiao,Chunyan Miao
2924,76/440,Dusit Niyato,2020,47/2026-7,Jun Zhao 0007
2925,76/440,Dusit Niyato,2020,47/2026-7,Jun Zhao 0007
2926,76/440,Dusit Niyato,2020,47/2026-7,Jun Zhao 0007
2927,76/440,Dusit Niyato,2020,249/5315,Wei Yang Bryan Lim
2928,76/440,Dusit Niyato,2020,m/ChunyanMiao,Chunyan Miao
2929,76/440,Dusit Niyato,2020,249/5315,Wei Yang Bryan Lim
2930,76/440,Dusit Niyato,2020,249/5315,Wei Yang Bryan Lim
2931,76/440,Dusit Niyato,2020,m/ChunyanMiao,Chunyan Miao
2932,76/440,Dusit Niyato,2020,47/2026-7,Jun Zhao 0007
2933,76/440,Dusit Niyato,2020,47/2026-7,Jun Zhao 0007
2934,76/440,Dusit Niyato,2020,10/1993,Kwok-Yan Lam
2935,76/440,Dusit Niyato,2020,47/2026-7,Jun Zhao 0007
2936,76/440,Dusit Niyato,2020,47/2026-7,Jun Zhao 0007
2937,76/440,Dusit Niyato,2020,249/5315,Wei Yang Bryan Lim
2938,76/440,Dusit Niyato,2020,m/ChunyanMiao,Chunyan Miao
2939,76/440,Dusit Niyato,2020,249/5315,Wei Yang Bryan Lim
2940,76/440,Dusit Niyato,2020,m/ChunyanMiao,Chunyan Miao
2941,76/440,Dusit Niyato,2020,249/5315,Wei Yang Bryan Lim
2942,76/440,Dusit Niyato,2020,m/ChunyanMiao,Chunyan Miao
2943,76/440,Dusit Niyato,2020,42/2501-1,Jun Luo 0001
2944,76/440,Dusit Niyato,2020,249/5315,Wei Yang Bryan Lim
2945,76/440,Dusit Niyato,2020,m/ChunyanMiao,Chunyan Miao
2946,76/440,Dusit Niyato,2020,47/2026-7,Jun Zhao 0007
2947,76/440,Dusit Niyato,2020,47/2026-7,Jun Zhao 0007
2948,76/440,Dusit Niyato,2020,47/2026-7,Jun Zhao 0007
2949,76/440,Dusit Niyato,2020,47/2026-7,Jun Zhao 0007
2950,76/440,Dusit Niyato,2020,249/5315,Wei Yang Bryan Lim
2951,76/440,Dusit Niyato,2020,m/ChunyanMiao,Chunyan Miao
2952,76/440,Dusit Niyato,2020,47/2026-7,Jun Zhao 0007
2953,76/440,Dusit Niyato,2020,10/1993,Kwok-Yan Lam
2954,76/440,Dusit Niyato,2020,47/2026-7,Jun Zhao 0007
2955,76/440,Dusit Niyato,2020,249/5315,Wei Yang Bryan Lim
2956,76/440,Dusit Niyato,2020,m/ChunyanMiao,Chunyan Miao
2957,76/440,Dusit Niyato,2020,47/2026-7,Jun Zhao 0007
2958,76/440,Dusit Niyato,2020,10/1993,Kwok-Yan Lam
2959,76/440,Dusit Niyato,2020,249/5315,Wei Yang Bryan Lim
2960,76/440,Dusit Niyato,2020,m/ChunyanMiao,Chunyan Miao
2961,76/440,Dusit Niyato,2020,m/ChunyanMiao,Chunyan Miao
2962,76/440,Dusit Niyato,2020,249/5315,Wei Yang Bryan Lim
2963,76/440,Dusit Niyato,2020,m/ChunyanMiao,Chunyan Miao
2964,76/440,Dusit Niyato,2020,47/2026-7,Jun Zhao 0007
2965,76/440,Dusit Niyato,2020,249/5315,Wei Yang Bryan Lim
2966,76/440,Dusit Niyato,2020,47/2026-7,Jun Zhao 0007
2967,76/440,Dusit Niyato,2019,33/885,Yonggang Wen 0001
2968,76/440,Dusit Niyato,2019,42/2501-1,Jun Luo 0001
2969,76/440,Dusit Niyato,2019,47/2026-7,Jun Zhao 0007
2970,76/440,Dusit Niyato,2019,42/2501-1,Jun Luo 0001
2971,76/440,Dusit Niyato,2019,35/1096-1,Han Yu 0001
2972,76/440,Dusit Niyato,2019,47/2026-7,Jun Zhao 0007
2973,76/440,Dusit Niyato,2019,47/2026-7,Jun Zhao 0007
2974,76/440,Dusit Niyato,2019,35/1096-1,Han Yu 0001
2975,76/440,Dusit Niyato,2019,47/2026-7,Jun Zhao 0007
2976,76/440,Dusit Niyato,2019,47/2026-7,Jun Zhao 0007
2977,76/440,Dusit Niyato,2019,249/5315,Wei Yang Bryan Lim
2978,76/440,Dusit Niyato,2019,m/ChunyanMiao,Chunyan Miao
2979,76/440,Dusit Niyato,2019,47/2026-7,Jun Zhao 0007
2980,76/440,Dusit Niyato,2019,47/2026-7,Jun Zhao 0007
2981,76/440,Dusit Niyato,2019,47/2026-7,Jun Zhao 0007
2982,76/440,Dusit Niyato,2019,10/1993,Kwok-Yan Lam
2983,76/440,Dusit Niyato,2019,47/2026-7,Jun Zhao 0007
2984,76/440,Dusit Niyato,2018,42/2501-1,Jun Luo 0001
2985,76/440,Dusit Niyato,2018,33/885,Yonggang Wen 0001
2986,76/440,Dusit Niyato,2018,42/2501-1,Jun Luo 0001
2987,76/440,Dusit Niyato,2018,47/2026-7,Jun Zhao 0007
2988,76/440,Dusit Niyato,2017,33/885,Yonggang Wen 0001
2989,76/440,Dusit Niyato,2017,33/885,Yonggang Wen 0001
2990,76/440,Dusit Niyato,2017,42/6178-1,Bo An 0001
2991,76/440,Dusit Niyato,2017,m/ChunyanMiao,Chunyan Miao
2992,76/440,Dusit Niyato,2017,33/885,Yonggang Wen 0001
2993,76/440,Dusit Niyato,2017,84/6889-2,Jie Zhang 0002
2994,76/440,Dusit Niyato,2017,33/885,Yonggang Wen 0001
2995,76/440,Dusit Niyato,2017,42/2501-1,Jun Luo 0001
2996,76/440,Dusit Niyato,2016,84/6889-2,Jie Zhang 0002
2997,76/440,Dusit Niyato,2016,66/549,A. S. Madhukumar
2998,76/440,Dusit Niyato,2016,84/6889-2,Jie Zhang 0002
2999,76/440,Dusit Niyato,2015,33/885,Yonggang Wen 0001
3000,76/440,Dusit Niyato,2014,l/BuSungLee,Bu-Sung Lee
3001,76/440,Dusit Niyato,2014,33/885,Yonggang Wen 0001
3002,76/440,Dusit Niyato,2014,84/6889-2,Jie Zhang 0002
3003,76/440,Dusit Niyato,2014,84/6889-2,Jie Zhang 0002
3004,76/440,Dusit Niyato,2014,66/549,A. S. Madhukumar
3005,76/440,Dusit Niyato,2012,l/BuSungLee,Bu-Sung Lee
3006,76/440,Dusit Niyato,2012,l/BuSungLee,Bu-Sung Lee
3007,76/440,Dusit Niyato,2011,83/6096,Jianfei Cai 0001
3008,76/440,Dusit Niyato,2011,l/BuSungLee,Bu-Sung Lee
3009,76/440,Dusit Niyato,2010,35/1096-1,Han Yu 0001
3010,76/440,Dusit Niyato,2010,03/1554-1,Zhiqi Shen 0001
3011,76/440,Dusit Niyato,2010,m/ChunyanMiao,Chunyan Miao
3012,76/440,Dusit Niyato,2010,l/BuSungLee,Bu-Sung Lee
3013,76/440,Dusit Niyato,2009,l/BuSungLee,Bu-Sung Lee
3014,76/440,Dusit Niyato,2009,l/BuSungLee,Bu-Sung Lee
3015,76/440,Dusit Niyato,2009,l/BuSungLee,Bu-Sung Lee
3016,09/5452,Jianmin Zheng,2025,64/4136,Yew-Soon Ong
3017,09/5452,Jianmin Zheng,2024,14/3737,Weisi Lin
3018,09/5452,Jianmin Zheng,2024,83/6096,Jianfei Cai 0001
3019,09/5452,Jianmin Zheng,2024,83/6096,Jianfei Cai 0001
3020,09/5452,Jianmin Zheng,2024,83/6096,Jianfei Cai 0001
3021,09/5452,Jianmin Zheng,2024,83/6096,Jianfei Cai 0001
3022,09/5452,Jianmin Zheng,2024,83/6096,Jianfei Cai 0001
3023,09/5452,Jianmin Zheng,2024,83/6096,Jianfei Cai 0001
3024,09/5452,Jianmin Zheng,2024,83/6096,Jianfei Cai 0001
3025,09/5452,Jianmin Zheng,2023,64/4136,Yew-Soon Ong
3026,09/5452,Jianmin Zheng,2023,83/6096,Jianfei Cai 0001
3027,09/5452,Jianmin Zheng,2023,83/6096,Jianfei Cai 0001
3028,09/5452,Jianmin Zheng,2022,h/YingHe1,Ying He 0001
3029,09/5452,Jianmin Zheng,2022,83/6096,Jianfei Cai 0001
3030,09/5452,Jianmin Zheng,2022,29/3808,Tat-Jen Cham
3031,09/5452,Jianmin Zheng,2022,83/6096,Jianfei Cai 0001
3032,09/5452,Jianmin Zheng,2022,83/6096,Jianfei Cai 0001
3033,09/5452,Jianmin Zheng,2022,29/3808,Tat-Jen Cham
3034,09/5452,Jianmin Zheng,2022,83/6096,Jianfei Cai 0001
3035,09/5452,Jianmin Zheng,2022,83/6096,Jianfei Cai 0001
3036,09/5452,Jianmin Zheng,2022,83/6096,Jianfei Cai 0001
3037,09/5452,Jianmin Zheng,2021,29/3808,Tat-Jen Cham
3038,09/5452,Jianmin Zheng,2021,83/6096,Jianfei Cai 0001
3039,09/5452,Jianmin Zheng,2021,83/6096,Jianfei Cai 0001
3040,09/5452,Jianmin Zheng,2021,83/6096,Jianfei Cai 0001
3041,09/5452,Jianmin Zheng,2021,29/3808,Tat-Jen Cham
3042,09/5452,Jianmin Zheng,2021,83/6096,Jianfei Cai 0001
3043,09/5452,Jianmin Zheng,2021,83/6096,Jianfei Cai 0001
3044,09/5452,Jianmin Zheng,2020,83/6096,Jianfei Cai 0001
3045,09/5452,Jianmin Zheng,2020,29/3808,Tat-Jen Cham
3046,09/5452,Jianmin Zheng,2020,83/6096,Jianfei Cai 0001
3047,09/5452,Jianmin Zheng,2020,83/6096,Jianfei Cai 0001
3048,09/5452,Jianmin Zheng,2020,83/6096,Jianfei Cai 0001
3049,09/5452,Jianmin Zheng,2020,83/6096,Jianfei Cai 0001
3050,09/5452,Jianmin Zheng,2019,h/YingHe1,Ying He 0001
3051,09/5452,Jianmin Zheng,2019,s/SeahHockSoon,Hock Soon Seah
3052,09/5452,Jianmin Zheng,2019,83/6096,Jianfei Cai 0001
3053,09/5452,Jianmin Zheng,2019,29/3808,Tat-Jen Cham
3054,09/5452,Jianmin Zheng,2019,83/6096,Jianfei Cai 0001
3055,09/5452,Jianmin Zheng,2019,83/6096,Jianfei Cai 0001
3056,09/5452,Jianmin Zheng,2019,83/6096,Jianfei Cai 0001
3057,09/5452,Jianmin Zheng,2019,83/6096,Jianfei Cai 0001
3058,09/5452,Jianmin Zheng,2019,83/6096,Jianfei Cai 0001
3059,09/5452,Jianmin Zheng,2019,29/3808,Tat-Jen Cham
3060,09/5452,Jianmin Zheng,2019,83/6096,Jianfei Cai 0001
3061,09/5452,Jianmin Zheng,2019,83/6096,Jianfei Cai 0001
3062,09/5452,Jianmin Zheng,2019,83/6096,Jianfei Cai 0001
3063,09/5452,Jianmin Zheng,2019,29/3808,Tat-Jen Cham
3064,09/5452,Jianmin Zheng,2018,83/6096,Jianfei Cai 0001
3065,09/5452,Jianmin Zheng,2018,29/3808,Tat-Jen Cham
3066,09/5452,Jianmin Zheng,2018,83/6096,Jianfei Cai 0001
3067,09/5452,Jianmin Zheng,2018,s/SeahHockSoon,Hock Soon Seah
3068,09/5452,Jianmin Zheng,2018,83/6096,Jianfei Cai 0001
3069,09/5452,Jianmin Zheng,2018,83/6096,Jianfei Cai 0001
3070,09/5452,Jianmin Zheng,2018,29/3808,Tat-Jen Cham
3071,09/5452,Jianmin Zheng,2018,83/6096,Jianfei Cai 0001
3072,09/5452,Jianmin Zheng,2018,29/3808,Tat-Jen Cham
3073,09/5452,Jianmin Zheng,2018,83/6096,Jianfei Cai 0001
3074,09/5452,Jianmin Zheng,2018,83/6096,Jianfei Cai 0001
3075,09/5452,Jianmin Zheng,2017,83/6096,Jianfei Cai 0001
3076,09/5452,Jianmin Zheng,2017,29/3808,Tat-Jen Cham
3077,09/5452,Jianmin Zheng,2017,83/6096,Jianfei Cai 0001
3078,09/5452,Jianmin Zheng,2016,83/6096,Jianfei Cai 0001
3079,09/5452,Jianmin Zheng,2016,42/2718,Shijian Lu
3080,09/5452,Jianmin Zheng,2016,83/6096,Jianfei Cai 0001
3081,09/5452,Jianmin Zheng,2015,83/6096,Jianfei Cai 0001
3082,09/5452,Jianmin Zheng,2015,29/3808,Tat-Jen Cham
3083,09/5452,Jianmin Zheng,2015,83/6096,Jianfei Cai 0001
3084,09/5452,Jianmin Zheng,2015,83/6096,Jianfei Cai 0001
3085,09/5452,Jianmin Zheng,2014,83/6096,Jianfei Cai 0001
3086,09/5452,Jianmin Zheng,2014,83/6096,Jianfei Cai 0001
3087,09/5452,Jianmin Zheng,2014,83/6096,Jianfei Cai 0001
3088,09/5452,Jianmin Zheng,2013,83/6096,Jianfei Cai 0001
3089,09/5452,Jianmin Zheng,2013,83/6096,Jianfei Cai 0001
3090,09/5452,Jianmin Zheng,2013,83/6096,Jianfei Cai 0001
3091,09/5452,Jianmin Zheng,2013,83/6096,Jianfei Cai 0001
3092,09/5452,Jianmin Zheng,2013,83/6096,Jianfei Cai 0001
3093,09/5452,Jianmin Zheng,2013,29/3808,Tat-Jen Cham
3094,09/5452,Jianmin Zheng,2012,83/6096,Jianfei Cai 0001
3095,09/5452,Jianmin Zheng,2012,83/6096,Jianfei Cai 0001
3096,09/5452,Jianmin Zheng,2012,83/6096,Jianfei Cai 0001
3097,09/5452,Jianmin Zheng,2011,83/6096,Jianfei Cai 0001
3098,09/5452,Jianmin Zheng,2011,83/6096,Jianfei Cai 0001
3099,09/5452,Jianmin Zheng,2011,83/6096,Jianfei Cai 0001
3100,09/5452,Jianmin Zheng,2011,14/3737,Weisi Lin
3101,09/5452,Jianmin Zheng,2010,83/6096,Jianfei Cai 0001
3102,09/5452,Jianmin Zheng,2010,83/6096,Jianfei Cai 0001
3103,09/5452,Jianmin Zheng,2010,83/6096,Jianfei Cai 0001
3104,09/5452,Jianmin Zheng,2010,83/6096,Jianfei Cai 0001
3105,09/5452,Jianmin Zheng,2010,s/SeahHockSoon,Hock Soon Seah
3106,09/5452,Jianmin Zheng,2010,83/6096,Jianfei Cai 0001
3107,09/5452,Jianmin Zheng,2010,83/6096,Jianfei Cai 0001
3108,09/5452,Jianmin Zheng,2009,83/6096,Jianfei Cai 0001
3109,09/5452,Jianmin Zheng,2009,83/6096,Jianfei Cai 0001
3110,09/5452,Jianmin Zheng,2009,83/6096,Jianfei Cai 0001
3111,09/5452,Jianmin Zheng,2008,83/6096,Jianfei Cai 0001
3112,09/5452,Jianmin Zheng,2008,83/6096,Jianfei Cai 0001
3113,09/5452,Jianmin Zheng,2007,83/6096,Jianfei Cai 0001
3114,09/5452,Jianmin Zheng,2007,83/6096,Jianfei Cai 0001
3115,09/5452,Jianmin Zheng,2007,83/6096,Jianfei Cai 0001
3116,09/5452,Jianmin Zheng,2005,s/SeahHockSoon,Hock Soon Seah
3117,09/5452,Jianmin Zheng,2005,s/SeahHockSoon,Hock Soon Seah
3118,95/3115,Deepu Rajan,2024,69/8028,Nicholas Vun
3119,95/3115,Deepu Rajan,2024,76/440,Dusit Niyato
3120,95/3115,Deepu Rajan,2024,c/ChngEngSiong,Eng Siong Chng
3121,95/3115,Deepu Rajan,2024,c/ChngEngSiong,Eng Siong Chng
3122,95/3115,Deepu Rajan,2023,c/ChngEngSiong,Eng Siong Chng
3123,95/3115,Deepu Rajan,2023,c/ChngEngSiong,Eng Siong Chng
3124,95/3115,Deepu Rajan,2023,76/440,Dusit Niyato
3125,95/3115,Deepu Rajan,2022,q/HiokChaiQuek,Chai Quek
3126,95/3115,Deepu Rajan,2022,c/ChngEngSiong,Eng Siong Chng
3127,95/3115,Deepu Rajan,2022,c/ChngEngSiong,Eng Siong Chng
3128,95/3115,Deepu Rajan,2021,q/HiokChaiQuek,Chai Quek
3129,95/3115,Deepu Rajan,2021,05/2952,Liang-Tien Chia
3130,95/3115,Deepu Rajan,2020,q/HiokChaiQuek,Chai Quek
3131,95/3115,Deepu Rajan,2020,q/HiokChaiQuek,Chai Quek
3132,95/3115,Deepu Rajan,2019,l/BuSungLee,Bu-Sung Lee
3133,95/3115,Deepu Rajan,2019,q/HiokChaiQuek,Chai Quek
3134,95/3115,Deepu Rajan,2019,l/BuSungLee,Francis Bu-Sung Lee
3135,95/3115,Deepu Rajan,2019,l/BuSungLee,Bu-Sung Lee
3136,95/3115,Deepu Rajan,2018,q/HiokChaiQuek,Chai Quek
3137,95/3115,Deepu Rajan,2017,q/HiokChaiQuek,Chai Quek
3138,95/3115,Deepu Rajan,2017,q/HiokChaiQuek,Chai Quek
3139,95/3115,Deepu Rajan,2017,q/HiokChaiQuek,Chai Quek
3140,95/3115,Deepu Rajan,2016,l/BuSungLee,Bu-Sung Lee
3141,95/3115,Deepu Rajan,2016,q/HiokChaiQuek,Chai Quek
3142,95/3115,Deepu Rajan,2016,q/HiokChaiQuek,Chai Quek
3143,95/3115,Deepu Rajan,2013,05/2952,Liang-Tien Chia
3144,95/3115,Deepu Rajan,2013,05/2952,Liang-Tien Chia
3145,95/3115,Deepu Rajan,2012,05/2952,Liang-Tien Chia
3146,95/3115,Deepu Rajan,2012,05/2952,Liang-Tien Chia
3147,95/3115,Deepu Rajan,2010,05/2952,Liang-Tien Chia
3148,95/3115,Deepu Rajan,2010,05/2952,Liang-Tien Chia
3149,95/3115,Deepu Rajan,2010,05/2952,Liang-Tien Chia
3150,95/3115,Deepu Rajan,2010,05/2952,Liang-Tien Chia
3151,95/3115,Deepu Rajan,2009,05/2952,Liang-Tien Chia
3152,95/3115,Deepu Rajan,2009,05/2952,Liang-Tien Chia
3153,95/3115,Deepu Rajan,2009,38/3641,Ah-Hwee Tan
3154,95/3115,Deepu Rajan,2009,c/ChngEngSiong,Chng Eng Siong
3155,95/3115,Deepu Rajan,2008,05/2952,Liang-Tien Chia
3156,95/3115,Deepu Rajan,2007,05/2952,Liang-Tien Chia
3157,95/3115,Deepu Rajan,2007,05/2952,Liang-Tien Chia
3158,95/3115,Deepu Rajan,2006,05/2952,Liang-Tien Chia
3159,95/3115,Deepu Rajan,2006,05/2952,Liang-Tien Chia
3160,95/3115,Deepu Rajan,2006,05/2952,Liang-Tien Chia
3161,95/3115,Deepu Rajan,2006,83/6096,Jianfei Cai 0001
3162,95/3115,Deepu Rajan,2006,05/2952,Liang-Tien Chia
3163,95/3115,Deepu Rajan,2006,05/2952,Liang-Tien Chia
3164,95/3115,Deepu Rajan,2006,l/BuSungLee,Bu-Sung Lee
3165,95/3115,Deepu Rajan,2006,83/6096,Jianfei Cai 0001
3166,95/3115,Deepu Rajan,2006,05/2952,Liang-Tien Chia
3167,95/3115,Deepu Rajan,2006,l/BuSungLee,Bu-Sung Lee
3168,95/3115,Deepu Rajan,2006,05/2952,Liang-Tien Chia
3169,95/3115,Deepu Rajan,2005,05/2952,Liang-Tien Chia
3170,95/3115,Deepu Rajan,2005,05/2952,Liang-Tien Chia
3171,95/3115,Deepu Rajan,2005,05/2952,Liang-Tien Chia
3172,95/3115,Deepu Rajan,2005,05/2952,Liang-Tien Chia
3173,95/3115,Deepu Rajan,2005,05/2952,Liang-Tien Chia
3174,95/3115,Deepu Rajan,2005,05/2952,Liang-Tien Chia
3175,95/3115,Deepu Rajan,2005,05/2952,Liang-Tien Chia
3176,95/3115,Deepu Rajan,2004,05/2952,Liang-Tien Chia
3177,95/3115,Deepu Rajan,2004,05/2952,Liang-Tien Chia
3178,95/3115,Deepu Rajan,2004,05/2952,Liang-Tien Chia
3179,95/3115,Deepu Rajan,2004,05/2952,Liang-Tien Chia
3180,95/3115,Deepu Rajan,2004,05/2952,Liang-Tien Chia
3181,95/3115,Deepu Rajan,2004,80/2106,Syin Chan
3182,95/3115,Deepu Rajan,2004,05/2952,Liang-Tien Chia
3183,95/3115,Deepu Rajan,2004,05/2952,Liang-Tien Chia
3184,95/3115,Deepu Rajan,2004,05/2952,Liang-Tien Chia
3185,95/3115,Deepu Rajan,2004,05/2952,Liang-Tien Chia
3186,95/3115,Deepu Rajan,2003,05/2952,Liang-Tien Chia
3187,95/3115,Deepu Rajan,2003,05/2952,Liang-Tien Chia
3188,95/3115,Deepu Rajan,2003,05/2952,Liang-Tien Chia
3189,95/3115,Deepu Rajan,2003,05/2952,Liang-Tien Chia
3190,00/4516-3,Siyuan Liu 0003,2024,03/1554-1,Zhiqi Shen 0001
3191,00/4516-3,Siyuan Liu 0003,2024,35/6803,Xiuyi Fan
3192,00/4516-3,Siyuan Liu 0003,2024,35/6803,Xiuyi Fan
3193,00/4516-3,Siyuan Liu 0003,2022,35/6803,Xiuyi Fan
3194,00/4516-3,Siyuan Liu 0003,2022,35/6803,Xiuyi Fan
3195,00/4516-3,Siyuan Liu 0003,2021,03/1554-1,Zhiqi Shen 0001
3196,00/4516-3,Siyuan Liu 0003,2021,m/ChunyanMiao,Chunyan Miao
3197,00/4516-3,Siyuan Liu 0003,2021,35/6803,Xiuyi Fan
3198,00/4516-3,Siyuan Liu 0003,2021,m/ChunyanMiao,Chunyan Miao
3199,00/4516-3,Siyuan Liu 0003,2021,35/6803,Xiuyi Fan
3200,00/4516-3,Siyuan Liu 0003,2021,35/6803,Xiuyi Fan
3201,00/4516-3,Siyuan Liu 0003,2021,35/6803,Xiuyi Fan
3202,00/4516-3,Siyuan Liu 0003,2020,35/6803,Xiuyi Fan
3203,00/4516-3,Siyuan Liu 0003,2020,35/6803,Xiuyi Fan
3204,00/4516-3,Siyuan Liu 0003,2019,m/ChunyanMiao,Chunyan Miao
3205,00/4516-3,Siyuan Liu 0003,2018,m/ChunyanMiao,Chunyan Miao
3206,00/4516-3,Siyuan Liu 0003,2018,03/1554-1,Zhiqi Shen 0001
3207,00/4516-3,Siyuan Liu 0003,2018,m/ChunyanMiao,Chunyan Miao
3208,00/4516-3,Siyuan Liu 0003,2018,03/1554-1,Zhiqi Shen 0001
3209,00/4516-3,Siyuan Liu 0003,2017,03/1554-1,Zhiqi Shen 0001
3210,00/4516-3,Siyuan Liu 0003,2017,m/ChunyanMiao,Chunyan Miao
3211,00/4516-3,Siyuan Liu 0003,2017,35/6803,Xiuyi Fan
3212,00/4516-3,Siyuan Liu 0003,2017,m/ChunyanMiao,Chunyan Miao
3213,00/4516-3,Siyuan Liu 0003,2017,03/1554-1,Zhiqi Shen 0001
3214,00/4516-3,Siyuan Liu 0003,2017,c/ChngEngSiong,Eng Siong Chng
3215,00/4516-3,Siyuan Liu 0003,2017,m/ChunyanMiao,Chunyan Miao
3216,00/4516-3,Siyuan Liu 0003,2017,m/ChunyanMiao,Chunyan Miao
3217,00/4516-3,Siyuan Liu 0003,2016,35/1096-1,Han Yu 0001
3218,00/4516-3,Siyuan Liu 0003,2016,m/ChunyanMiao,Chunyan Miao
3219,00/4516-3,Siyuan Liu 0003,2016,03/1554-1,Zhiqi Shen 0001
3220,00/4516-3,Siyuan Liu 0003,2016,03/1554-1,Zhiqi Shen 0001
3221,00/4516-3,Siyuan Liu 0003,2016,35/1096-1,Han Yu 0001
3222,00/4516-3,Siyuan Liu 0003,2016,m/ChunyanMiao,Chunyan Miao
3223,00/4516-3,Siyuan Liu 0003,2016,35/6803,Xiuyi Fan
3224,00/4516-3,Siyuan Liu 0003,2016,m/ChunyanMiao,Chunyan Miao
3225,00/4516-3,Siyuan Liu 0003,2016,35/6803,Xiuyi Fan
3226,00/4516-3,Siyuan Liu 0003,2016,m/ChunyanMiao,Chunyan Miao
3227,00/4516-3,Siyuan Liu 0003,2016,m/ChunyanMiao,Chunyan Miao
3228,00/4516-3,Siyuan Liu 0003,2015,m/ChunyanMiao,Chunyan Miao
3229,00/4516-3,Siyuan Liu 0003,2015,35/1096-1,Han Yu 0001
3230,00/4516-3,Siyuan Liu 0003,2015,84/6889-2,Jie Zhang 0002
3231,00/4516-3,Siyuan Liu 0003,2015,m/ChunyanMiao,Chunyan Miao
3232,00/4516-3,Siyuan Liu 0003,2015,35/1096-1,Han Yu 0001
3233,00/4516-3,Siyuan Liu 0003,2015,84/6889-2,Jie Zhang 0002
3234,00/4516-3,Siyuan Liu 0003,2014,84/6889-2,Jie Zhang 0002
3235,00/4516-3,Siyuan Liu 0003,2014,m/ChunyanMiao,Chunyan Miao
3236,00/4516-3,Siyuan Liu 0003,2014,84/6889-2,Jie Zhang 0002
3237,00/4516-3,Siyuan Liu 0003,2014,35/1096-1,Han Yu 0001
3238,00/4516-3,Siyuan Liu 0003,2014,m/ChunyanMiao,Chunyan Miao
3239,00/4516-3,Siyuan Liu 0003,2014,03/1554-1,Zhiqi Shen 0001
3240,00/4516-3,Siyuan Liu 0003,2014,35/1096-1,Han Yu 0001
3241,00/4516-3,Siyuan Liu 0003,2014,m/ChunyanMiao,Chunyan Miao
3242,00/4516-3,Siyuan Liu 0003,2014,03/1554-1,Zhiqi Shen 0001
3243,00/4516-3,Siyuan Liu 0003,2014,m/ChunyanMiao,Chunyan Miao
3244,00/4516-3,Siyuan Liu 0003,2013,35/1096-1,Han Yu 0001
3245,00/4516-3,Siyuan Liu 0003,2013,m/ChunyanMiao,Chunyan Miao
3246,00/4516-3,Siyuan Liu 0003,2012,m/ChunyanMiao,Chunyan Miao
3247,00/4516-3,Siyuan Liu 0003,2012,m/ChunyanMiao,Chunyan Miao
3248,00/4516-3,Siyuan Liu 0003,2011,84/6889-2,Jie Zhang 0002
3249,00/4516-3,Siyuan Liu 0003,2011,m/ChunyanMiao,Chunyan Miao
3250,00/4516-3,Siyuan Liu 0003,2010,m/ChunyanMiao,Chunyan Miao
3251,55/9613,Mahardhika Pratama,2024,84/6889-2,Jie Zhang 0002
3252,55/9613,Mahardhika Pratama,2024,84/6889-2,Jie Zhang 0002
3253,55/9613,Mahardhika Pratama,2024,74/1907,Siew-Kei Lam
3254,55/9613,Mahardhika Pratama,2024,84/6889-2,Jie Zhang 0002
3255,55/9613,Mahardhika Pratama,2024,84/6889-2,Jie Zhang 0002
3256,55/9613,Mahardhika Pratama,2024,74/1907,Siew-Kei Lam
3257,55/9613,Mahardhika Pratama,2022,84/6889-2,Jie Zhang 0002
3258,55/9613,Mahardhika Pratama,2022,74/1907,Siew-Kei Lam
3259,55/9613,Mahardhika Pratama,2022,84/6889-2,Jie Zhang 0002
3260,55/9613,Mahardhika Pratama,2022,74/1907,Siew Kei Lam
3261,55/9613,Mahardhika Pratama,2022,84/6889-2,Jie Zhang 0002
3262,55/9613,Mahardhika Pratama,2021,84/6889-2,Jie Zhang 0002
3263,55/9613,Mahardhika Pratama,2020,64/4136,Yew-Soon Ong
3264,55/9613,Mahardhika Pratama,2020,84/6889-2,Jie Zhang 0002
3265,55/9613,Mahardhika Pratama,2020,64/4136,Yew-Soon Ong
3266,55/9613,Mahardhika Pratama,2019,64/4136,Yew-Soon Ong
3267,55/9613,Mahardhika Pratama,2019,84/6889-2,Jie Zhang 0002
3268,55/9613,Mahardhika Pratama,2019,64/4136,Yew-Soon Ong
3269,55/9613,Mahardhika Pratama,2019,64/4136,Yew-Soon Ong
3270,55/9613,Mahardhika Pratama,2018,64/4136,Yew-Soon Ong
3271,64/4136,Yew-Soon Ong,2025,09/5452,Jianmin Zheng
3272,64/4136,Yew-Soon Ong,2025,84/6889-2,Jie Zhang 0002
3273,64/4136,Yew-Soon Ong,2024,84/6889-2,Jie Zhang 0002
3274,64/4136,Yew-Soon Ong,2024,84/6889-2,Jie Zhang 0002
3275,64/4136,Yew-Soon Ong,2024,35/1096-1,Han Yu 0001
3276,64/4136,Yew-Soon Ong,2024,79/8116,Hanwang Zhang
3277,64/4136,Yew-Soon Ong,2024,84/6889-2,Jie Zhang 0002
3278,64/4136,Yew-Soon Ong,2024,35/1096-1,Han Yu 0001
3279,64/4136,Yew-Soon Ong,2024,33/3180,Gao Cong
3280,64/4136,Yew-Soon Ong,2024,84/6889-2,Jie Zhang 0002
3281,64/4136,Yew-Soon Ong,2024,33/3180,Gao Cong
3282,64/4136,Yew-Soon Ong,2024,160/7116,Mengmi Zhang
3283,64/4136,Yew-Soon Ong,2024,33/3180,Gao Cong
3284,64/4136,Yew-Soon Ong,2024,35/1096-1,Han Yu 0001
3285,64/4136,Yew-Soon Ong,2024,79/8116,Hanwang Zhang
3286,64/4136,Yew-Soon Ong,2024,35/1096-1,Han Yu 0001
3287,64/4136,Yew-Soon Ong,2024,79/8116,Hanwang Zhang
3288,64/4136,Yew-Soon Ong,2024,84/6889-2,Jie Zhang 0002
3289,64/4136,Yew-Soon Ong,2023,163/6518,Alvin Chan
3290,64/4136,Yew-Soon Ong,2023,07/3111,Yiping Ke
3291,64/4136,Yew-Soon Ong,2023,84/6889-2,Jie Zhang 0002
3292,64/4136,Yew-Soon Ong,2023,09/5452,Jianmin Zheng
3293,64/4136,Yew-Soon Ong,2023,01/5855,Chen Change Loy
3294,64/4136,Yew-Soon Ong,2023,84/6889-2,Jie Zhang 0002
3295,64/4136,Yew-Soon Ong,2023,01/5855,Chen Change Loy
3296,64/4136,Yew-Soon Ong,2023,35/1096-1,Han Yu 0001
3297,64/4136,Yew-Soon Ong,2022,01/5855,Chen Change Loy
3298,64/4136,Yew-Soon Ong,2022,24/914,Weichen Liu
3299,64/4136,Yew-Soon Ong,2022,83/6096,Jianfei Cai 0001
3300,64/4136,Yew-Soon Ong,2022,07/3111,Yiping Ke
3301,64/4136,Yew-Soon Ong,2022,163/6518,Alvin Chan
3302,64/4136,Yew-Soon Ong,2022,51/3710-3,Yang Liu 0003
3303,64/4136,Yew-Soon Ong,2022,163/6518,Alvin Chan
3304,64/4136,Yew-Soon Ong,2022,84/6889-2,Jie Zhang 0002
3305,64/4136,Yew-Soon Ong,2022,163/6518,Alvin Chan
3306,64/4136,Yew-Soon Ong,2022,163/6518,Alvin Chan
3307,64/4136,Yew-Soon Ong,2022,163/6518,Alvin Chan
3308,64/4136,Yew-Soon Ong,2022,01/5855,Chen Change Loy
3309,64/4136,Yew-Soon Ong,2022,84/6889-2,Jie Zhang 0002
3310,64/4136,Yew-Soon Ong,2022,84/6889-2,Jie Zhang 0002
3311,64/4136,Yew-Soon Ong,2022,33/3180,Gao Cong
3312,64/4136,Yew-Soon Ong,2021,83/6096,Jianfei Cai 0001
3313,64/4136,Yew-Soon Ong,2021,07/3111,Yiping Ke
3314,64/4136,Yew-Soon Ong,2021,163/6518,Alvin Chan
3315,64/4136,Yew-Soon Ong,2021,163/6518,Alvin Chan
3316,64/4136,Yew-Soon Ong,2021,01/5855,Chen Change Loy
3317,64/4136,Yew-Soon Ong,2021,163/6518,Alvin Chan
3318,64/4136,Yew-Soon Ong,2021,01/5855,Chen Change Loy
3319,64/4136,Yew-Soon Ong,2020,55/9613,Mahardhika Pratama
3320,64/4136,Yew-Soon Ong,2020,80/7421,Erik Cambria
3321,64/4136,Yew-Soon Ong,2020,83/6096,Jianfei Cai 0001
3322,64/4136,Yew-Soon Ong,2020,83/3179,Wentong Cai 0001
3323,64/4136,Yew-Soon Ong,2020,55/9613,Mahardhika Pratama
3324,64/4136,Yew-Soon Ong,2020,84/6889-2,Jie Zhang 0002
3325,64/4136,Yew-Soon Ong,2020,07/3111,Yiping Ke
3326,64/4136,Yew-Soon Ong,2020,163/6518,Alvin Chan
3327,64/4136,Yew-Soon Ong,2020,01/5855,Chen Change Loy
3328,64/4136,Yew-Soon Ong,2020,163/6518,Alvin Chan
3329,64/4136,Yew-Soon Ong,2020,163/6518,Alvin Chan
3330,64/4136,Yew-Soon Ong,2020,163/6518,Alvin Chan
3331,64/4136,Yew-Soon Ong,2020,01/5855,Chen Change Loy
3332,64/4136,Yew-Soon Ong,2020,01/5855,Chen Change Loy
3333,64/4136,Yew-Soon Ong,2020,163/6518,Alvin Chan
3334,64/4136,Yew-Soon Ong,2019,83/6096,Jianfei Cai 0001
3335,64/4136,Yew-Soon Ong,2019,55/9613,Mahardhika Pratama
3336,64/4136,Yew-Soon Ong,2019,83/6096,Jianfei Cai 0001
3337,64/4136,Yew-Soon Ong,2019,55/9613,Mahardhika Pratama
3338,64/4136,Yew-Soon Ong,2019,55/9613,Mahardhika Pratama
3339,64/4136,Yew-Soon Ong,2019,163/6518,Alvin Chan
3340,64/4136,Yew-Soon Ong,2019,163/6518,Alvin Chan
3341,64/4136,Yew-Soon Ong,2019,163/6518,Alvin Chan
3342,64/4136,Yew-Soon Ong,2018,33/885,Yonggang Wen 0001
3343,64/4136,Yew-Soon Ong,2018,83/6096,Jianfei Cai 0001
3344,64/4136,Yew-Soon Ong,2018,83/6096,Jianfei Cai 0001
3345,64/4136,Yew-Soon Ong,2018,35/6803,Xiuyi Fan
3346,64/4136,Yew-Soon Ong,2018,m/ChunyanMiao,Chunyan Miao
3347,64/4136,Yew-Soon Ong,2018,07/3111,Yiping Ke
3348,64/4136,Yew-Soon Ong,2018,83/6096,Jianfei Cai 0001
3349,64/4136,Yew-Soon Ong,2018,83/6096,Jianfei Cai 0001
3350,64/4136,Yew-Soon Ong,2018,83/6096,Jianfei Cai 0001
3351,64/4136,Yew-Soon Ong,2018,163/6518,Alvin Chan
3352,64/4136,Yew-Soon Ong,2018,51/3710-3,Yang Liu 0003
3353,64/4136,Yew-Soon Ong,2018,55/9613,Mahardhika Pratama
3354,64/4136,Yew-Soon Ong,2018,83/6096,Jianfei Cai 0001
3355,64/4136,Yew-Soon Ong,2018,83/6096,Jianfei Cai 0001
3356,64/4136,Yew-Soon Ong,2018,41/8030,Sourav Sen Gupta 0001
3357,64/4136,Yew-Soon Ong,2017,83/6096,Jianfei Cai 0001
3358,64/4136,Yew-Soon Ong,2017,83/6096,Jianfei Cai 0001
3359,64/4136,Yew-Soon Ong,2017,07/3111,Yiping Ke
3360,64/4136,Yew-Soon Ong,2017,83/6096,Jianfei Cai 0001
3361,64/4136,Yew-Soon Ong,2016,80/7421,Erik Cambria
3362,64/4136,Yew-Soon Ong,2016,83/3179,Wentong Cai 0001
3363,64/4136,Yew-Soon Ong,2015,33/885,Yonggang Wen 0001
3364,64/4136,Yew-Soon Ong,2015,38/3641,Ah-Hwee Tan
3365,64/4136,Yew-Soon Ong,2015,84/6889-2,Jie Zhang 0002
3366,64/4136,Yew-Soon Ong,2015,83/3179,Wentong Cai 0001
3367,64/4136,Yew-Soon Ong,2014,84/6889-2,Jie Zhang 0002
3368,64/4136,Yew-Soon Ong,2014,84/6889-2,Jie Zhang 0002
3369,64/4136,Yew-Soon Ong,2014,84/6889-2,Jie Zhang 0002
3370,64/4136,Yew-Soon Ong,2013,32/228,Chee Keong Kwoh 0001
3371,64/4136,Yew-Soon Ong,2013,80/7421,Erik Cambria
3372,64/4136,Yew-Soon Ong,2013,38/3641,Ah-Hwee Tan
3373,64/4136,Yew-Soon Ong,2013,84/6889-2,Jie Zhang 0002
3374,64/4136,Yew-Soon Ong,2013,33/885,Yonggang Wen 0001
3375,64/4136,Yew-Soon Ong,2012,32/228,Chee Keong Kwoh 0001
3376,64/4136,Yew-Soon Ong,2012,32/228,Chee Keong Kwoh 0001
3377,64/4136,Yew-Soon Ong,2012,32/228,Chee Keong Kwoh 0001
3378,64/4136,Yew-Soon Ong,2012,84/6889-2,Jie Zhang 0002
3379,64/4136,Yew-Soon Ong,2012,38/3641,Ah-Hwee Tan
3380,64/4136,Yew-Soon Ong,2012,m/ChunyanMiao,Chunyan Miao
3381,64/4136,Yew-Soon Ong,2012,38/3641,Ah-Hwee Tan
3382,64/4136,Yew-Soon Ong,2012,38/3641,Ah-Hwee Tan
3383,64/4136,Yew-Soon Ong,2012,38/3641,Ah-Hwee Tan
3384,64/4136,Yew-Soon Ong,2011,38/3641,Ah-Hwee Tan
3385,64/4136,Yew-Soon Ong,2011,83/3179,Wentong Cai 0001
3386,64/4136,Yew-Soon Ong,2011,84/6889-2,Jie Zhang 0002
3387,64/4136,Yew-Soon Ong,2011,38/3641,Ah-Hwee Tan
3388,64/4136,Yew-Soon Ong,2011,32/228,Chee Keong Kwoh 0001
3389,64/4136,Yew-Soon Ong,2011,84/6889-2,Jie Zhang 0002
3390,64/4136,Yew-Soon Ong,2010,38/3641,Ah-Hwee Tan
3391,64/4136,Yew-Soon Ong,2010,32/228,Chee Keong Kwoh 0001
3392,64/4136,Yew-Soon Ong,2010,32/228,Chee Keong Kwoh 0001
3393,64/4136,Yew-Soon Ong,2010,38/3641,Ah-Hwee Tan
3394,64/4136,Yew-Soon Ong,2010,38/3641,Ah-Hwee Tan
3395,64/4136,Yew-Soon Ong,2010,m/ChunyanMiao,Chunyan Miao
3396,64/4136,Yew-Soon Ong,2009,32/228,Chee Keong Kwoh 0001
3397,64/4136,Yew-Soon Ong,2008,38/3641,Ah-Hwee Tan
3398,64/4136,Yew-Soon Ong,2008,70/1211-1,Boyang Li 0001
3399,64/4136,Yew-Soon Ong,2008,32/228,Chee Keong Kwoh 0001
3400,64/4136,Yew-Soon Ong,2008,32/228,Chee Keong Kwoh 0001
3401,64/4136,Yew-Soon Ong,2007,l/BuSungLee,Bu-Sung Lee
3402,64/4136,Yew-Soon Ong,2007,l/BuSungLee,Bu-Sung Lee
3403,64/4136,Yew-Soon Ong,2007,l/BuSungLee,Bu-Sung Lee
3404,64/4136,Yew-Soon Ong,2007,l/BuSungLee,Bu-Sung Lee
3405,64/4136,Yew-Soon Ong,2006,l/BuSungLee,Bu-Sung Lee
3406,64/4136,Yew-Soon Ong,2006,l/BuSungLee,Bu-Sung Lee
3407,64/4136,Yew-Soon Ong,2006,32/228,Chee Keong Kwoh 0001
3408,64/4136,Yew-Soon Ong,2005,83/3179,Wentong Cai 0001
3409,64/4136,Yew-Soon Ong,2005,l/BuSungLee,Bu-Sung Lee
3410,64/4136,Yew-Soon Ong,2005,l/BuSungLee,Bu-Sung Lee
3411,64/4136,Yew-Soon Ong,2005,l/BuSungLee,Bu-Sung Lee
3412,64/4136,Yew-Soon Ong,2004,l/BuSungLee,Bu-Sung Lee
3413,64/4136,Yew-Soon Ong,2004,83/3179,Wentong Cai 0001
3414,64/4136,Yew-Soon Ong,2004,l/BuSungLee,Bu-Sung Lee
3415,64/4136,Yew-Soon Ong,2003,83/3179,Wentong Cai 0001
3416,84/2408,Owen Noel Newton Fernando,2019,99/4535,Anupam Chattopadhyay
3417,84/2408,Owen Noel Newton Fernando,2019,s/SeahHockSoon,Hock Soon Seah
3418,84/2408,Owen Noel Newton Fernando,2019,99/4535,Anupam Chattopadhyay
3419,84/2408,Owen Noel Newton Fernando,2019,s/SeahHockSoon,Hock Soon Seah
3420,84/2408,Owen Noel Newton Fernando,2018,n/WeeKeongNg,Wee Keong Ng
3421,84/2408,Owen Noel Newton Fernando,2018,n/WeeKeongNg,Wee Keong Ng
3422,84/2408,Owen Noel Newton Fernando,2018,91/665,Jagath C. Rajapakse
3423,99/4535,Anupam Chattopadhyay,2024,76/440,Dusit Niyato
3424,99/4535,Anupam Chattopadhyay,2024,80/7421,Erik Cambria
3425,99/4535,Anupam Chattopadhyay,2023,10/1993,Kwok-Yan Lam
3426,99/4535,Anupam Chattopadhyay,2021,10/1993,Kwok-Yan Lam
3427,99/4535,Anupam Chattopadhyay,2020,95/7006,Cuntai Guan
3428,99/4535,Anupam Chattopadhyay,2020,73/1708,Arvind Easwaran
3429,99/4535,Anupam Chattopadhyay,2020,73/1708,Arvind Easwaran
3430,99/4535,Anupam Chattopadhyay,2019,41/8030,Sourav Sen Gupta 0001
3431,99/4535,Anupam Chattopadhyay,2019,41/8030,Sourav Sen Gupta 0001
3432,99/4535,Anupam Chattopadhyay,2019,84/2408,Owen Noel Newton Fernando
3433,99/4535,Anupam Chattopadhyay,2019,s/SeahHockSoon,Hock Soon Seah
3434,99/4535,Anupam Chattopadhyay,2019,41/8030,Sourav Sen Gupta 0001
3435,99/4535,Anupam Chattopadhyay,2019,84/2408,Owen Noel Newton Fernando
3436,99/4535,Anupam Chattopadhyay,2019,s/SeahHockSoon,Hock Soon Seah
3437,99/4535,Anupam Chattopadhyay,2019,41/8030,Sourav Sen Gupta 0001
3438,99/4535,Anupam Chattopadhyay,2019,41/8030,Sourav Sen Gupta 0001
3439,99/4535,Anupam Chattopadhyay,2018,10/1993,Kwok-Yan Lam
3440,99/4535,Anupam Chattopadhyay,2018,10/1993,Kwok-Yan Lam
3441,99/4535,Anupam Chattopadhyay,2018,10/1993,Kwok-Yan Lam
3442,99/4535,Anupam Chattopadhyay,2018,41/8030,Sourav Sen Gupta 0001
3443,99/4535,Anupam Chattopadhyay,2018,10/1993,Kwok-Yan Lam
3444,99/4535,Anupam Chattopadhyay,2018,10/1993,Kwok-Yan Lam
3445,99/4535,Anupam Chattopadhyay,2018,41/8030,Sourav Sen Gupta 0001
3446,99/4535,Anupam Chattopadhyay,2018,10/1993,Kwok-Yan Lam
3447,99/4535,Anupam Chattopadhyay,2018,73/1708,Arvind Easwaran
3448,99/4535,Anupam Chattopadhyay,2018,10/1993,Kwok-Yan Lam
3449,99/4535,Anupam Chattopadhyay,2017,80/7421,Erik Cambria
3450,99/4535,Anupam Chattopadhyay,2017,73/1708,Arvind Easwaran
3451,99/4535,Anupam Chattopadhyay,2017,73/1708,Arvind Easwaran
3452,99/4535,Anupam Chattopadhyay,2017,10/1993,Kwok-Yan Lam
3453,99/4535,Anupam Chattopadhyay,2017,10/1993,Kwok-Yan Lam
3454,99/4535,Anupam Chattopadhyay,2016,23/1694,Thambipillai Srikanthan
3455,99/4535,Anupam Chattopadhyay,2016,23/1694,Thambipillai Srikanthan
3456,99/4535,Anupam Chattopadhyay,2013,41/8030,Sourav Sen Gupta 0001
3457,99/4535,Anupam Chattopadhyay,2013,41/8030,Sourav Sen Gupta 0001
3458,99/4535,Anupam Chattopadhyay,2012,41/8030,Sourav Sen Gupta 0001
3459,99/4535,Anupam Chattopadhyay,2011,41/8030,Sourav Sen Gupta 0001
3460,07/3111,Yiping Ke,2023,64/4136,Yew-Soon Ong
3461,07/3111,Yiping Ke,2022,64/4136,Yew-Soon Ong
3462,07/3111,Yiping Ke,2021,64/4136,Yew-Soon Ong
3463,07/3111,Yiping Ke,2021,80/5412,Sinno Jialin Pan
3464,07/3111,Yiping Ke,2021,80/5412,Sinno Jialin Pan
3465,07/3111,Yiping Ke,2020,64/4136,Yew-Soon Ong
3466,07/3111,Yiping Ke,2018,64/4136,Yew-Soon Ong
3467,07/3111,Yiping Ke,2017,64/4136,Yew-Soon Ong
3468,29/3808,Tat-Jen Cham,2024,83/6096,Jianfei Cai 0001
3469,29/3808,Tat-Jen Cham,2024,46/3391,Dacheng Tao
3470,29/3808,Tat-Jen Cham,2024,83/6096,Jianfei Cai 0001
3471,29/3808,Tat-Jen Cham,2024,83/6096,Jianfei Cai 0001
3472,29/3808,Tat-Jen Cham,2024,46/3391,Dacheng Tao
3473,29/3808,Tat-Jen Cham,2024,83/6096,Jianfei Cai 0001
3474,29/3808,Tat-Jen Cham,2024,83/6096,Jianfei Cai 0001
3475,29/3808,Tat-Jen Cham,2024,160/7116,Mengmi Zhang
3476,29/3808,Tat-Jen Cham,2023,46/3391,Dacheng Tao
3477,29/3808,Tat-Jen Cham,2023,46/3391,Dacheng Tao
3478,29/3808,Tat-Jen Cham,2023,83/6096,Jianfei Cai 0001
3479,29/3808,Tat-Jen Cham,2023,46/3391,Dacheng Tao
3480,29/3808,Tat-Jen Cham,2023,46/3391,Dacheng Tao
3481,29/3808,Tat-Jen Cham,2022,83/6096,Jianfei Cai 0001
3482,29/3808,Tat-Jen Cham,2022,09/5452,Jianmin Zheng
3483,29/3808,Tat-Jen Cham,2022,83/6096,Jianfei Cai 0001
3484,29/3808,Tat-Jen Cham,2022,83/6096,Jianfei Cai 0001
3485,29/3808,Tat-Jen Cham,2022,83/6096,Jianfei Cai 0001
3486,29/3808,Tat-Jen Cham,2022,83/6096,Jianfei Cai 0001
3487,29/3808,Tat-Jen Cham,2022,09/5452,Jianmin Zheng
3488,29/3808,Tat-Jen Cham,2022,83/6096,Jianfei Cai 0001
3489,29/3808,Tat-Jen Cham,2022,83/6096,Jianfei Cai 0001
3490,29/3808,Tat-Jen Cham,2022,83/6096,Jianfei Cai 0001
3491,29/3808,Tat-Jen Cham,2022,46/3391,Dacheng Tao
3492,29/3808,Tat-Jen Cham,2021,83/6096,Jianfei Cai 0001
3493,29/3808,Tat-Jen Cham,2021,09/5452,Jianmin Zheng
3494,29/3808,Tat-Jen Cham,2021,83/6096,Jianfei Cai 0001
3495,29/3808,Tat-Jen Cham,2021,83/6096,Jianfei Cai 0001
3496,29/3808,Tat-Jen Cham,2021,83/6096,Jianfei Cai 0001
3497,29/3808,Tat-Jen Cham,2021,83/6096,Jianfei Cai 0001
3498,29/3808,Tat-Jen Cham,2021,83/6096,Jianfei Cai 0001
3499,29/3808,Tat-Jen Cham,2021,83/6096,Jianfei Cai 0001
3500,29/3808,Tat-Jen Cham,2021,83/6096,Jianfei Cai 0001
3501,29/3808,Tat-Jen Cham,2021,83/6096,Jianfei Cai 0001
3502,29/3808,Tat-Jen Cham,2021,09/5452,Jianmin Zheng
3503,29/3808,Tat-Jen Cham,2021,83/6096,Jianfei Cai 0001
3504,29/3808,Tat-Jen Cham,2020,09/5452,Jianmin Zheng
3505,29/3808,Tat-Jen Cham,2020,83/6096,Jianfei Cai 0001
3506,29/3808,Tat-Jen Cham,2020,83/6096,Jianfei Cai 0001
3507,29/3808,Tat-Jen Cham,2020,83/6096,Jianfei Cai 0001
3508,29/3808,Tat-Jen Cham,2019,09/5452,Jianmin Zheng
3509,29/3808,Tat-Jen Cham,2019,83/6096,Jianfei Cai 0001
3510,29/3808,Tat-Jen Cham,2019,83/6096,Jianfei Cai 0001
3511,29/3808,Tat-Jen Cham,2019,83/6096,Jianfei Cai 0001
3512,29/3808,Tat-Jen Cham,2019,83/6096,Jianfei Cai 0001
3513,29/3808,Tat-Jen Cham,2019,83/6096,Jianfei Cai 0001
3514,29/3808,Tat-Jen Cham,2019,83/6096,Jianfei Cai 0001
3515,29/3808,Tat-Jen Cham,2019,09/5452,Jianmin Zheng
3516,29/3808,Tat-Jen Cham,2019,83/6096,Jianfei Cai 0001
3517,29/3808,Tat-Jen Cham,2019,83/6096,Jianfei Cai 0001
3518,29/3808,Tat-Jen Cham,2019,83/6096,Jianfei Cai 0001
3519,29/3808,Tat-Jen Cham,2019,83/6096,Jianfei Cai 0001
3520,29/3808,Tat-Jen Cham,2019,09/5452,Jianmin Zheng
3521,29/3808,Tat-Jen Cham,2019,83/6096,Jianfei Cai 0001
3522,29/3808,Tat-Jen Cham,2018,09/5452,Jianmin Zheng
3523,29/3808,Tat-Jen Cham,2018,83/6096,Jianfei Cai 0001
3524,29/3808,Tat-Jen Cham,2018,83/6096,Jianfei Cai 0001
3525,29/3808,Tat-Jen Cham,2018,83/6096,Jianfei Cai 0001
3526,29/3808,Tat-Jen Cham,2018,83/6096,Jianfei Cai 0001
3527,29/3808,Tat-Jen Cham,2018,83/6096,Jianfei Cai 0001
3528,29/3808,Tat-Jen Cham,2018,09/5452,Jianmin Zheng
3529,29/3808,Tat-Jen Cham,2018,09/5452,Jianmin Zheng
3530,29/3808,Tat-Jen Cham,2018,83/6096,Jianfei Cai 0001
3531,29/3808,Tat-Jen Cham,2018,83/6096,Jianfei Cai 0001
3532,29/3808,Tat-Jen Cham,2018,83/6096,Jianfei Cai 0001
3533,29/3808,Tat-Jen Cham,2017,83/6096,Jianfei Cai 0001
3534,29/3808,Tat-Jen Cham,2017,09/5452,Jianmin Zheng
3535,29/3808,Tat-Jen Cham,2017,83/6096,Jianfei Cai 0001
3536,29/3808,Tat-Jen Cham,2017,83/6096,Jianfei Cai 0001
3537,29/3808,Tat-Jen Cham,2016,83/6096,Jianfei Cai 0001
3538,29/3808,Tat-Jen Cham,2016,83/6096,Jianfei Cai 0001
3539,29/3808,Tat-Jen Cham,2015,83/6096,Jianfei Cai 0001
3540,29/3808,Tat-Jen Cham,2015,83/6096,Jianfei Cai 0001
3541,29/3808,Tat-Jen Cham,2015,83/6096,Jianfei Cai 0001
3542,29/3808,Tat-Jen Cham,2015,09/5452,Jianmin Zheng
3543,29/3808,Tat-Jen Cham,2015,83/6096,Jianfei Cai 0001
3544,29/3808,Tat-Jen Cham,2015,83/6096,Jianfei Cai 0001
3545,29/3808,Tat-Jen Cham,2015,83/6096,Jianfei Cai 0001
3546,29/3808,Tat-Jen Cham,2014,83/6096,Jianfei Cai 0001
3547,29/3808,Tat-Jen Cham,2014,83/6096,Jianfei Cai 0001
3548,29/3808,Tat-Jen Cham,2014,83/6096,Jianfei Cai 0001
3549,29/3808,Tat-Jen Cham,2013,83/6096,Jianfei Cai 0001
3550,29/3808,Tat-Jen Cham,2013,83/6096,Jianfei Cai 0001
3551,29/3808,Tat-Jen Cham,2013,83/6096,Jianfei Cai 0001
3552,29/3808,Tat-Jen Cham,2013,09/5452,Jianmin Zheng
3553,29/3808,Tat-Jen Cham,2012,83/6096,Jianfei Cai 0001
3554,29/3808,Tat-Jen Cham,2010,05/2952,Liang-Tien Chia
3555,29/3808,Tat-Jen Cham,2007,52/910,Chai Kiat Yeo
3556,29/3808,Tat-Jen Cham,2007,05/2952,Liang-Tien Chia
3557,87/4982-1,Mo Li 0001,2019,47/2026-7,Jun Zhao 0007
3558,87/4982-1,Mo Li 0001,2019,75/198-1,Jie Xiong 0001
3559,87/4982-1,Mo Li 0001,2018,75/198-1,Jie Xiong 0001
3560,87/4982-1,Mo Li 0001,2016,75/198-1,Jie Xiong 0001
3561,87/4982-1,Mo Li 0001,2014,s/CZSun,Chengzheng Sun
3562,l/BuSungLee,Bu-Sung Lee,2024,23/2460,Xueyan Tang
3563,l/BuSungLee,Bu-Sung Lee,2024,23/2460,Xueyan Tang
3564,l/BuSungLee,Bu-Sung Lee,2024,23/2460,Xueyan Tang
3565,l/BuSungLee,Bu-Sung Lee,2023,224/9431,Hong Lye Oh
3566,l/BuSungLee,Bu-Sung Lee,2022,224/9431,Hong Lye Oh
3567,l/BuSungLee,Bu-Sung Lee,2021,52/910,Chai Kiat Yeo
3568,l/BuSungLee,Bu-Sung Lee,2021,224/9431,Hong Lye Oh
3569,l/BuSungLee,Bu-Sung Lee,2020,52/910,Chai Kiat Yeo
3570,l/BuSungLee,Bu-Sung Lee,2020,224/9431,Hong Lye Oh
3571,l/BuSungLee,Bu-Sung Lee,2019,95/3115,Deepu Rajan
3572,l/BuSungLee,Bu-Sung Lee,2019,95/3115,Deepu Rajan
3573,l/BuSungLee,Bu-Sung Lee,2019,95/3115,Deepu Rajan
3574,l/BuSungLee,Bu-Sung Lee,2018,52/910,Chai Kiat Yeo
3575,l/BuSungLee,Bu-Sung Lee,2018,30/6609,Chiew Tong Lau
3576,l/BuSungLee,Bu-Sung Lee,2018,52/910,Chai Kiat Yeo
3577,l/BuSungLee,Bu-Sung Lee,2018,30/6609,Chiew Tong Lau
3578,l/BuSungLee,Bu-Sung Lee,2018,52/910,Chai Kiat Yeo
3579,l/BuSungLee,Bu-Sung Lee,2018,30/6609,Chiew Tong Lau
3580,l/BuSungLee,Bu-Sung Lee,2018,m/ChunyanMiao,Chunyan Miao
3581,l/BuSungLee,Bu-Sung Lee,2018,52/910,Chai Kiat Yeo
3582,l/BuSungLee,Bu-Sung Lee,2018,30/6609,Chiew Tong Lau
3583,l/BuSungLee,Bu-Sung Lee,2018,52/910,Chai Kiat Yeo
3584,l/BuSungLee,Bu-Sung Lee,2018,69/8028,Chan Hua Vun
3585,l/BuSungLee,Bu-Sung Lee,2018,224/9431,Hong Lye Oh
3586,l/BuSungLee,Bu-Sung Lee,2018,52/910,Chai Kiat Yeo
3587,l/BuSungLee,Bu-Sung Lee,2018,52/910,Chai Kiat Yeo
3588,l/BuSungLee,Bu-Sung Lee,2018,30/6609,Chiew Tong Lau
3589,l/BuSungLee,Bu-Sung Lee,2018,52/910,Chai Kiat Yeo
3590,l/BuSungLee,Bu-Sung Lee,2018,30/6609,Chiew Tong Lau
3591,l/BuSungLee,Bu-Sung Lee,2018,52/910,Chai Kiat Yeo
3592,l/BuSungLee,Bu-Sung Lee,2017,52/910,Chai Kiat Yeo
3593,l/BuSungLee,Bu-Sung Lee,2017,30/6609,Chiew Tong Lau
3594,l/BuSungLee,Bu-Sung Lee,2017,52/910,Chai Kiat Yeo
3595,l/BuSungLee,Bu-Sung Lee,2017,30/6609,Chiew Tong Lau
3596,l/BuSungLee,Bu-Sung Lee,2016,95/3115,Deepu Rajan
3597,l/BuSungLee,Bu-Sung Lee,2016,52/910,Chai Kiat Yeo
3598,l/BuSungLee,Bu-Sung Lee,2015,52/910,Chai Kiat Yeo
3599,l/BuSungLee,Bu-Sung Lee,2015,30/6609,Chiew Tong Lau
3600,l/BuSungLee,Bu-Sung Lee,2015,52/910,Chai Kiat Yeo
3601,l/BuSungLee,Bu-Sung Lee,2014,a/QianhuiAltheaLiang,Qianhui Liang
3602,l/BuSungLee,Bu-Sung Lee,2014,14/3737,Weisi Lin
3603,l/BuSungLee,Bu-Sung Lee,2014,30/6609,Chiew Tong Lau
3604,l/BuSungLee,Bu-Sung Lee,2014,76/440,Dusit Niyato
3605,l/BuSungLee,Bu-Sung Lee,2014,23/2460,Xueyan Tang
3606,l/BuSungLee,Bu-Sung Lee,2014,52/910,Chai Kiat Yeo
3607,l/BuSungLee,Bu-Sung Lee,2013,52/910,Chai Kiat Yeo
3608,l/BuSungLee,Bu-Sung Lee,2013,52/910,Chai Kiat Yeo
3609,l/BuSungLee,Bu-Sung Lee,2013,14/3737,Weisi Lin
3610,l/BuSungLee,Bu-Sung Lee,2013,30/6609,Chiew Tong Lau
3611,l/BuSungLee,Bu-Sung Lee,2013,14/3737,Weisi Lin
3612,l/BuSungLee,Bu-Sung Lee,2013,30/6609,Chiew Tong Lau
3613,l/BuSungLee,Bu-Sung Lee,2013,c/ChngEngSiong,Engsiong Chng
3614,l/BuSungLee,Bu-Sung Lee,2013,52/910,Chai Kiat Yeo
3615,l/BuSungLee,Bu-Sung Lee,2013,52/910,Chai Kiat Yeo
3616,l/BuSungLee,Bu-Sung Lee,2012,52/910,Chai Kiat Yeo
3617,l/BuSungLee,Bu-Sung Lee,2012,52/910,Chai Kiat Yeo
3618,l/BuSungLee,Bu-Sung Lee,2012,52/910,Chai Kiat Yeo
3619,l/BuSungLee,Bu-Sung Lee,2012,14/3737,Weisi Lin
3620,l/BuSungLee,Bu-Sung Lee,2012,30/6609,Chiew Tong Lau
3621,l/BuSungLee,Bu-Sung Lee,2012,14/3737,Weisi Lin
3622,l/BuSungLee,Bu-Sung Lee,2012,30/6609,Chiew Tong Lau
3623,l/BuSungLee,Bu-Sung Lee,2012,14/3737,Weisi Lin
3624,l/BuSungLee,Bu-Sung Lee,2012,30/6609,Chiew Tong Lau
3625,l/BuSungLee,Bu-Sung Lee,2012,52/910,Chai Kiat Yeo
3626,l/BuSungLee,Bu-Sung Lee,2012,14/3737,Weisi Lin
3627,l/BuSungLee,Bu-Sung Lee,2012,30/6609,Chiew Tong Lau
3628,l/BuSungLee,Bu-Sung Lee,2012,14/3737,Weisi Lin
3629,l/BuSungLee,Bu-Sung Lee,2012,30/6609,Chiew Tong Lau
3630,l/BuSungLee,Bu-Sung Lee,2012,76/440,Dusit Niyato
3631,l/BuSungLee,Bu-Sung Lee,2012,52/910,Chai Kiat Yeo
3632,l/BuSungLee,Bu-Sung Lee,2012,a/QianhuiAltheaLiang,Qianhui Liang
3633,l/BuSungLee,Bu-Sung Lee,2012,52/910,Chai Kiat Yeo
3634,l/BuSungLee,Bu-Sung Lee,2012,52/910,Chai Kiat Yeo
3635,l/BuSungLee,Bu-Sung Lee,2012,76/440,Dusit Niyato
3636,l/BuSungLee,Bu-Sung Lee,2012,d/AnwitamanDatta,Anwitaman Datta
3637,l/BuSungLee,Bu-Sung Lee,2012,78/5155,Aixin Sun
3638,l/BuSungLee,Bu-Sung Lee,2012,52/910,Chai Kiat Yeo
3639,l/BuSungLee,Bu-Sung Lee,2011,84/6889-2,Jie Zhang 0002
3640,l/BuSungLee,Bu-Sung Lee,2011,14/3737,Weisi Lin
3641,l/BuSungLee,Bu-Sung Lee,2011,30/6609,Chiew Tong Lau
3642,l/BuSungLee,Bu-Sung Lee,2011,a/QianhuiAltheaLiang,Qianhui Liang
3643,l/BuSungLee,Bu-Sung Lee,2011,14/3737,Weisi Lin
3644,l/BuSungLee,Bu-Sung Lee,2011,30/6609,Chiew Tong Lau
3645,l/BuSungLee,Bu-Sung Lee,2011,14/3737,Weisi Lin
3646,l/BuSungLee,Bu-Sung Lee,2011,30/6609,Chiew Tong Lau
3647,l/BuSungLee,Bu-Sung Lee,2011,23/2460,Xueyan Tang
3648,l/BuSungLee,Bu-Sung Lee,2011,52/910,Chai Kiat Yeo
3649,l/BuSungLee,Bu-Sung Lee,2011,a/QianhuiAltheaLiang,Qianhui Liang
3650,l/BuSungLee,Bu-Sung Lee,2011,52/910,Chai Kiat Yeo
3651,l/BuSungLee,Bu-Sung Lee,2011,52/910,Chai Kiat Yeo
3652,l/BuSungLee,Bu-Sung Lee,2011,52/910,Chai Kiat Yeo
3653,l/BuSungLee,Bu-Sung Lee,2011,14/3737,Weisi Lin
3654,l/BuSungLee,Bu-Sung Lee,2011,30/6609,Chiew Tong Lau
3655,l/BuSungLee,Bu-Sung Lee,2011,52/910,Chai Kiat Yeo
3656,l/BuSungLee,Bu-Sung Lee,2011,84/6889-2,Jie Zhang 0002
3657,l/BuSungLee,Bu-Sung Lee,2011,14/3737,Weisi Lin
3658,l/BuSungLee,Bu-Sung Lee,2011,30/6609,Chiew Tong Lau
3659,l/BuSungLee,Bu-Sung Lee,2011,a/QianhuiAltheaLiang,Qianhui Liang
3660,l/BuSungLee,Bu-Sung Lee,2011,76/440,Dusit Niyato
3661,l/BuSungLee,Bu-Sung Lee,2011,14/3737,Weisi Lin
3662,l/BuSungLee,Bu-Sung Lee,2011,30/6609,Chiew Tong Lau
3663,l/BuSungLee,Bu-Sung Lee,2011,14/3737,Weisi Lin
3664,l/BuSungLee,Bu-Sung Lee,2011,30/6609,Chiew Tong Lau
3665,l/BuSungLee,Bu-Sung Lee,2011,a/QianhuiAltheaLiang,Qianhui Liang
3666,l/BuSungLee,Bu-Sung Lee,2011,52/910,Chai Kiat Yeo
3667,l/BuSungLee,Bu-Sung Lee,2011,52/910,Chai Kiat Yeo
3668,l/BuSungLee,Bu-Sung Lee,2011,52/910,Chai Kiat Yeo
3669,l/BuSungLee,Bu-Sung Lee,2011,52/910,Chai Kiat Yeo
3670,l/BuSungLee,Bu-Sung Lee,2011,52/910,Chai Kiat Yeo
3671,l/BuSungLee,Bu-Sung Lee,2010,52/910,Chai Kiat Yeo
3672,l/BuSungLee,Bu-Sung Lee,2010,52/910,Chai Kiat Yeo
3673,l/BuSungLee,Bu-Sung Lee,2010,23/2460,Xueyan Tang
3674,l/BuSungLee,Bu-Sung Lee,2010,52/910,Chai Kiat Yeo
3675,l/BuSungLee,Bu-Sung Lee,2010,52/910,Chai Kiat Yeo
3676,l/BuSungLee,Bu-Sung Lee,2010,52/910,Chai Kiat Yeo
3677,l/BuSungLee,Bu-Sung Lee,2010,52/910,Chai Kiat Yeo
3678,l/BuSungLee,Bu-Sung Lee,2010,52/910,Chai Kiat Yeo
3679,l/BuSungLee,Bu-Sung Lee,2010,52/910,Chai Kiat Yeo
3680,l/BuSungLee,Bu-Sung Lee,2010,52/910,Chai Kiat Yeo
3681,l/BuSungLee,Bu-Sung Lee,2010,14/3737,Weisi Lin
3682,l/BuSungLee,Bu-Sung Lee,2010,30/6609,Chiew Tong Lau
3683,l/BuSungLee,Bu-Sung Lee,2010,84/6889-2,Jie Zhang 0002
3684,l/BuSungLee,Bu-Sung Lee,2010,14/3737,Weisi Lin
3685,l/BuSungLee,Bu-Sung Lee,2010,30/6609,Chiew Tong Lau
3686,l/BuSungLee,Bu-Sung Lee,2010,14/3737,Weisi Lin
3687,l/BuSungLee,Bu-Sung Lee,2010,30/6609,Chiew Tong Lau
3688,l/BuSungLee,Bu-Sung Lee,2010,14/3737,Weisi Lin
3689,l/BuSungLee,Bu-Sung Lee,2010,30/6609,Chiew Tong Lau
3690,l/BuSungLee,Bu-Sung Lee,2010,14/3737,Weisi Lin
3691,l/BuSungLee,Bu-Sung Lee,2010,30/6609,Chiew Tong Lau
3692,l/BuSungLee,Bu-Sung Lee,2010,14/3737,Weisi Lin
3693,l/BuSungLee,Bu-Sung Lee,2010,30/6609,Chiew Tong Lau
3694,l/BuSungLee,Bu-Sung Lee,2010,76/440,Dusit Niyato
3695,l/BuSungLee,Bu-Sung Lee,2010,52/910,Chai Kiat Yeo
3696,l/BuSungLee,Bu-Sung Lee,2010,52/910,Chai Kiat Yeo
3697,l/BuSungLee,Bu-Sung Lee,2009,83/3179,Wentong Cai 0001
3698,l/BuSungLee,Bu-Sung Lee,2009,m/ChunyanMiao,Chunyan Miao
3699,l/BuSungLee,Bu-Sung Lee,2009,03/1554-1,Zhiqi Shen 0001
3700,l/BuSungLee,Bu-Sung Lee,2009,52/910,Chai Kiat Yeo
3701,l/BuSungLee,Bu-Sung Lee,2009,52/910,Chai Kiat Yeo
3702,l/BuSungLee,Bu-Sung Lee,2009,76/440,Dusit Niyato
3703,l/BuSungLee,Bu-Sung Lee,2009,76/440,Dusit Niyato
3704,l/BuSungLee,Bu-Sung Lee,2009,76/440,Dusit Niyato
3705,l/BuSungLee,Bu-Sung Lee,2009,52/910,Chai Kiat Yeo
3706,l/BuSungLee,Bu-Sung Lee,2009,52/910,Chai Kiat Yeo
3707,l/BuSungLee,Bu-Sung Lee,2009,52/910,Chai Kiat Yeo
3708,l/BuSungLee,Bu-Sung Lee,2009,52/910,Chai Kiat Yeo
3709,l/BuSungLee,Bu-Sung Lee,2008,m/ChunyanMiao,Chunyan Miao
3710,l/BuSungLee,Bu-Sung Lee,2008,52/910,Chai Kiat Yeo
3711,l/BuSungLee,Bu-Sung Lee,2008,52/910,Chai Kiat Yeo
3712,l/BuSungLee,Bu-Sung Lee,2008,23/2460,Xueyan Tang
3713,l/BuSungLee,Bu-Sung Lee,2008,52/910,Chai Kiat Yeo
3714,l/BuSungLee,Bu-Sung Lee,2008,52/910,Chai Kiat Yeo
3715,l/BuSungLee,Bu-Sung Lee,2008,52/910,Chai Kiat Yeo
3716,l/BuSungLee,Bu-Sung Lee,2008,52/910,Chai Kiat Yeo
3717,l/BuSungLee,Bu-Sung Lee,2008,52/910,Chai Kiat Yeo
3718,l/BuSungLee,Bu-Sung Lee,2008,52/910,Chai Kiat Yeo
3719,l/BuSungLee,Bu-Sung Lee,2008,52/910,Chai Kiat Yeo
3720,l/BuSungLee,Bu-Sung Lee,2007,64/4136,Yew-Soon Ong
3721,l/BuSungLee,Bu-Sung Lee,2007,52/910,Chai Kiat Yeo
3722,l/BuSungLee,Bu-Sung Lee,2007,64/4136,Yew-Soon Ong
3723,l/BuSungLee,Bu-Sung Lee,2007,52/910,Chai Kiat Yeo
3724,l/BuSungLee,Bu-Sung Lee,2007,83/3179,Wentong Cai 0001
3725,l/BuSungLee,Bu-Sung Lee,2007,64/4136,Yew-Soon Ong
3726,l/BuSungLee,Bu-Sung Lee,2007,64/4136,Yew-Soon Ong
3727,l/BuSungLee,Bu-Sung Lee,2007,30/6609,Chiew Tong Lau
3728,l/BuSungLee,Bu-Sung Lee,2007,52/910,Chai Kiat Yeo
3729,l/BuSungLee,Bu-Sung Lee,2007,52/910,Chai Kiat Yeo
3730,l/BuSungLee,Bu-Sung Lee,2007,52/910,Chai Kiat Yeo
3731,l/BuSungLee,Bu-Sung Lee,2007,52/910,Chai Kiat Yeo
3732,l/BuSungLee,Bu-Sung Lee,2007,52/910,Chai Kiat Yeo
3733,l/BuSungLee,Bu-Sung Lee,2007,52/910,Chai Kiat Yeo
3734,l/BuSungLee,Bu-Sung Lee,2006,23/2460,Xueyan Tang
3735,l/BuSungLee,Bu-Sung Lee,2006,52/910,Chai Kiat Yeo
3736,l/BuSungLee,Bu-Sung Lee,2006,64/4136,Yew-Soon Ong
3737,l/BuSungLee,Bu-Sung Lee,2006,52/910,Chai Kiat Yeo
3738,l/BuSungLee,Bu-Sung Lee,2006,83/3179,Wentong Cai 0001
3739,l/BuSungLee,Bu-Sung Lee,2006,52/910,Chai Kiat Yeo
3740,l/BuSungLee,Bu-Sung Lee,2006,m/ChunyanMiao,Chunyan Miao
3741,l/BuSungLee,Bu-Sung Lee,2006,64/4136,Yew-Soon Ong
3742,l/BuSungLee,Bu-Sung Lee,2006,83/3179,Wentong Cai 0001
3743,l/BuSungLee,Bu-Sung Lee,2006,05/2952,Liang-Tien Chia
3744,l/BuSungLee,Bu-Sung Lee,2006,05/2952,Liang-Tien Chia
3745,l/BuSungLee,Bu-Sung Lee,2006,95/3115,Deepu Rajan
3746,l/BuSungLee,Bu-Sung Lee,2006,83/6096,Jianfei Cai 0001
3747,l/BuSungLee,Bu-Sung Lee,2006,05/2952,Liang-Tien Chia
3748,l/BuSungLee,Bu-Sung Lee,2006,95/3115,Deepu Rajan
3749,l/BuSungLee,Bu-Sung Lee,2006,05/2952,Liang-Tien Chia
3750,l/BuSungLee,Bu-Sung Lee,2006,30/6609,Chiew Tong Lau
3751,l/BuSungLee,Bu-Sung Lee,2005,52/910,Chai Kiat Yeo
3752,l/BuSungLee,Bu-Sung Lee,2005,52/910,Chai Kiat Yeo
3753,l/BuSungLee,Bu-Sung Lee,2005,23/2460,Xueyan Tang
3754,l/BuSungLee,Bu-Sung Lee,2005,05/2952,Liang-Tien Chia
3755,l/BuSungLee,Bu-Sung Lee,2005,05/2952,Liang-Tien Chia
3756,l/BuSungLee,Bu-Sung Lee,2005,83/3179,Wentong Cai 0001
3757,l/BuSungLee,Bu-Sung Lee,2005,83/3179,Wentong Cai 0001
3758,l/BuSungLee,Bu-Sung Lee,2005,83/3179,Wentong Cai 0001
3759,l/BuSungLee,Bu-Sung Lee,2005,64/4136,Yew-Soon Ong
3760,l/BuSungLee,Bu-Sung Lee,2005,23/2460,Xueyan Tang
3761,l/BuSungLee,Bu-Sung Lee,2005,52/910,Chai Kiat Yeo
3762,l/BuSungLee,Bu-Sung Lee,2005,64/4136,Yew-Soon Ong
3763,l/BuSungLee,Bu-Sung Lee,2005,52/910,Chai Kiat Yeo
3764,l/BuSungLee,Bu-Sung Lee,2005,05/2952,Liang-Tien Chia
3765,l/BuSungLee,Bu-Sung Lee,2005,64/4136,Yew-Soon Ong
3766,l/BuSungLee,Bu-Sung Lee,2005,52/910,Chai Kiat Yeo
3767,l/BuSungLee,Bu-Sung Lee,2005,30/6609,Chiew Tong Lau
3768,l/BuSungLee,Bu-Sung Lee,2005,05/2952,Liang-Tien Chia
3769,l/BuSungLee,Bu-Sung Lee,2004,52/910,Chai Kiat Yeo
3770,l/BuSungLee,Bu-Sung Lee,2004,83/3179,Wentong Cai 0001
3771,l/BuSungLee,Bu-Sung Lee,2004,05/2952,Liang-Tien Chia
3772,l/BuSungLee,Bu-Sung Lee,2004,83/3179,Wentong Cai 0001
3773,l/BuSungLee,Bu-Sung Lee,2004,52/910,Chai Kiat Yeo
3774,l/BuSungLee,Bu-Sung Lee,2004,83/3179,Wentong Cai 0001
3775,l/BuSungLee,Bu-Sung Lee,2004,64/4136,Yew-Soon Ong
3776,l/BuSungLee,Bu-Sung Lee,2004,05/2952,Liang-Tien Chia
3777,l/BuSungLee,Bu-Sung Lee,2004,61/3119,Shell-Ying Huang
3778,l/BuSungLee,Bu-Sung Lee,2004,30/6609,Chiew Tong Lau
3779,l/BuSungLee,Bu-Sung Lee,2004,52/910,Chai Kiat Yeo
3780,l/BuSungLee,Bu-Sung Lee,2004,05/2952,Liang-Tien Chia
3781,l/BuSungLee,Bu-Sung Lee,2004,83/3179,Wentong Cai 0001
3782,l/BuSungLee,Bu-Sung Lee,2004,64/4136,Yew-Soon Ong
3783,l/BuSungLee,Bu-Sung Lee,2004,83/3179,Wentong Cai 0001
3784,l/BuSungLee,Bu-Sung Lee,2003,83/3179,Wentong Cai 0001
3785,l/BuSungLee,Bu-Sung Lee,2003,30/6609,Chiew Tong Lau
3786,l/BuSungLee,Bu-Sung Lee,2003,52/910,Chai Kiat Yeo
3787,l/BuSungLee,Bu-Sung Lee,2003,52/910,Chai Kiat Yeo
3788,l/BuSungLee,Bu-Sung Lee,2003,52/910,Chai Kiat Yeo
3789,l/BuSungLee,Bu-Sung Lee,2003,83/3179,Wentong Cai 0001
3790,l/BuSungLee,Bu-Sung Lee,2003,83/3179,Wentong Cai 0001
3791,l/BuSungLee,Bu-Sung Lee,2003,52/910,Chai Kiat Yeo
3792,l/BuSungLee,Bu-Sung Lee,2003,05/2952,Liang-Tien Chia
3793,l/BuSungLee,Bu-Sung Lee,2003,83/3179,Wentong Cai 0001
3794,l/BuSungLee,Bu-Sung Lee,2003,83/3179,Wentong Cai 0001
3795,l/BuSungLee,Bu-Sung Lee,2003,83/3179,Wentong Cai 0001
3796,l/BuSungLee,Bu-Sung Lee,2002,52/910,Chai Kiat Yeo
3797,l/BuSungLee,Bu-Sung Lee,2002,83/3179,Wentong Cai 0001
3798,l/BuSungLee,Bu-Sung Lee,2002,52/910,Chai Kiat Yeo
3799,l/BuSungLee,Bu-Sung Lee,2002,52/910,Chai Kiat Yeo
3800,l/BuSungLee,Bu-Sung Lee,2002,83/3179,Wentong Cai 0001
3801,l/BuSungLee,Bu-Sung Lee,2002,52/910,Chai Kiat Yeo
3802,l/BuSungLee,Bu-Sung Lee,2002,83/3179,Wentong Cai 0001
3803,l/BuSungLee,Bu-Sung Lee,2001,52/910,Chai Kiat Yeo
3804,l/BuSungLee,Bu-Sung Lee,2001,65/3225,Siu Cheung Hui
3805,l/BuSungLee,Bu-Sung Lee,2001,05/2952,Liang-Tien Chia
3806,l/BuSungLee,Bu-Sung Lee,2001,52/910,Chai Kiat Yeo
3807,l/BuSungLee,Bu-Sung Lee,2001,83/3179,Wentong Cai 0001
3808,l/BuSungLee,Bu-Sung Lee,2001,83/3179,Wentong Cai 0001
3809,l/BuSungLee,Bu-Sung Lee,2001,30/6609,Chiew Tong Lau
3810,l/BuSungLee,Bu-Sung Lee,2001,83/3179,Wentong Cai 0001
3811,l/BuSungLee,Bu-Sung Lee,2000,52/910,Chai Kiat Yeo
3812,l/BuSungLee,Bu-Sung Lee,2000,30/6609,Chiew Tong Lau
3813,l/BuSungLee,Bu-Sung Lee,2000,69/8028,Nicholas C. H. Vun
3814,l/BuSungLee,Bu-Sung Lee,2000,52/910,Chai Kiat Yeo
3815,l/BuSungLee,Bu-Sung Lee,2000,52/910,Chai Kiat Yeo
3816,l/BuSungLee,Bu-Sung Lee,2000,83/3179,Wentong Cai 0001
3817,l/BuSungLee,Bu-Sung Lee,1999,83/3179,Wentong Cai 0001
3818,l/BuSungLee,Bu-Sung Lee,1999,83/3179,Wentong Cai 0001
3819,l/BuSungLee,Bu-Sung Lee,1999,52/910,Chai Kiat Yeo
3820,l/BuSungLee,Bu-Sung Lee,1999,83/3179,Wentong Cai 0001
3821,l/BuSungLee,Bu-Sung Lee,1999,83/3179,Wentong Cai 0001
3822,l/BuSungLee,Bu-Sung Lee,1998,83/3179,Wentong Cai 0001
3823,l/BuSungLee,Bu-Sung Lee,1998,80/2106,Syin Chan
3824,l/BuSungLee,Bu-Sung Lee,1997,83/3179,Wentong Cai 0001
3825,l/BuSungLee,Bu-Sung Lee,1997,05/2952,Liang-Tien Chia
3826,l/BuSungLee,Bu-Sung Lee,1997,52/910,Chai Kiat Yeo
3827,l/BuSungLee,Bu-Sung Lee,1996,83/3179,Wentong Cai 0001
3828,l/BuSungLee,Bu-Sung Lee,1996,83/3179,Wentong Cai 0001
3829,59/871-8,Yi Li 0008,2025,51/3710-3,Yang Liu 0003
3830,59/871-8,Yi Li 0008,2024,51/3710-3,Yang Liu 0003
3831,59/871-8,Yi Li 0008,2023,51/3710-3,Yang Liu 0003
3832,59/871-8,Yi Li 0008,2022,55/4730-1,Shangwei Lin 0001
3833,59/871-8,Yi Li 0008,2022,51/3710-3,Yang Liu 0003
3834,59/871-8,Yi Li 0008,2022,55/4730-1,Shangwei Lin 0001
3835,59/871-8,Yi Li 0008,2022,51/3710-3,Yang Liu 0003
3836,59/871-8,Yi Li 0008,2022,51/3710-3,Yang Liu 0003
3837,59/871-8,Yi Li 0008,2022,55/4730-1,Shang-Wei Lin 0001
3838,59/871-8,Yi Li 0008,2022,51/3710-3,Yang Liu 0003
3839,59/871-8,Yi Li 0008,2022,55/4730-1,Shang-Wei Lin 0001
3840,59/871-8,Yi Li 0008,2022,51/3710-3,Yang Liu 0003
3841,59/871-8,Yi Li 0008,2022,55/4730-1,Shang-Wei Lin 0001
3842,59/871-8,Yi Li 0008,2022,51/3710-3,Yang Liu 0003
3843,59/871-8,Yi Li 0008,2022,51/3710-3,Yang Liu 0003
3844,59/871-8,Yi Li 0008,2022,51/3710-3,Yang Liu 0003
3845,59/871-8,Yi Li 0008,2021,55/4730-1,Shang-Wei Lin 0001
3846,59/871-8,Yi Li 0008,2021,51/3710-3,Yang Liu 0003
3847,59/871-8,Yi Li 0008,2021,55/4730-1,Shang-Wei Lin 0001
3848,59/871-8,Yi Li 0008,2021,51/3710-3,Yang Liu 0003
3849,59/871-8,Yi Li 0008,2021,51/3710-3,Yang Liu 0003
3850,59/871-8,Yi Li 0008,2020,51/3710-3,Yang Liu 0003
3851,59/871-8,Yi Li 0008,2020,51/3710-3,Yang Liu 0003
3852,59/871-8,Yi Li 0008,2020,51/3710-3,Yang Liu 0003
3853,59/871-8,Yi Li 0008,2020,55/4730-1,Shang-Wei Lin 0001
3854,59/871-8,Yi Li 0008,2020,55/4730-1,Shang-Wei Lin 0001
3855,59/871-8,Yi Li 0008,2020,55/4730-1,Shang-Wei Lin 0001
3856,59/871-8,Yi Li 0008,2020,51/3710-3,Yang Liu 0003
3857,59/871-8,Yi Li 0008,2019,55/4730-1,Shang-Wei Lin 0001
3858,59/871-8,Yi Li 0008,2019,51/3710-3,Yang Liu 0003
3859,59/871-8,Yi Li 0008,2019,51/3710-3,Yang Liu 0003
3860,59/871-8,Yi Li 0008,2019,51/3710-3,Yang Liu 0003
3861,59/871-8,Yi Li 0008,2019,51/3710-3,Yang Liu 0003
3862,59/871-8,Yi Li 0008,2019,55/4730-1,Shang-Wei Lin 0001
3863,59/871-8,Yi Li 0008,2019,51/3710-3,Yang Liu 0003
3864,59/871-8,Yi Li 0008,2019,51/3710-3,Yang Liu 0003
3865,59/871-8,Yi Li 0008,2018,51/3710-3,Yang Liu 0003
3866,59/871-8,Yi Li 0008,2014,51/3710-3,Yang Liu 0003
3867,59/871-8,Yi Li 0008,2012,51/3710-3,Yang Liu 0003
3868,59/871-8,Yi Li 0008,2012,51/3710-3,Yang Liu 0003
3869,84/6889-2,Jie Zhang 0002,2025,64/4136,Yew-Soon Ong
3870,84/6889-2,Jie Zhang 0002,2024,55/9613,Mahardhika Pratama
3871,84/6889-2,Jie Zhang 0002,2024,80/5412,Sinno Jialin Pan
3872,84/6889-2,Jie Zhang 0002,2024,64/4136,Yew-Soon Ong
3873,84/6889-2,Jie Zhang 0002,2024,58/10813-1,Cheng Long 0001
3874,84/6889-2,Jie Zhang 0002,2024,46/3391,Dacheng Tao
3875,84/6889-2,Jie Zhang 0002,2024,64/4136,Yew-Soon Ong
3876,84/6889-2,Jie Zhang 0002,2024,78/5155,Aixin Sun
3877,84/6889-2,Jie Zhang 0002,2024,51/3710-3,Yang Liu 0003
3878,84/6889-2,Jie Zhang 0002,2024,58/10813-1,Cheng Long 0001
3879,84/6889-2,Jie Zhang 0002,2024,55/9613,Mahardhika Pratama
3880,84/6889-2,Jie Zhang 0002,2024,64/4136,Yew Soon Ong
3881,84/6889-2,Jie Zhang 0002,2024,03/1554-1,Zhiqi Shen 0001
3882,84/6889-2,Jie Zhang 0002,2024,64/4136,Yew-Soon Ong
3883,84/6889-2,Jie Zhang 0002,2024,55/9613,Mahardhika Pratama
3884,84/6889-2,Jie Zhang 0002,2024,62/7948,Wenya Wang
3885,84/6889-2,Jie Zhang 0002,2024,55/9613,Mahardhika Pratama
3886,84/6889-2,Jie Zhang 0002,2024,80/5412,Sinno Jialin Pan
3887,84/6889-2,Jie Zhang 0002,2024,78/5155,Aixin Sun
3888,84/6889-2,Jie Zhang 0002,2024,46/3391,Dacheng Tao
3889,84/6889-2,Jie Zhang 0002,2024,03/1554-1,Zhiqi Shen 0001
3890,84/6889-2,Jie Zhang 0002,2024,46/3391,Dacheng Tao
3891,84/6889-2,Jie Zhang 0002,2024,03/1554-1,Zhiqi Shen 0001
3892,84/6889-2,Jie Zhang 0002,2024,51/3710-3,Yang Liu 0003
3893,84/6889-2,Jie Zhang 0002,2024,64/4136,Yew Soon Ong
3894,84/6889-2,Jie Zhang 0002,2023,64/4136,Yew-Soon Ong
3895,84/6889-2,Jie Zhang 0002,2023,58/10813-1,Cheng Long 0001
3896,84/6889-2,Jie Zhang 0002,2023,78/5155,Aixin Sun
3897,84/6889-2,Jie Zhang 0002,2023,78/5155,Aixin Sun
3898,84/6889-2,Jie Zhang 0002,2023,m/ChunyanMiao,Chunyan Miao
3899,84/6889-2,Jie Zhang 0002,2023,58/10813-1,Cheng Long 0001
3900,84/6889-2,Jie Zhang 0002,2023,64/4136,Yew Soon Ong
3901,84/6889-2,Jie Zhang 0002,2023,78/5155,Aixin Sun
3902,84/6889-2,Jie Zhang 0002,2023,78/5155,Aixin Sun
3903,84/6889-2,Jie Zhang 0002,2022,55/9613,Mahardhika Pratama
3904,84/6889-2,Jie Zhang 0002,2022,58/10813-1,Cheng Long 0001
3905,84/6889-2,Jie Zhang 0002,2022,76/440,Dusit Niyato
3906,84/6889-2,Jie Zhang 0002,2022,m/ChunyanMiao,Chunyan Miao
3907,84/6889-2,Jie Zhang 0002,2022,78/5155,Aixin Sun
3908,84/6889-2,Jie Zhang 0002,2022,64/4136,Yew Soon Ong
3909,84/6889-2,Jie Zhang 0002,2022,55/9613,Mahardhika Pratama
3910,84/6889-2,Jie Zhang 0002,2022,58/10813-1,Cheng Long 0001
3911,84/6889-2,Jie Zhang 0002,2022,78/5155,Aixin Sun
3912,84/6889-2,Jie Zhang 0002,2022,64/4136,Yew-Soon Ong
3913,84/6889-2,Jie Zhang 0002,2022,64/4136,Yew-Soon Ong
3914,84/6889-2,Jie Zhang 0002,2022,55/9613,Mahardhika Pratama
3915,84/6889-2,Jie Zhang 0002,2022,58/10813-1,Cheng Long 0001
3916,84/6889-2,Jie Zhang 0002,2021,76/440,Dusit Niyato
3917,84/6889-2,Jie Zhang 0002,2021,58/10813-1,Cheng Long 0001
3918,84/6889-2,Jie Zhang 0002,2021,80/5412,Sinno Jialin Pan
3919,84/6889-2,Jie Zhang 0002,2021,58/10813-1,Cheng Long 0001
3920,84/6889-2,Jie Zhang 0002,2021,78/5155,Aixin Sun
3921,84/6889-2,Jie Zhang 0002,2021,m/ChunyanMiao,Chunyan Miao
3922,84/6889-2,Jie Zhang 0002,2021,55/9613,Mahardhika Pratama
3923,84/6889-2,Jie Zhang 0002,2021,80/5412,Sinno Jialin Pan
3924,84/6889-2,Jie Zhang 0002,2020,58/10813-1,Cheng Long 0001
3925,84/6889-2,Jie Zhang 0002,2020,51/3710-3,Yang Liu 0003
3926,84/6889-2,Jie Zhang 0002,2020,55/9613,Mahardhika Pratama
3927,84/6889-2,Jie Zhang 0002,2020,64/4136,Yew-Soon Ong
3928,84/6889-2,Jie Zhang 0002,2020,58/10813-1,Cheng Long 0001
3929,84/6889-2,Jie Zhang 0002,2020,78/5155,Aixin Sun
3930,84/6889-2,Jie Zhang 0002,2020,78/5155,Aixin Sun
3931,84/6889-2,Jie Zhang 0002,2020,78/5155,Aixin Sun
3932,84/6889-2,Jie Zhang 0002,2019,51/3710-3,Yang Liu 0003
3933,84/6889-2,Jie Zhang 0002,2019,55/9613,Mahardhika Pratama
3934,84/6889-2,Jie Zhang 0002,2017,42/6178-1,Bo An 0001
3935,84/6889-2,Jie Zhang 0002,2017,76/440,Dusit Niyato
3936,84/6889-2,Jie Zhang 0002,2017,51/3710-3,Yang Liu 0003
3937,84/6889-2,Jie Zhang 0002,2016,42/6178-1,Bo An 0001
3938,84/6889-2,Jie Zhang 0002,2016,51/3710-3,Yang Liu 0003
3939,84/6889-2,Jie Zhang 0002,2016,51/3710-3,Yang Liu 0003
3940,84/6889-2,Jie Zhang 0002,2016,76/440,Dusit Niyato
3941,84/6889-2,Jie Zhang 0002,2016,76/440,Dusit Niyato
3942,84/6889-2,Jie Zhang 0002,2016,51/3710-3,Yang Liu 0003
3943,84/6889-2,Jie Zhang 0002,2016,51/3710-3,Yang Liu 0003
3944,84/6889-2,Jie Zhang 0002,2016,51/3710-3,Yang Liu 0003
3945,84/6889-2,Jie Zhang 0002,2016,51/3710-3,Yang Liu 0003
3946,84/6889-2,Jie Zhang 0002,2016,51/3710-3,Yang Liu 0003
3947,84/6889-2,Jie Zhang 0002,2016,51/3710-3,Yang Liu 0003
3948,84/6889-2,Jie Zhang 0002,2016,51/3710-3,Yang Liu 0003
3949,84/6889-2,Jie Zhang 0002,2015,51/3710-3,Yang Liu 0003
3950,84/6889-2,Jie Zhang 0002,2015,64/4136,Yew-Soon Ong
3951,84/6889-2,Jie Zhang 0002,2015,00/4516-3,Siyuan Liu 0003
3952,84/6889-2,Jie Zhang 0002,2015,m/ChunyanMiao,Chunyan Miao
3953,84/6889-2,Jie Zhang 0002,2015,35/1096-1,Han Yu 0001
3954,84/6889-2,Jie Zhang 0002,2015,51/3710-3,Yang Liu 0003
3955,84/6889-2,Jie Zhang 0002,2015,51/3710-3,Yang Liu 0003
3956,84/6889-2,Jie Zhang 0002,2015,51/3710-3,Yang Liu 0003
3957,84/6889-2,Jie Zhang 0002,2015,51/3710-3,Yang Liu 0003
3958,84/6889-2,Jie Zhang 0002,2015,00/4516-3,Siyuan Liu 0003
3959,84/6889-2,Jie Zhang 0002,2015,m/ChunyanMiao,Chunyan Miao
3960,84/6889-2,Jie Zhang 0002,2015,35/1096-1,Han Yu 0001
3961,84/6889-2,Jie Zhang 0002,2015,51/3710-3,Yang Liu 0003
3962,84/6889-2,Jie Zhang 0002,2014,00/4516-3,Siyuan Liu 0003
3963,84/6889-2,Jie Zhang 0002,2014,m/ChunyanMiao,Chunyan Miao
3964,84/6889-2,Jie Zhang 0002,2014,64/4136,Yew-Soon Ong
3965,84/6889-2,Jie Zhang 0002,2014,64/4136,Yew-Soon Ong
3966,84/6889-2,Jie Zhang 0002,2014,00/4516-3,Siyuan Liu 0003
3967,84/6889-2,Jie Zhang 0002,2014,35/1096-1,Han Yu 0001
3968,84/6889-2,Jie Zhang 0002,2014,m/ChunyanMiao,Chunyan Miao
3969,84/6889-2,Jie Zhang 0002,2014,35/1096-1,Han Yu 0001
3970,84/6889-2,Jie Zhang 0002,2014,m/ChunyanMiao,Chunyan Miao
3971,84/6889-2,Jie Zhang 0002,2014,42/6178-1,Bo An 0001
3972,84/6889-2,Jie Zhang 0002,2014,64/4136,Yew-Soon Ong
3973,84/6889-2,Jie Zhang 0002,2014,51/3710-3,Yang Liu 0003
3974,84/6889-2,Jie Zhang 0002,2014,51/3710-3,Yang Liu 0003
3975,84/6889-2,Jie Zhang 0002,2014,76/440,Dusit Niyato
3976,84/6889-2,Jie Zhang 0002,2014,76/440,Dusit Niyato
3977,84/6889-2,Jie Zhang 0002,2014,51/3710-3,Yang Liu 0003
3978,84/6889-2,Jie Zhang 0002,2013,64/4136,Yew-Soon Ong
3979,84/6889-2,Jie Zhang 0002,2012,64/4136,Yew-Soon Ong
3980,84/6889-2,Jie Zhang 0002,2012,n/WeeKeongNg,Wee Keong Ng
3981,84/6889-2,Jie Zhang 0002,2012,d/AnwitamanDatta,Anwitaman Datta
3982,84/6889-2,Jie Zhang 0002,2011,l/BuSungLee,Bu-Sung Lee
3983,84/6889-2,Jie Zhang 0002,2011,00/4516-3,Siyuan Liu 0003
3984,84/6889-2,Jie Zhang 0002,2011,m/ChunyanMiao,Chunyan Miao
3985,84/6889-2,Jie Zhang 0002,2011,64/4136,Yew-Soon Ong
3986,84/6889-2,Jie Zhang 0002,2011,l/BuSungLee,Bu-Sung Lee
3987,84/6889-2,Jie Zhang 0002,2011,64/4136,Yew-Soon Ong
3988,84/6889-2,Jie Zhang 0002,2011,n/WeeKeongNg,Wee Keong Ng
3989,84/6889-2,Jie Zhang 0002,2011,n/WeeKeongNg,Wee Keong Ng
3990,84/6889-2,Jie Zhang 0002,2010,l/BuSungLee,Bu-Sung Lee
3991,80/2106,Syin Chan,2020,30/6609,Chiew Tong Lau
3992,80/2106,Syin Chan,2017,30/6609,Chiew Tong Lau
3993,80/2106,Syin Chan,2016,30/6609,Chiew Tong Lau
3994,80/2106,Syin Chan,2015,30/6609,Chiew Tong Lau
3995,80/2106,Syin Chan,2015,30/6609,Chiew Tong Lau
3996,80/2106,Syin Chan,2014,30/6609,Chiew Tong Lau
3997,80/2106,Syin Chan,2013,30/6609,Chiew Tong Lau
3998,80/2106,Syin Chan,2013,30/6609,Chiew Tong Lau
3999,80/2106,Syin Chan,2013,30/6609,Chiew Tong Lau
4000,80/2106,Syin Chan,2013,30/6609,Chiew Tong Lau
4001,80/2106,Syin Chan,2013,30/6609,Chiew Tong Lau
4002,80/2106,Syin Chan,2012,30/6609,Chiew Tong Lau
4003,80/2106,Syin Chan,2012,30/6609,Chiew Tong Lau
4004,80/2106,Syin Chan,2011,30/6609,Chiew Tong Lau
4005,80/2106,Syin Chan,2011,30/6609,Chiew Tong Lau
4006,80/2106,Syin Chan,2008,05/2952,Liang-Tien Chia
4007,80/2106,Syin Chan,2007,05/2952,Liang-Tien Chia
4008,80/2106,Syin Chan,2007,05/2952,Liang-Tien Chia
4009,80/2106,Syin Chan,2007,05/2952,Liang-Tien Chia
4010,80/2106,Syin Chan,2005,05/2952,Liang-Tien Chia
4011,80/2106,Syin Chan,2004,05/2952,Liang-Tien Chia
4012,80/2106,Syin Chan,2004,05/2952,Liang-Tien Chia
4013,80/2106,Syin Chan,2004,95/3115,Deepu Rajan
4014,80/2106,Syin Chan,1998,l/BuSungLee,Bu-Sung Lee
4015,126/4778,Guosheng Lin,2025,03/1554-1,Zhiqi Shen 0001
4016,126/4778,Guosheng Lin,2024,83/6096,Jianfei Cai 0001
4017,126/4778,Guosheng Lin,2024,03/1554-1,Zhiqi Shen 0001
4018,126/4778,Guosheng Lin,2024,14/3737,Weisi Lin
4019,126/4778,Guosheng Lin,2024,14/3737,Weisi Lin
4020,126/4778,Guosheng Lin,2024,14/3737,Weisi Lin
4021,126/4778,Guosheng Lin,2024,01/5855,Chen Change Loy
4022,126/4778,Guosheng Lin,2024,58/10813-1,Cheng Long 0001
4023,126/4778,Guosheng Lin,2024,62/7948,Wenya Wang
4024,126/4778,Guosheng Lin,2024,58/10813-1,Cheng Long 0001
4025,126/4778,Guosheng Lin,2024,03/1554-1,Zhiqi Shen 0001
4026,126/4778,Guosheng Lin,2024,69/8028,Nicholas Vun
4027,126/4778,Guosheng Lin,2024,14/3737,Weisi Lin
4028,126/4778,Guosheng Lin,2024,01/5855,Chen Change Loy
4029,126/4778,Guosheng Lin,2024,58/10813-1,Cheng Long 0001
4030,126/4778,Guosheng Lin,2024,58/10813-1,Cheng Long 0001
4031,126/4778,Guosheng Lin,2023,m/ChunyanMiao,Chunyan Miao
4032,126/4778,Guosheng Lin,2023,70/1211-1,Boyang Li 0001
4033,126/4778,Guosheng Lin,2023,58/10813-1,Cheng Long 0001
4034,126/4778,Guosheng Lin,2023,83/6096,Jianfei Cai 0001
4035,126/4778,Guosheng Lin,2023,03/1554-1,Zhiqi Shen 0001
4036,126/4778,Guosheng Lin,2023,m/ChunyanMiao,Chunyan Miao
4037,126/4778,Guosheng Lin,2023,58/10813-1,Cheng Long 0001
4038,126/4778,Guosheng Lin,2022,m/ChunyanMiao,Chunyan Miao
4039,126/4778,Guosheng Lin,2022,m/ChunyanMiao,Chunyan Miao
4040,126/4778,Guosheng Lin,2022,83/6096,Jianfei Cai 0001
4041,126/4778,Guosheng Lin,2022,14/3737,Weisi Lin
4042,126/4778,Guosheng Lin,2022,m/ChunyanMiao,Chunyan Miao
4043,126/4778,Guosheng Lin,2022,14/3737,Weisi Lin
4044,126/4778,Guosheng Lin,2022,83/6096,Jianfei Cai 0001
4045,126/4778,Guosheng Lin,2022,m/ChunyanMiao,Chunyan Miao
4046,126/4778,Guosheng Lin,2022,m/ChunyanMiao,Chunyan Miao
4047,126/4778,Guosheng Lin,2022,m/ChunyanMiao,Chunyan Miao
4048,126/4778,Guosheng Lin,2022,14/3737,Weisi Lin
4049,126/4778,Guosheng Lin,2021,58/10813-1,Cheng Long 0001
4050,126/4778,Guosheng Lin,2021,80/5412,Sinno Jialin Pan
4051,126/4778,Guosheng Lin,2021,14/3737,Weisi Lin
4052,126/4778,Guosheng Lin,2021,83/6096,Jianfei Cai 0001
4053,126/4778,Guosheng Lin,2021,m/ChunyanMiao,Chunyan Miao
4054,126/4778,Guosheng Lin,2021,14/3737,Weisi Lin
4055,126/4778,Guosheng Lin,2021,83/6096,Jianfei Cai 0001
4056,126/4778,Guosheng Lin,2021,62/2078,Shafiq R. Joty
4057,126/4778,Guosheng Lin,2021,m/ChunyanMiao,Chunyan Miao
4058,126/4778,Guosheng Lin,2021,83/6096,Jianfei Cai 0001
4059,126/4778,Guosheng Lin,2021,m/ChunyanMiao,Chunyan Miao
4060,126/4778,Guosheng Lin,2021,m/ChunyanMiao,Chunyan Miao
4061,126/4778,Guosheng Lin,2021,70/1211-1,Boyang Li 0001
4062,126/4778,Guosheng Lin,2020,14/3737,Weisi Lin
4063,126/4778,Guosheng Lin,2020,83/6096,Jianfei Cai 0001
4064,126/4778,Guosheng Lin,2020,m/ChunyanMiao,Chunyan Miao
4065,126/4778,Guosheng Lin,2020,83/6096,Jianfei Cai 0001
4066,126/4778,Guosheng Lin,2020,m/ChunyanMiao,Chunyan Miao
4067,126/4778,Guosheng Lin,2020,83/6096,Jianfei Cai 0001
4068,126/4778,Guosheng Lin,2020,m/ChunyanMiao,Chunyan Miao
4069,126/4778,Guosheng Lin,2020,m/ChunyanMiao,Chunyan Miao
4070,126/4778,Guosheng Lin,2019,83/6096,Jianfei Cai 0001
4071,126/4778,Guosheng Lin,2019,83/6096,Jianfei Cai 0001
4072,126/4778,Guosheng Lin,2019,14/3737,Weisi Lin
4073,126/4778,Guosheng Lin,2019,83/6096,Jianfei Cai 0001
4074,126/4778,Guosheng Lin,2019,83/6096,Jianfei Cai 0001
4075,126/4778,Guosheng Lin,2019,83/6096,Jianfei Cai 0001
4076,126/4778,Guosheng Lin,2019,14/3737,Weisi Lin
4077,126/4778,Guosheng Lin,2019,14/3737,Weisi Lin
4078,126/4778,Guosheng Lin,2018,14/3737,Weisi Lin
4079,126/4778,Guosheng Lin,2018,80/5412,Sinno Jialin Pan
4080,126/4778,Guosheng Lin,2018,83/6096,Jianfei Cai 0001
4081,126/4778,Guosheng Lin,2018,14/3737,Weisi Lin
4082,126/4778,Guosheng Lin,2018,83/6096,Jianfei Cai 0001
4083,126/4778,Guosheng Lin,2018,83/6096,Jianfei Cai 0001
4084,10/1993,Kwok-Yan Lam,2025,76/440,Dusit Niyato
4085,10/1993,Kwok-Yan Lam,2025,04/3030,Chee-Wei Tan 0001
4086,10/1993,Kwok-Yan Lam,2025,04/3030,Chee-Wei Tan 0001
4087,10/1993,Kwok-Yan Lam,2025,47/2026-7,Jun Zhao 0007
4088,10/1993,Kwok-Yan Lam,2025,47/2026-7,Jun Zhao 0007
4089,10/1993,Kwok-Yan Lam,2025,o/CHLukeOng,Luke Ong
4090,10/1993,Kwok-Yan Lam,2024,47/2026-7,Jun Zhao 0007
4091,10/1993,Kwok-Yan Lam,2024,242/0323,Kheng Leong Tan
4092,10/1993,Kwok-Yan Lam,2024,47/2026-7,Jun Zhao 0007
4093,10/1993,Kwok-Yan Lam,2024,47/2026-7,Jun Zhao 0007
4094,10/1993,Kwok-Yan Lam,2024,76/440,Dusit Niyato
4095,10/1993,Kwok-Yan Lam,2024,242/0323,Kheng Leong Tan
4096,10/1993,Kwok-Yan Lam,2024,47/2026-7,Jun Zhao 0007
4097,10/1993,Kwok-Yan Lam,2024,04/3030,Chee-Wei Tan 0001
4098,10/1993,Kwok-Yan Lam,2024,42/2718,Shijian Lu
4099,10/1993,Kwok-Yan Lam,2024,47/2026-7,Jun Zhao 0007
4100,10/1993,Kwok-Yan Lam,2024,76/440,Dusit Niyato
4101,10/1993,Kwok-Yan Lam,2024,04/3030,Chee-Wei Tan 0001
4102,10/1993,Kwok-Yan Lam,2024,04/3030,Chee Wei Tan 0001
4103,10/1993,Kwok-Yan Lam,2024,76/440,Dusit Niyato
4104,10/1993,Kwok-Yan Lam,2024,47/2026-7,Jun Zhao 0007
4105,10/1993,Kwok-Yan Lam,2024,76/440,Dusit Niyato
4106,10/1993,Kwok-Yan Lam,2024,76/440,Dusit Niyato
4107,10/1993,Kwok-Yan Lam,2024,76/440,Dusit Niyato
4108,10/1993,Kwok-Yan Lam,2024,47/2026-7,Jun Zhao 0007
4109,10/1993,Kwok-Yan Lam,2024,47/2026-7,Jun Zhao 0007
4110,10/1993,Kwok-Yan Lam,2024,42/2718,Shijian Lu
4111,10/1993,Kwok-Yan Lam,2024,04/3030,Chee-Wei Tan 0001
4112,10/1993,Kwok-Yan Lam,2024,04/3030,Chee-Wei Tan 0001
4113,10/1993,Kwok-Yan Lam,2023,47/2026-7,Jun Zhao 0007
4114,10/1993,Kwok-Yan Lam,2023,76/440,Dusit Niyato
4115,10/1993,Kwok-Yan Lam,2023,47/2026-7,Jun Zhao 0007
4116,10/1993,Kwok-Yan Lam,2023,47/2026-7,Jun Zhao 0007
4117,10/1993,Kwok-Yan Lam,2023,47/2026-7,Jun Zhao 0007
4118,10/1993,Kwok-Yan Lam,2023,47/2026-7,Jun Zhao 0007
4119,10/1993,Kwok-Yan Lam,2023,78/5155,Aixin Sun
4120,10/1993,Kwok-Yan Lam,2023,51/3710-3,Yang Liu 0003
4121,10/1993,Kwok-Yan Lam,2023,51/3710-3,Yang Liu 0003
4122,10/1993,Kwok-Yan Lam,2023,47/2026-7,Jun Zhao 0007
4123,10/1993,Kwok-Yan Lam,2023,76/440,Dusit Niyato
4124,10/1993,Kwok-Yan Lam,2023,47/2026-7,Jun Zhao 0007
4125,10/1993,Kwok-Yan Lam,2023,51/3710-3,Yang Liu 0003
4126,10/1993,Kwok-Yan Lam,2023,99/4535,Anupam Chattopadhyay
4127,10/1993,Kwok-Yan Lam,2023,51/3710-3,Yang Liu 0003
4128,10/1993,Kwok-Yan Lam,2023,51/3710-3,Yang Liu 0003
4129,10/1993,Kwok-Yan Lam,2023,76/440,Dusit Niyato
4130,10/1993,Kwok-Yan Lam,2023,47/2026-7,Jun Zhao 0007
4131,10/1993,Kwok-Yan Lam,2023,47/2026-7,Jun Zhao 0007
4132,10/1993,Kwok-Yan Lam,2023,76/440,Dusit Niyato
4133,10/1993,Kwok-Yan Lam,2023,78/5155,Aixin Sun
4134,10/1993,Kwok-Yan Lam,2023,47/2026-7,Jun Zhao 0007
4135,10/1993,Kwok-Yan Lam,2023,47/2026-7,Jun Zhao 0007
4136,10/1993,Kwok-Yan Lam,2023,47/2026-7,Jun Zhao 0007
4137,10/1993,Kwok-Yan Lam,2023,47/2026-7,Jun Zhao 0007
4138,10/1993,Kwok-Yan Lam,2023,47/2026-7,Jun Zhao 0007
4139,10/1993,Kwok-Yan Lam,2023,47/2026-7,Jun Zhao 0007
4140,10/1993,Kwok-Yan Lam,2022,76/440,Dusit Niyato
4141,10/1993,Kwok-Yan Lam,2022,47/2026-7,Jun Zhao 0007
4142,10/1993,Kwok-Yan Lam,2022,47/2026-7,Jun Zhao 0007
4143,10/1993,Kwok-Yan Lam,2022,47/2026-7,Jun Zhao 0007
4144,10/1993,Kwok-Yan Lam,2022,47/2026-7,Jun Zhao 0007
4145,10/1993,Kwok-Yan Lam,2022,76/440,Dusit Niyato
4146,10/1993,Kwok-Yan Lam,2022,47/2026-7,Jun Zhao 0007
4147,10/1993,Kwok-Yan Lam,2022,47/2026-7,Jun Zhao 0007
4148,10/1993,Kwok-Yan Lam,2022,47/2026-7,Jun Zhao 0007
4149,10/1993,Kwok-Yan Lam,2022,47/2026-7,Jun Zhao 0007
4150,10/1993,Kwok-Yan Lam,2022,47/2026-7,Jun Zhao 0007
4151,10/1993,Kwok-Yan Lam,2022,47/2026-7,Jun Zhao 0007
4152,10/1993,Kwok-Yan Lam,2022,47/2026-7,Jun Zhao 0007
4153,10/1993,Kwok-Yan Lam,2021,47/2026-7,Jun Zhao 0007
4154,10/1993,Kwok-Yan Lam,2021,47/2026-7,Jun Zhao 0007
4155,10/1993,Kwok-Yan Lam,2021,76/440,Dusit Niyato
4156,10/1993,Kwok-Yan Lam,2021,47/2026-7,Jun Zhao 0007
4157,10/1993,Kwok-Yan Lam,2021,76/440,Dusit Niyato
4158,10/1993,Kwok-Yan Lam,2021,47/2026-7,Jun Zhao 0007
4159,10/1993,Kwok-Yan Lam,2021,76/440,Dusit Niyato
4160,10/1993,Kwok-Yan Lam,2021,47/2026-7,Jun Zhao 0007
4161,10/1993,Kwok-Yan Lam,2021,76/440,Dusit Niyato
4162,10/1993,Kwok-Yan Lam,2021,47/2026-7,Jun Zhao 0007
4163,10/1993,Kwok-Yan Lam,2021,47/2026-7,Jun Zhao 0007
4164,10/1993,Kwok-Yan Lam,2021,47/2026-7,Jun Zhao 0007
4165,10/1993,Kwok-Yan Lam,2021,76/440,Dusit Niyato
4166,10/1993,Kwok-Yan Lam,2021,99/4535,Anupam Chattopadhyay
4167,10/1993,Kwok-Yan Lam,2021,47/2026-7,Jun Zhao 0007
4168,10/1993,Kwok-Yan Lam,2021,47/2026-7,Jun Zhao 0007
4169,10/1993,Kwok-Yan Lam,2021,47/2026-7,Jun Zhao 0007
4170,10/1993,Kwok-Yan Lam,2021,47/2026-7,Jun Zhao 0007
4171,10/1993,Kwok-Yan Lam,2021,n/WeeKeongNg,Wee Keong Ng
4172,10/1993,Kwok-Yan Lam,2021,47/2026-7,Jun Zhao 0007
4173,10/1993,Kwok-Yan Lam,2020,16/3792,Adams Wai-Kin Kong
4174,10/1993,Kwok-Yan Lam,2020,47/2026-7,Jun Zhao 0007
4175,10/1993,Kwok-Yan Lam,2020,76/440,Dusit Niyato
4176,10/1993,Kwok-Yan Lam,2020,47/2026-7,Jun Zhao 0007
4177,10/1993,Kwok-Yan Lam,2020,47/2026-7,Jun Zhao 0007
4178,10/1993,Kwok-Yan Lam,2020,76/440,Dusit Niyato
4179,10/1993,Kwok-Yan Lam,2020,47/2026-7,Jun Zhao 0007
4180,10/1993,Kwok-Yan Lam,2020,76/440,Dusit Niyato
4181,10/1993,Kwok-Yan Lam,2020,47/2026-7,Jun Zhao 0007
4182,10/1993,Kwok-Yan Lam,2020,47/2026-7,Jun Zhao 0007
4183,10/1993,Kwok-Yan Lam,2020,47/2026-7,Jun Zhao 0007
4184,10/1993,Kwok-Yan Lam,2020,47/2026-7,Jun Zhao 0007
4185,10/1993,Kwok-Yan Lam,2020,47/2026-7,Jun Zhao 0007
4186,10/1993,Kwok-Yan Lam,2019,16/3792,Adams Wai-Kin Kong
4187,10/1993,Kwok-Yan Lam,2019,47/2026-7,Jun Zhao 0007
4188,10/1993,Kwok-Yan Lam,2019,16/3792,Adams Wai-Kin Kong
4189,10/1993,Kwok-Yan Lam,2019,47/2026-7,Jun Zhao 0007
4190,10/1993,Kwok-Yan Lam,2019,47/2026-7,Jun Zhao 0007
4191,10/1993,Kwok-Yan Lam,2019,76/440,Dusit Niyato
4192,10/1993,Kwok-Yan Lam,2019,47/2026-7,Jun Zhao 0007
4193,10/1993,Kwok-Yan Lam,2019,35/1096-1,Han Yu 0001
4194,10/1993,Kwok-Yan Lam,2018,99/4535,Anupam Chattopadhyay
4195,10/1993,Kwok-Yan Lam,2018,99/4535,Anupam Chattopadhyay
4196,10/1993,Kwok-Yan Lam,2018,99/4535,Anupam Chattopadhyay
4197,10/1993,Kwok-Yan Lam,2018,16/3792,Adams Wai-Kin Kong
4198,10/1993,Kwok-Yan Lam,2018,99/4535,Anupam Chattopadhyay
4199,10/1993,Kwok-Yan Lam,2018,99/4535,Anupam Chattopadhyay
4200,10/1993,Kwok-Yan Lam,2018,41/8030,Sourav Sen Gupta 0001
4201,10/1993,Kwok-Yan Lam,2018,99/4535,Anupam Chattopadhyay
4202,10/1993,Kwok-Yan Lam,2018,99/4535,Anupam Chattopadhyay
4203,10/1993,Kwok-Yan Lam,2017,99/4535,Anupam Chattopadhyay
4204,10/1993,Kwok-Yan Lam,2017,99/4535,Anupam Chattopadhyay
4205,52/910,Chai Kiat Yeo,2023,01/5855,Chen Change Loy
4206,52/910,Chai Kiat Yeo,2023,01/5855,Chen Change Loy
4207,52/910,Chai Kiat Yeo,2022,42/6178-1,Bo An 0001
4208,52/910,Chai Kiat Yeo,2022,42/6178-1,Bo An 0001
4209,52/910,Chai Kiat Yeo,2022,93/4009,Zinovi Rabinovich
4210,52/910,Chai Kiat Yeo,2022,12/9925,Svetlana Obraztsova
4211,52/910,Chai Kiat Yeo,2022,67/2933,Arijit Khan 0001
4212,52/910,Chai Kiat Yeo,2022,01/5855,Chen Change Loy
4213,52/910,Chai Kiat Yeo,2022,42/6178-1,Bo An 0001
4214,52/910,Chai Kiat Yeo,2022,01/5855,Chen Change Loy
4215,52/910,Chai Kiat Yeo,2021,l/BuSungLee,Bu-Sung Lee
4216,52/910,Chai Kiat Yeo,2021,01/5855,Chen Change Loy
4217,52/910,Chai Kiat Yeo,2021,42/6178-1,Bo An 0001
4218,52/910,Chai Kiat Yeo,2021,01/5855,Chen Change Loy
4219,52/910,Chai Kiat Yeo,2021,42/6178-1,Bo An 0001
4220,52/910,Chai Kiat Yeo,2021,42/6178-1,Bo An 0001
4221,52/910,Chai Kiat Yeo,2021,93/4009,Zinovi Rabinovich
4222,52/910,Chai Kiat Yeo,2021,12/9925,Svetlana Obraztsova
4223,52/910,Chai Kiat Yeo,2020,l/BuSungLee,Bu-Sung Lee
4224,52/910,Chai Kiat Yeo,2020,01/5855,Chen Change Loy
4225,52/910,Chai Kiat Yeo,2020,01/5855,Chen Change Loy
4226,52/910,Chai Kiat Yeo,2018,l/BuSungLee,Bu-Sung Lee
4227,52/910,Chai Kiat Yeo,2018,30/6609,Chiew Tong Lau
4228,52/910,Chai Kiat Yeo,2018,30/6609,Chiew Tong Lau
4229,52/910,Chai Kiat Yeo,2018,l/BuSungLee,Bu-Sung Lee
4230,52/910,Chai Kiat Yeo,2018,l/BuSungLee,Bu-Sung Lee
4231,52/910,Chai Kiat Yeo,2018,30/6609,Chiew Tong Lau
4232,52/910,Chai Kiat Yeo,2018,30/6609,Chiew Tong Lau
4233,52/910,Chai Kiat Yeo,2018,l/BuSungLee,Bu-Sung Lee
4234,52/910,Chai Kiat Yeo,2018,l/BuSungLee,Bu-Sung Lee
4235,52/910,Chai Kiat Yeo,2018,69/8028,Chan Hua Vun
4236,52/910,Chai Kiat Yeo,2018,224/9431,Hong Lye Oh
4237,52/910,Chai Kiat Yeo,2018,l/BuSungLee,Bu-Sung Lee
4238,52/910,Chai Kiat Yeo,2018,30/6609,Chiew Tong Lau
4239,52/910,Chai Kiat Yeo,2018,l/BuSungLee,Bu-Sung Lee
4240,52/910,Chai Kiat Yeo,2018,l/BuSungLee,Bu-Sung Lee
4241,52/910,Chai Kiat Yeo,2018,30/6609,Chiew Tong Lau
4242,52/910,Chai Kiat Yeo,2018,l/BuSungLee,Bu-Sung Lee
4243,52/910,Chai Kiat Yeo,2017,l/BuSungLee,Bu-Sung Lee
4244,52/910,Chai Kiat Yeo,2017,30/6609,Chiew Tong Lau
4245,52/910,Chai Kiat Yeo,2017,l/BuSungLee,Bu-Sung Lee
4246,52/910,Chai Kiat Yeo,2017,30/6609,Chiew Tong Lau
4247,52/910,Chai Kiat Yeo,2016,l/BuSungLee,Bu-Sung Lee
4248,52/910,Chai Kiat Yeo,2015,l/BuSungLee,Francis Bu-Sung Lee
4249,52/910,Chai Kiat Yeo,2015,30/6609,Chiew Tong Lau
4250,52/910,Chai Kiat Yeo,2015,l/BuSungLee,Bu-Sung Lee
4251,52/910,Chai Kiat Yeo,2014,l/BuSungLee,Bu-Sung Lee
4252,52/910,Chai Kiat Yeo,2013,l/BuSungLee,Bu-Sung Lee
4253,52/910,Chai Kiat Yeo,2013,l/BuSungLee,Bu-Sung Lee
4254,52/910,Chai Kiat Yeo,2013,l/BuSungLee,Francis Bu-Sung Lee
4255,52/910,Chai Kiat Yeo,2013,l/BuSungLee,Bu-Sung Lee
4256,52/910,Chai Kiat Yeo,2012,l/BuSungLee,Bu-Sung Lee
4257,52/910,Chai Kiat Yeo,2012,l/BuSungLee,Bu-Sung Lee
4258,52/910,Chai Kiat Yeo,2012,l/BuSungLee,Bu-Sung Lee
4259,52/910,Chai Kiat Yeo,2012,l/BuSungLee,Bu-Sung Lee
4260,52/910,Chai Kiat Yeo,2012,l/BuSungLee,Francis Bu-Sung Lee
4261,52/910,Chai Kiat Yeo,2012,l/BuSungLee,Bu-Sung Lee
4262,52/910,Chai Kiat Yeo,2012,l/BuSungLee,Bu-Sung Lee
4263,52/910,Chai Kiat Yeo,2012,l/BuSungLee,Bu-Sung Lee
4264,52/910,Chai Kiat Yeo,2011,l/BuSungLee,Bu-Sung Lee
4265,52/910,Chai Kiat Yeo,2011,23/2460,Xueyan Tang
4266,52/910,Chai Kiat Yeo,2011,l/BuSungLee,Bu-Sung Lee
4267,52/910,Chai Kiat Yeo,2011,l/BuSungLee,Bu-Sung Lee
4268,52/910,Chai Kiat Yeo,2011,l/BuSungLee,Bu-Sung Lee
4269,52/910,Chai Kiat Yeo,2011,l/BuSungLee,Bu-Sung Lee
4270,52/910,Chai Kiat Yeo,2011,l/BuSungLee,Bu-Sung Lee
4271,52/910,Chai Kiat Yeo,2011,l/BuSungLee,Bu-Sung Lee
4272,52/910,Chai Kiat Yeo,2011,l/BuSungLee,Bu-Sung Lee
4273,52/910,Chai Kiat Yeo,2011,l/BuSungLee,Bu-Sung Lee
4274,52/910,Chai Kiat Yeo,2011,l/BuSungLee,Bu-Sung Lee
4275,52/910,Chai Kiat Yeo,2010,l/BuSungLee,Bu-Sung Lee
4276,52/910,Chai Kiat Yeo,2010,l/BuSungLee,Bu-Sung Lee
4277,52/910,Chai Kiat Yeo,2010,l/BuSungLee,Bu-Sung Lee
4278,52/910,Chai Kiat Yeo,2010,23/2460,Xueyan Tang
4279,52/910,Chai Kiat Yeo,2010,l/BuSungLee,Bu-Sung Lee
4280,52/910,Chai Kiat Yeo,2010,l/BuSungLee,Bu-Sung Lee
4281,52/910,Chai Kiat Yeo,2010,l/BuSungLee,Bu-Sung Lee
4282,52/910,Chai Kiat Yeo,2010,l/BuSungLee,Bu-Sung Lee
4283,52/910,Chai Kiat Yeo,2010,l/BuSungLee,Bu-Sung Lee
4284,52/910,Chai Kiat Yeo,2010,l/BuSungLee,Bu-Sung Lee
4285,52/910,Chai Kiat Yeo,2010,l/BuSungLee,Bu-Sung Lee
4286,52/910,Chai Kiat Yeo,2010,l/BuSungLee,Bu-Sung Lee
4287,52/910,Chai Kiat Yeo,2009,l/BuSungLee,Bu-Sung Lee
4288,52/910,Chai Kiat Yeo,2009,l/BuSungLee,Francis Bu-Sung Lee
4289,52/910,Chai Kiat Yeo,2009,l/BuSungLee,Bu-Sung Lee
4290,52/910,Chai Kiat Yeo,2009,l/BuSungLee,Bu-Sung Lee
4291,52/910,Chai Kiat Yeo,2009,l/BuSungLee,Bu-Sung Lee
4292,52/910,Chai Kiat Yeo,2009,l/BuSungLee,Bu-Sung Lee
4293,52/910,Chai Kiat Yeo,2008,l/BuSungLee,Bu-Sung Lee
4294,52/910,Chai Kiat Yeo,2008,l/BuSungLee,Bu-Sung Lee
4295,52/910,Chai Kiat Yeo,2008,l/BuSungLee,Bu-Sung Lee
4296,52/910,Chai Kiat Yeo,2008,23/2460,Xueyan Tang
4297,52/910,Chai Kiat Yeo,2008,l/BuSungLee,Bu-Sung Lee
4298,52/910,Chai Kiat Yeo,2008,l/BuSungLee,Bu-Sung Lee
4299,52/910,Chai Kiat Yeo,2008,l/BuSungLee,Bu-Sung Lee
4300,52/910,Chai Kiat Yeo,2008,l/BuSungLee,Bu-Sung Lee
4301,52/910,Chai Kiat Yeo,2008,l/BuSungLee,Bu-Sung Lee
4302,52/910,Chai Kiat Yeo,2008,l/BuSungLee,Bu-Sung Lee
4303,52/910,Chai Kiat Yeo,2007,l/BuSungLee,Bu-Sung Lee
4304,52/910,Chai Kiat Yeo,2007,l/BuSungLee,Bu-Sung Lee
4305,52/910,Chai Kiat Yeo,2007,l/BuSungLee,Bu-Sung Lee
4306,52/910,Chai Kiat Yeo,2007,l/BuSungLee,Bu-Sung Lee
4307,52/910,Chai Kiat Yeo,2007,l/BuSungLee,Bu-Sung Lee
4308,52/910,Chai Kiat Yeo,2007,05/2952,Liang-Tien Chia
4309,52/910,Chai Kiat Yeo,2007,29/3808,Tat-Jen Cham
4310,52/910,Chai Kiat Yeo,2007,l/BuSungLee,Bu-Sung Lee
4311,52/910,Chai Kiat Yeo,2007,l/BuSungLee,Bu-Sung Lee
4312,52/910,Chai Kiat Yeo,2007,l/BuSungLee,Bu-Sung Lee
4313,52/910,Chai Kiat Yeo,2006,l/BuSungLee,Bu-Sung Lee
4314,52/910,Chai Kiat Yeo,2006,23/2460,Xueyan Tang
4315,52/910,Chai Kiat Yeo,2006,l/BuSungLee,Bu-Sung Lee
4316,52/910,Chai Kiat Yeo,2006,l/BuSungLee,Bu-Sung Lee
4317,52/910,Chai Kiat Yeo,2005,l/BuSungLee,Bu-Sung Lee
4318,52/910,Chai Kiat Yeo,2005,l/BuSungLee,Bu-Sung Lee
4319,52/910,Chai Kiat Yeo,2005,23/2460,Xueyan Tang
4320,52/910,Chai Kiat Yeo,2005,l/BuSungLee,Bu-Sung Lee
4321,52/910,Chai Kiat Yeo,2005,23/2460,Xueyan Tang
4322,52/910,Chai Kiat Yeo,2005,l/BuSungLee,Bu-Sung Lee
4323,52/910,Chai Kiat Yeo,2005,l/BuSungLee,Bu-Sung Lee
4324,52/910,Chai Kiat Yeo,2004,l/BuSungLee,Bu-Sung Lee
4325,52/910,Chai Kiat Yeo,2004,l/BuSungLee,Bu-Sung Lee
4326,52/910,Chai Kiat Yeo,2004,l/BuSungLee,Bu-Sung Lee
4327,52/910,Chai Kiat Yeo,2003,l/BuSungLee,Bu-Sung Lee
4328,52/910,Chai Kiat Yeo,2003,l/BuSungLee,Bu-Sung Lee
4329,52/910,Chai Kiat Yeo,2003,l/BuSungLee,Bu-Sung Lee
4330,52/910,Chai Kiat Yeo,2003,l/BuSungLee,Bu-Sung Lee
4331,52/910,Chai Kiat Yeo,2002,l/BuSungLee,Bu-Sung Lee
4332,52/910,Chai Kiat Yeo,2002,l/BuSungLee,Bu-Sung Lee
4333,52/910,Chai Kiat Yeo,2002,l/BuSungLee,Bu-Sung Lee
4334,52/910,Chai Kiat Yeo,2002,l/BuSungLee,Bu-Sung Lee
4335,52/910,Chai Kiat Yeo,2001,65/3225,Siu Cheung Hui
4336,52/910,Chai Kiat Yeo,2001,l/BuSungLee,Bu-Sung Lee
4337,52/910,Chai Kiat Yeo,2001,l/BuSungLee,Bu-Sung Lee
4338,52/910,Chai Kiat Yeo,2001,65/3225,Siu Cheung Hui
4339,52/910,Chai Kiat Yeo,2001,30/6609,Chiew Tong Lau
4340,52/910,Chai Kiat Yeo,2000,l/BuSungLee,Bu-Sung Lee
4341,52/910,Chai Kiat Yeo,2000,l/BuSungLee,Bu-Sung Lee
4342,52/910,Chai Kiat Yeo,2000,l/BuSungLee,Bu-Sung Lee
4343,52/910,Chai Kiat Yeo,2000,65/3225,Siu Cheung Hui
4344,52/910,Chai Kiat Yeo,1999,65/3225,Siu Cheung Hui
4345,52/910,Chai Kiat Yeo,1999,30/6609,Chiew Tong Lau
4346,52/910,Chai Kiat Yeo,1999,65/3225,Siu Cheung Hui
4347,52/910,Chai Kiat Yeo,1999,65/3225,Siu Cheung Hui
4348,52/910,Chai Kiat Yeo,1999,l/BuSungLee,Bu-Sung Lee
4349,52/910,Chai Kiat Yeo,1999,65/3225,Siu Cheung Hui
4350,52/910,Chai Kiat Yeo,1998,65/3225,Siu Cheung Hui
4351,52/910,Chai Kiat Yeo,1997,65/3225,Siu Cheung Hui
4352,52/910,Chai Kiat Yeo,1997,l/BuSungLee,Bu-Sung Lee
4353,52/910,Chai Kiat Yeo,1997,05/2952,Liang-Tien Chia
4354,81/8329,Anh Tuan Luu,2025,70/1211-1,Boyang Li 0001
4355,81/8329,Anh Tuan Luu,2024,35/1096-1,Han Yu 0001
4356,81/8329,Anh Tuan Luu,2024,35/1096-1,Han Yu 0001
4357,81/8329,Anh Tuan Luu,2024,35/1096-1,Han Yu 0001
4358,81/8329,Anh Tuan Luu,2024,62/2078,Shafiq Joty
4359,81/8329,Anh Tuan Luu,2024,51/3710-3,Yang Liu 0003
4360,81/8329,Anh Tuan Luu,2024,62/2078,Shafiq Joty
4361,81/8329,Anh Tuan Luu,2024,51/3710-3,Yang Liu 0003
4362,81/8329,Anh Tuan Luu,2024,70/1211-1,Boyang Li 0001
4363,81/8329,Anh Tuan Luu,2023,80/7421,Erik Cambria
4364,81/8329,Anh Tuan Luu,2023,65/3225,Siu Cheung Hui
4365,81/8329,Anh Tuan Luu,2023,95/378,Xavier Bresson
4366,81/8329,Anh Tuan Luu,2023,m/ChunyanMiao,Chunyan Miao
4367,81/8329,Anh Tuan Luu,2023,35/1096-1,Han Yu 0001
4368,81/8329,Anh Tuan Luu,2023,m/ChunyanMiao,Chunyan Miao
4369,81/8329,Anh Tuan Luu,2023,95/378,Xavier Bresson
4370,81/8329,Anh Tuan Luu,2022,95/378,Xavier Bresson
4371,81/8329,Anh Tuan Luu,2022,79/8116,Hanwang Zhang
4372,81/8329,Anh Tuan Luu,2022,79/8116,Hanwang Zhang
4373,81/8329,Anh Tuan Luu,2021,163/6518,Alvin Chan
4374,81/8329,Anh Tuan Luu,2021,65/3225,Siu Cheung Hui
4375,81/8329,Anh Tuan Luu,2021,79/8116,Hanwang Zhang
4376,81/8329,Anh Tuan Luu,2021,163/6518,Alvin Chan
4377,81/8329,Anh Tuan Luu,2021,65/3225,Siu Cheung Hui
4378,81/8329,Anh Tuan Luu,2021,95/378,Xavier Bresson
4379,81/8329,Anh Tuan Luu,2021,79/8116,Hanwang Zhang
4380,81/8329,Anh Tuan Luu,2020,163/6518,Alvin Chan
4381,81/8329,Anh Tuan Luu,2019,65/3225,Siu Cheung Hui
4382,81/8329,Anh Tuan Luu,2019,65/3225,Siu Cheung Hui
4383,81/8329,Anh Tuan Luu,2019,65/3225,Siu Cheung Hui
4384,81/8329,Anh Tuan Luu,2019,65/3225,Siu Cheung Hui
4385,81/8329,Anh Tuan Luu,2019,65/3225,Siu Cheung Hui
4386,81/8329,Anh Tuan Luu,2019,65/3225,Siu Cheung Hui
4387,81/8329,Anh Tuan Luu,2018,65/3225,Siu Cheung Hui
4388,81/8329,Anh Tuan Luu,2018,65/3225,Siu Cheung Hui
4389,81/8329,Anh Tuan Luu,2018,65/3225,Siu Cheung Hui
4390,81/8329,Anh Tuan Luu,2018,65/3225,Siu Cheung Hui
4391,81/8329,Anh Tuan Luu,2018,65/3225,Siu Cheung Hui
4392,81/8329,Anh Tuan Luu,2018,65/3225,Siu Cheung Hui
4393,81/8329,Anh Tuan Luu,2018,65/3225,Siu Cheung Hui
4394,81/8329,Anh Tuan Luu,2018,65/3225,Siu Cheung Hui
4395,81/8329,Anh Tuan Luu,2018,65/3225,Siu Cheung Hui
4396,81/8329,Anh Tuan Luu,2018,65/3225,Siu Cheung Hui
4397,81/8329,Anh Tuan Luu,2018,65/3225,Siu Cheung Hui
4398,81/8329,Anh Tuan Luu,2018,65/3225,Siu Cheung Hui
4399,81/8329,Anh Tuan Luu,2018,65/3225,Siu Cheung Hui
4400,81/8329,Anh Tuan Luu,2018,65/3225,Siu Cheung Hui
4401,81/8329,Anh Tuan Luu,2018,65/3225,Siu Cheung Hui
4402,81/8329,Anh Tuan Luu,2018,65/3225,Siu Cheung Hui
4403,81/8329,Anh Tuan Luu,2018,65/3225,Siu Cheung Hui
4404,81/8329,Anh Tuan Luu,2018,65/3225,Siu Cheung Hui
4405,81/8329,Anh Tuan Luu,2018,65/3225,Siu Cheung Hui
4406,81/8329,Anh Tuan Luu,2018,65/3225,Siu Cheung Hui
4407,81/8329,Anh Tuan Luu,2018,65/3225,Siu Cheung Hui
4408,81/8329,Anh Tuan Luu,2018,65/3225,Siu Cheung Hui
4409,81/8329,Anh Tuan Luu,2018,65/3225,Siu Cheung Hui
4410,81/8329,Anh Tuan Luu,2018,65/3225,Siu Cheung Hui
4411,81/8329,Anh Tuan Luu,2018,65/3225,Siu Cheung Hui
4412,81/8329,Anh Tuan Luu,2018,65/3225,Siu Cheung Hui
4413,81/8329,Anh Tuan Luu,2018,65/3225,Siu Cheung Hui
4414,81/8329,Anh Tuan Luu,2017,65/3225,Siu Cheung Hui
4415,81/8329,Anh Tuan Luu,2017,65/3225,Siu Cheung Hui
4416,81/8329,Anh Tuan Luu,2017,65/3225,Siu Cheung Hui
4417,81/8329,Anh Tuan Luu,2017,65/3225,Siu Cheung Hui
4418,81/8329,Anh Tuan Luu,2017,65/3225,Siu Cheung Hui
4419,81/8329,Anh Tuan Luu,2017,65/3225,Siu Cheung Hui
4420,81/8329,Anh Tuan Luu,2017,65/3225,Siu Cheung Hui
4421,81/8329,Anh Tuan Luu,2017,65/3225,Siu Cheung Hui
4422,81/8329,Anh Tuan Luu,2017,65/3225,Siu Cheung Hui
4423,81/8329,Anh Tuan Luu,2017,65/3225,Siu Cheung Hui
4424,81/8329,Anh Tuan Luu,2017,65/3225,Siu Cheung Hui
4425,81/8329,Anh Tuan Luu,2017,65/3225,Siu Cheung Hui
4426,81/8329,Anh Tuan Luu,2017,65/3225,Siu Cheung Hui
4427,81/8329,Anh Tuan Luu,2016,65/3225,Siu Cheung Hui
4428,81/8329,Anh Tuan Luu,2016,65/3225,Siu Cheung Hui
4429,81/8329,Anh Tuan Luu,2012,51/3710-3,Yang Liu 0003
4430,66/549,A. S. Madhukumar,2016,76/440,Dusit Niyato
4431,66/549,A. S. Madhukumar,2014,76/440,Dusit Niyato
4432,66/549,A. S. Madhukumar,2011,30/6609,Chiew Tong Lau
4433,66/549,A. S. Madhukumar,2002,30/6609,Chiew Tong Lau
4434,23/2460,Xueyan Tang,2024,83/3179,Wentong Cai 0001
4435,23/2460,Xueyan Tang,2024,83/3179,Wentong Cai 0001
4436,23/2460,Xueyan Tang,2024,l/BuSungLee,Bu-Sung Lee
4437,23/2460,Xueyan Tang,2024,83/3179,Wentong Cai 0001
4438,23/2460,Xueyan Tang,2024,l/BuSungLee,Bu-Sung Lee
4439,23/2460,Xueyan Tang,2024,l/BuSungLee,Bu-Sung Lee
4440,23/2460,Xueyan Tang,2023,83/3179,Wentong Cai 0001
4441,23/2460,Xueyan Tang,2021,83/3179,Wentong Cai 0001
4442,23/2460,Xueyan Tang,2021,83/3179,Wentong Cai 0001
4443,23/2460,Xueyan Tang,2021,83/3179,Wentong Cai 0001
4444,23/2460,Xueyan Tang,2020,78/5155,Aixin Sun
4445,23/2460,Xueyan Tang,2020,78/5155,Aixin Sun
4446,23/2460,Xueyan Tang,2019,83/3179,Wentong Cai 0001
4447,23/2460,Xueyan Tang,2019,83/3179,Wentong Cai 0001
4448,23/2460,Xueyan Tang,2019,78/5155,Aixin Sun
4449,23/2460,Xueyan Tang,2019,78/5155,Aixin Sun
4450,23/2460,Xueyan Tang,2018,78/5155,Aixin Sun
4451,23/2460,Xueyan Tang,2018,83/3179,Wentong Cai 0001
4452,23/2460,Xueyan Tang,2018,83/3179,Wentong Cai 0001
4453,23/2460,Xueyan Tang,2018,83/3179,Wentong Cai 0001
4454,23/2460,Xueyan Tang,2017,83/3179,Wentong Cai 0001
4455,23/2460,Xueyan Tang,2017,83/3179,Wentong Cai 0001
4456,23/2460,Xueyan Tang,2017,83/3179,Wentong Cai 0001
4457,23/2460,Xueyan Tang,2016,83/3179,Wentong Cai 0001
4458,23/2460,Xueyan Tang,2016,83/3179,Wentong Cai 0001
4459,23/2460,Xueyan Tang,2016,83/3179,Wentong Cai 0001
4460,23/2460,Xueyan Tang,2016,83/3179,Wentong Cai 0001
4461,23/2460,Xueyan Tang,2015,83/3179,Wentong Cai 0001
4462,23/2460,Xueyan Tang,2015,83/3179,Wentong Cai 0001
4463,23/2460,Xueyan Tang,2014,83/3179,Wentong Cai 0001
4464,23/2460,Xueyan Tang,2014,l/BuSungLee,Bu-Sung Lee
4465,23/2460,Xueyan Tang,2014,83/3179,Wentong Cai 0001
4466,23/2460,Xueyan Tang,2014,83/3179,Wentong Cai 0001
4467,23/2460,Xueyan Tang,2013,83/3179,Wentong Cai 0001
4468,23/2460,Xueyan Tang,2013,83/3179,Wentong Cai 0001
4469,23/2460,Xueyan Tang,2013,83/3179,Wentong Cai 0001
4470,23/2460,Xueyan Tang,2012,83/3179,Wentong Cai 0001
4471,23/2460,Xueyan Tang,2012,83/3179,Wentong Cai 0001
4472,23/2460,Xueyan Tang,2012,83/3179,Wentong Cai 0001
4473,23/2460,Xueyan Tang,2012,83/3179,Wentong Cai 0001
4474,23/2460,Xueyan Tang,2011,83/3179,Wentong Cai 0001
4475,23/2460,Xueyan Tang,2011,l/BuSungLee,Bu-Sung Lee
4476,23/2460,Xueyan Tang,2011,52/910,Chai Kiat Yeo
4477,23/2460,Xueyan Tang,2011,83/3179,Wentong Cai 0001
4478,23/2460,Xueyan Tang,2011,83/3179,Wentong Cai 0001
4479,23/2460,Xueyan Tang,2010,l/BuSungLee,Bu-Sung Lee
4480,23/2460,Xueyan Tang,2010,52/910,Chai Kiat Yeo
4481,23/2460,Xueyan Tang,2010,83/3179,Wentong Cai 0001
4482,23/2460,Xueyan Tang,2010,83/3179,Wentong Cai 0001
4483,23/2460,Xueyan Tang,2010,83/3179,Wentong Cai 0001
4484,23/2460,Xueyan Tang,2009,83/3179,Wentong Cai 0001
4485,23/2460,Xueyan Tang,2009,83/3179,Wentong Cai 0001
4486,23/2460,Xueyan Tang,2008,83/3179,Wentong Cai 0001
4487,23/2460,Xueyan Tang,2008,l/BuSungLee,Bu-Sung Lee
4488,23/2460,Xueyan Tang,2008,52/910,Chai Kiat Yeo
4489,23/2460,Xueyan Tang,2006,l/BuSungLee,Bu-Sung Lee
4490,23/2460,Xueyan Tang,2006,52/910,Chai Kiat Yeo
4491,23/2460,Xueyan Tang,2006,78/5155,Aixin Sun
4492,23/2460,Xueyan Tang,2005,l/BuSungLee,Bu-Sung Lee
4493,23/2460,Xueyan Tang,2005,52/910,Chai Kiat Yeo
4494,23/2460,Xueyan Tang,2005,l/BuSungLee,Bu-Sung Lee
4495,23/2460,Xueyan Tang,2005,52/910,Chai Kiat Yeo
4496,63/6663,Douglas L. Maskell,2015,q/HiokChaiQuek,Chai Quek
4497,63/6663,Douglas L. Maskell,2013,q/HiokChaiQuek,Chai Quek
4498,63/6663,Douglas L. Maskell,2011,q/HiokChaiQuek,Chai Quek
4499,63/6663,Douglas L. Maskell,2010,q/HiokChaiQuek,Chai Quek
4500,63/6663,Douglas L. Maskell,2007,q/HiokChaiQuek,Chai Quek
4501,63/6663,Douglas L. Maskell,2007,23/1694,Thambipillai Srikanthan
4502,63/6663,Douglas L. Maskell,2007,97/6922,Wooi-Boon Goh
4503,63/6663,Douglas L. Maskell,2006,23/1694,Thambipillai Srikanthan
4504,63/6663,Douglas L. Maskell,2006,q/HiokChaiQuek,Chai Quek
4505,63/6663,Douglas L. Maskell,2006,q/HiokChaiQuek,Chai Quek
4506,80/7421,Erik Cambria,2024,99/4535,Anupam Chattopadhyay
4507,80/7421,Erik Cambria,2023,81/8329,Anh Tuan Luu
4508,80/7421,Erik Cambria,2023,91/665,Jagath C. Rajapakse
4509,80/7421,Erik Cambria,2023,38/3641,Ah-Hwee Tan
4510,80/7421,Erik Cambria,2023,m/ChunyanMiao,Chunyan Miao
4511,80/7421,Erik Cambria,2023,m/ChunyanMiao,Chunyan Miao
4512,80/7421,Erik Cambria,2022,m/ChunyanMiao,Chunyan Miao
4513,80/7421,Erik Cambria,2022,m/ChunyanMiao,Chunyan Miao
4514,80/7421,Erik Cambria,2022,m/ChunyanMiao,Chunyan Miao
4515,80/7421,Erik Cambria,2021,m/ChunyanMiao,Chunyan Miao
4516,80/7421,Erik Cambria,2020,64/4136,Yew-Soon Ong
4517,80/7421,Erik Cambria,2018,91/665,Jagath C. Rajapakse
4518,80/7421,Erik Cambria,2018,91/665,Jagath C. Rajapakse
4519,80/7421,Erik Cambria,2017,99/4535,Anupam Chattopadhyay
4520,80/7421,Erik Cambria,2017,78/5155,Aixin Sun
4521,80/7421,Erik Cambria,2016,64/4136,Yew-Soon Ong
4522,80/7421,Erik Cambria,2015,c/ChngEngSiong,Chng Eng Siong
4523,80/7421,Erik Cambria,2013,64/4136,Yew-Soon Ong
4524,211/7940,Xingang Pan,2024,01/5855,Chen Change Loy
4525,211/7940,Xingang Pan,2024,01/5855,Chen Change Loy
4526,211/7940,Xingang Pan,2024,01/5855,Chen Change Loy
4527,211/7940,Xingang Pan,2024,01/5855,Chen Change Loy
4528,211/7940,Xingang Pan,2024,01/5855,Chen Change Loy
4529,211/7940,Xingang Pan,2024,01/5855,Chen Change Loy
4530,211/7940,Xingang Pan,2024,01/5855,Chen Change Loy
4531,211/7940,Xingang Pan,2022,01/5855,Chen Change Loy
4532,211/7940,Xingang Pan,2021,01/5855,Chen Change Loy
4533,211/7940,Xingang Pan,2021,01/5855,Chen Change Loy
4534,211/7940,Xingang Pan,2021,01/5855,Chen Change Loy
4535,211/7940,Xingang Pan,2021,01/5855,Chen Change Loy
4536,211/7940,Xingang Pan,2021,01/5855,Chen Change Loy
4537,211/7940,Xingang Pan,2020,01/5855,Chen Change Loy
4538,211/7940,Xingang Pan,2020,01/5855,Chen Change Loy
4539,211/7940,Xingang Pan,2020,01/5855,Chen Change Loy
4540,211/7940,Xingang Pan,2020,01/5855,Chen Change Loy
4541,211/7940,Xingang Pan,2020,01/5855,Chen Change Loy
4542,211/7940,Xingang Pan,2019,01/5855,Chen Change Loy
4543,211/7940,Xingang Pan,2019,01/5855,Chen Change Loy
4544,35/6803,Xiuyi Fan,2024,00/4516-3,Siyuan Liu 0003
4545,35/6803,Xiuyi Fan,2024,00/4516-3,Siyuan Liu 0003
4546,35/6803,Xiuyi Fan,2022,00/4516-3,Siyuan Liu 0003
4547,35/6803,Xiuyi Fan,2022,00/4516-3,Siyuan Liu 0003
4548,35/6803,Xiuyi Fan,2021,00/4516-3,Siyuan Liu 0003
4549,35/6803,Xiuyi Fan,2021,00/4516-3,Siyuan Liu 0003
4550,35/6803,Xiuyi Fan,2021,00/4516-3,Siyuan Liu 0003
4551,35/6803,Xiuyi Fan,2021,00/4516-3,Siyuan Liu 0003
4552,35/6803,Xiuyi Fan,2020,00/4516-3,Siyuan Liu 0003
4553,35/6803,Xiuyi Fan,2020,00/4516-3,Siyuan Liu 0003
4554,35/6803,Xiuyi Fan,2018,m/ChunyanMiao,Chunyan Miao
4555,35/6803,Xiuyi Fan,2018,64/4136,Yew-Soon Ong
4556,35/6803,Xiuyi Fan,2017,00/4516-3,Siyuan Liu 0003
4557,35/6803,Xiuyi Fan,2017,m/ChunyanMiao,Chunyan Miao
4558,35/6803,Xiuyi Fan,2017,03/1554-1,Zhiqi Shen 0001
4559,35/6803,Xiuyi Fan,2017,m/ChunyanMiao,Chunyan Miao
4560,35/6803,Xiuyi Fan,2016,00/4516-3,Siyuan Liu 0003
4561,35/6803,Xiuyi Fan,2016,m/ChunyanMiao,Chunyan Miao
4562,35/6803,Xiuyi Fan,2016,00/4516-3,Siyuan Liu 0003
4563,35/6803,Xiuyi Fan,2016,m/ChunyanMiao,Chunyan Miao
4564,35/6803,Xiuyi Fan,2016,m/ChunyanMiao,Chunyan Miao
4565,35/6803,Xiuyi Fan,2016,m/ChunyanMiao,Chunyan Miao
4566,73/1708,Arvind Easwaran,2020,99/4535,Anupam Chattopadhyay
4567,73/1708,Arvind Easwaran,2020,90/9499,Zhiwei Liu
4568,73/1708,Arvind Easwaran,2020,99/4535,Anupam Chattopadhyay
4569,73/1708,Arvind Easwaran,2020,90/9499,Zhiwei Liu
4570,73/1708,Arvind Easwaran,2018,99/4535,Anupam Chattopadhyay
4571,73/1708,Arvind Easwaran,2017,99/4535,Anupam Chattopadhyay
4572,73/1708,Arvind Easwaran,2017,99/4535,Anupam Chattopadhyay
4573,33/3180,Gao Cong,2025,58/10813-1,Cheng Long 0001
4574,33/3180,Gao Cong,2025,58/10813-1,Cheng Long 0001
4575,33/3180,Gao Cong,2024,58/10813-1,Cheng Long 0001
4576,33/3180,Gao Cong,2024,117/5965,Siqiang Luo
4577,33/3180,Gao Cong,2024,58/10813-1,Cheng Long 0001
4578,33/3180,Gao Cong,2024,58/10813-1,Cheng Long 0001
4579,33/3180,Gao Cong,2024,64/4136,Yew Soon Ong
4580,33/3180,Gao Cong,2024,58/10813-1,Cheng Long 0001
4581,33/3180,Gao Cong,2024,64/4136,Yew Soon Ong
4582,33/3180,Gao Cong,2024,58/10813-1,Cheng Long 0001
4583,33/3180,Gao Cong,2024,64/4136,Yew-Soon Ong
4584,33/3180,Gao Cong,2024,117/5965,Siqiang Luo
4585,33/3180,Gao Cong,2024,92/748-7,Wei Dong 0007
4586,33/3180,Gao Cong,2023,58/10813-1,Cheng Long 0001
4587,33/3180,Gao Cong,2023,58/10813-1,Cheng Long 0001
4588,33/3180,Gao Cong,2023,58/10813-1,Cheng Long 0001
4589,33/3180,Gao Cong,2023,58/10813-1,Cheng Long 0001
4590,33/3180,Gao Cong,2023,58/10813-1,Cheng Long 0001
4591,33/3180,Gao Cong,2023,58/10813-1,Cheng Long 0001
4592,33/3180,Gao Cong,2022,m/ChunyanMiao,Chunyan Miao
4593,33/3180,Gao Cong,2022,m/ChunyanMiao,Chunyan Miao
4594,33/3180,Gao Cong,2022,117/5965,Siqiang Luo
4595,33/3180,Gao Cong,2022,58/10813-1,Cheng Long 0001
4596,33/3180,Gao Cong,2022,117/5965,Siqiang Luo
4597,33/3180,Gao Cong,2022,64/4136,Yew-Soon Ong
4598,33/3180,Gao Cong,2022,58/10813-1,Cheng Long 0001
4599,33/3180,Gao Cong,2022,58/10813-1,Cheng Long 0001
4600,33/3180,Gao Cong,2021,58/10813-1,Cheng Long 0001
4601,33/3180,Gao Cong,2021,58/10813-1,Cheng Long 0001
4602,33/3180,Gao Cong,2021,58/10813-1,Cheng Long 0001
4603,33/3180,Gao Cong,2021,58/10813-1,Cheng Long 0001
4604,33/3180,Gao Cong,2021,58/10813-1,Cheng Long 0001
4605,33/3180,Gao Cong,2020,58/10813-1,Cheng Long 0001
4606,33/3180,Gao Cong,2020,b/SSBhowmick,Sourav S. Bhowmick
4607,33/3180,Gao Cong,2020,67/2933,Arijit Khan 0001
4608,33/3180,Gao Cong,2020,58/10813-1,Cheng Long 0001
4609,33/3180,Gao Cong,2020,58/10813-1,Cheng Long 0001
4610,33/3180,Gao Cong,2019,58/10813-1,Cheng Long 0001
4611,33/3180,Gao Cong,2019,78/5155,Aixin Sun
4612,33/3180,Gao Cong,2019,58/10813-1,Cheng Long 0001
4613,33/3180,Gao Cong,2018,b/SSBhowmick,Sourav S. Bhowmick
4614,33/3180,Gao Cong,2018,78/5155,Aixin Sun
4615,33/3180,Gao Cong,2018,62/2078,Shafiq R. Joty
4616,33/3180,Gao Cong,2018,67/2933,Arijit Khan 0001
4617,33/3180,Gao Cong,2018,b/SSBhowmick,Sourav S. Bhowmick
4618,33/3180,Gao Cong,2018,78/5155,Aixin Sun
4619,33/3180,Gao Cong,2018,67/2933,Arijit Khan 0001
4620,33/3180,Gao Cong,2018,58/10813-1,Cheng Long 0001
4621,33/3180,Gao Cong,2017,m/ChunyanMiao,Chunyan Miao
4622,33/3180,Gao Cong,2017,b/SSBhowmick,Sourav S. Bhowmick
4623,33/3180,Gao Cong,2017,42/6178-1,Bo An 0001
4624,33/3180,Gao Cong,2017,m/ChunyanMiao,Chunyan Miao
4625,33/3180,Gao Cong,2017,b/SSBhowmick,Sourav S. Bhowmick
4626,33/3180,Gao Cong,2016,m/ChunyanMiao,Chunyan Miao
4627,33/3180,Gao Cong,2016,78/5155,Aixin Sun
4628,33/3180,Gao Cong,2016,b/SSBhowmick,Sourav S. Bhowmick
4629,33/3180,Gao Cong,2016,m/ChunyanMiao,Chunyan Miao
4630,33/3180,Gao Cong,2016,78/5155,Aixin Sun
4631,33/3180,Gao Cong,2015,78/5155,Aixin Sun
4632,33/3180,Gao Cong,2015,78/5155,Aixin Sun
4633,33/3180,Gao Cong,2014,78/5155,Aixin Sun
4634,33/3180,Gao Cong,2014,78/5155,Aixin Sun
4635,33/3180,Gao Cong,2014,117/5965,Siqiang Luo
4636,33/3180,Gao Cong,2014,b/SSBhowmick,Sourav S. Bhowmick
4637,33/3180,Gao Cong,2013,78/5155,Aixin Sun
4638,33/3180,Gao Cong,2013,s/SeahHockSoon,Hock Soon Seah
4639,33/3180,Gao Cong,2013,78/5155,Aixin Sun
4640,33/3180,Gao Cong,2013,78/5155,Aixin Sun
4641,33/3180,Gao Cong,2012,78/5155,Aixin Sun
4642,33/3180,Gao Cong,2012,117/5965,Siqiang Luo
4643,33/3180,Gao Cong,2012,78/5155,Aixin Sun
4644,33/3180,Gao Cong,2012,m/ChunyanMiao,Chunyan Miao
4645,33/3180,Gao Cong,2012,78/5155,Aixin Sun
4646,33/3180,Gao Cong,2012,78/5155,Aixin Sun
4647,33/3180,Gao Cong,2012,65/3225,Siu Cheung Hui
4648,38/3641,Ah-Hwee Tan,2024,q/HiokChaiQuek,Chai Quek
4649,38/3641,Ah-Hwee Tan,2023,m/ChunyanMiao,Chunyan Miao
4650,38/3641,Ah-Hwee Tan,2023,80/7421,Erik Cambria
4651,38/3641,Ah-Hwee Tan,2022,q/HiokChaiQuek,Chai Quek
4652,38/3641,Ah-Hwee Tan,2022,q/HiokChaiQuek,Chai Quek
4653,38/3641,Ah-Hwee Tan,2022,q/HiokChaiQuek,Chai Quek
4654,38/3641,Ah-Hwee Tan,2022,q/HiokChaiQuek,Chai Quek
4655,38/3641,Ah-Hwee Tan,2020,m/ChunyanMiao,Chunyan Miao
4656,38/3641,Ah-Hwee Tan,2020,m/ChunyanMiao,Chunyan Miao
4657,38/3641,Ah-Hwee Tan,2019,m/ChunyanMiao,Chunyan Miao
4658,38/3641,Ah-Hwee Tan,2019,m/ChunyanMiao,Chunyan Miao
4659,38/3641,Ah-Hwee Tan,2019,m/ChunyanMiao,Chunyan Miao
4660,38/3641,Ah-Hwee Tan,2018,q/HiokChaiQuek,Chai Quek
4661,38/3641,Ah-Hwee Tan,2018,m/ChunyanMiao,Chunyan Miao
4662,38/3641,Ah-Hwee Tan,2018,m/ChunyanMiao,Chunyan Miao
4663,38/3641,Ah-Hwee Tan,2017,m/ChunyanMiao,Chunyan Miao
4664,38/3641,Ah-Hwee Tan,2017,m/ChunyanMiao,Chunyan Miao
4665,38/3641,Ah-Hwee Tan,2017,m/ChunyanMiao,Chunyan Miao
4666,38/3641,Ah-Hwee Tan,2017,q/HiokChaiQuek,Chai Quek
4667,38/3641,Ah-Hwee Tan,2017,m/ChunyanMiao,Chunyan Miao
4668,38/3641,Ah-Hwee Tan,2017,m/ChunyanMiao,Chunyan Miao
4669,38/3641,Ah-Hwee Tan,2016,m/ChunyanMiao,Chunyan Miao
4670,38/3641,Ah-Hwee Tan,2016,m/ChunyanMiao,Chunyan Miao
4671,38/3641,Ah-Hwee Tan,2015,64/4136,Yew-Soon Ong
4672,38/3641,Ah-Hwee Tan,2015,m/ChunyanMiao,Chunyan Miao
4673,38/3641,Ah-Hwee Tan,2015,m/ChunyanMiao,Chunyan Miao
4674,38/3641,Ah-Hwee Tan,2015,m/ChunyanMiao,Chunyan Miao
4675,38/3641,Ah-Hwee Tan,2013,64/4136,Yew-Soon Ong
4676,38/3641,Ah-Hwee Tan,2012,05/2952,Liang-Tien Chia
4677,38/3641,Ah-Hwee Tan,2012,64/4136,Yew-Soon Ong
4678,38/3641,Ah-Hwee Tan,2012,m/ChunyanMiao,Chunyan Miao
4679,38/3641,Ah-Hwee Tan,2012,64/4136,Yew-Soon Ong
4680,38/3641,Ah-Hwee Tan,2012,05/2952,Liang-Tien Chia
4681,38/3641,Ah-Hwee Tan,2012,64/4136,Yew-Soon Ong
4682,38/3641,Ah-Hwee Tan,2012,64/4136,Yew-Soon Ong
4683,38/3641,Ah-Hwee Tan,2011,64/4136,Yew-Soon Ong
4684,38/3641,Ah-Hwee Tan,2011,35/1096-1,Han Yu 0001
4685,38/3641,Ah-Hwee Tan,2011,03/1554-1,Zhiqi Shen 0001
4686,38/3641,Ah-Hwee Tan,2011,m/ChunyanMiao,Chunyan Miao
4687,38/3641,Ah-Hwee Tan,2011,64/4136,Yew-Soon Ong
4688,38/3641,Ah-Hwee Tan,2010,m/ChunyanMiao,Chunyan Miao
4689,38/3641,Ah-Hwee Tan,2010,03/1554-1,Zhiqi Shen 0001
4690,38/3641,Ah-Hwee Tan,2010,70/1211-1,Boyang Li 0001
4691,38/3641,Ah-Hwee Tan,2010,64/4136,Yew-Soon Ong
4692,38/3641,Ah-Hwee Tan,2010,05/2952,Liang-Tien Chia
4693,38/3641,Ah-Hwee Tan,2010,64/4136,Yew-Soon Ong
4694,38/3641,Ah-Hwee Tan,2010,64/4136,Yew-Soon Ong
4695,38/3641,Ah-Hwee Tan,2010,m/ChunyanMiao,Chunyan Miao
4696,38/3641,Ah-Hwee Tan,2010,03/1554-1,Zhiqi Shen 0001
4697,38/3641,Ah-Hwee Tan,2010,m/ChunyanMiao,Chunyan Miao
4698,38/3641,Ah-Hwee Tan,2010,05/2952,Liang-Tien Chia
4699,38/3641,Ah-Hwee Tan,2009,05/2952,Liang-Tien Chia
4700,38/3641,Ah-Hwee Tan,2009,95/3115,Deepu Rajan
4701,38/3641,Ah-Hwee Tan,2009,m/ChunyanMiao,Chunyan Miao
4702,38/3641,Ah-Hwee Tan,2009,03/1554-1,Zhiqi Shen 0001
4703,38/3641,Ah-Hwee Tan,2009,05/2952,Liang-Tien Chia
4704,38/3641,Ah-Hwee Tan,2009,05/2952,Liang-Tien Chia
4705,38/3641,Ah-Hwee Tan,2008,64/4136,Yew-Soon Ong
4706,38/3641,Ah-Hwee Tan,2008,m/ChunyanMiao,Chunyan Miao
4707,38/3641,Ah-Hwee Tan,2008,03/1554-1,Zhiqi Shen 0001
4708,38/3641,Ah-Hwee Tan,2008,05/2952,Liang-Tien Chia
4709,38/3641,Ah-Hwee Tan,2007,03/1554-1,Zhiqi Shen 0001
4710,38/3641,Ah-Hwee Tan,2007,m/ChunyanMiao,Chunyan Miao
4711,38/3641,Ah-Hwee Tan,2007,m/ChunyanMiao,Chunyan Miao
4712,38/3641,Ah-Hwee Tan,2007,03/1554-1,Zhiqi Shen 0001
4713,38/3641,Ah-Hwee Tan,2007,03/1554-1,Zhiqi Shen 0001
4714,38/3641,Ah-Hwee Tan,2007,m/ChunyanMiao,Chunyan Miao
4715,38/3641,Ah-Hwee Tan,2006,m/ChunyanMiao,Chunyan Miao
4716,38/3641,Ah-Hwee Tan,2006,03/1554-1,Zhiqi Shen 0001
4717,03/1554-1,Zhiqi Shen 0001,2025,76/440,Dusit Niyato
4718,03/1554-1,Zhiqi Shen 0001,2025,126/4778,Guosheng Lin
4719,03/1554-1,Zhiqi Shen 0001,2024,126/4778,Guosheng Lin
4720,03/1554-1,Zhiqi Shen 0001,2024,35/1096-1,Han Yu 0001
4721,03/1554-1,Zhiqi Shen 0001,2024,00/4516-3,Siyuan Liu 0003
4722,03/1554-1,Zhiqi Shen 0001,2024,35/1096-1,Han Yu 0001
4723,03/1554-1,Zhiqi Shen 0001,2024,35/1096-1,Han Yu 0001
4724,03/1554-1,Zhiqi Shen 0001,2024,84/6889-2,Jie Zhang 0002
4725,03/1554-1,Zhiqi Shen 0001,2024,126/4778,Guosheng Lin
4726,03/1554-1,Zhiqi Shen 0001,2024,69/8028,Nicholas Vun
4727,03/1554-1,Zhiqi Shen 0001,2024,35/1096-1,Han Yu 0001
4728,03/1554-1,Zhiqi Shen 0001,2024,76/440,Dusit Niyato
4729,03/1554-1,Zhiqi Shen 0001,2024,76/440,Dusit Niyato
4730,03/1554-1,Zhiqi Shen 0001,2024,84/6889-2,Jie Zhang 0002
4731,03/1554-1,Zhiqi Shen 0001,2024,84/6889-2,Jie Zhang 0002
4732,03/1554-1,Zhiqi Shen 0001,2023,35/1096-1,Han Yu 0001
4733,03/1554-1,Zhiqi Shen 0001,2023,35/1096-1,Han Yu 0001
4734,03/1554-1,Zhiqi Shen 0001,2023,126/4778,Guosheng Lin
4735,03/1554-1,Zhiqi Shen 0001,2023,m/ChunyanMiao,Chunyan Miao
4736,03/1554-1,Zhiqi Shen 0001,2023,35/1096-1,Han Yu 0001
4737,03/1554-1,Zhiqi Shen 0001,2022,35/1096-1,Han Yu 0001
4738,03/1554-1,Zhiqi Shen 0001,2021,00/4516-3,Siyuan Liu 0003
4739,03/1554-1,Zhiqi Shen 0001,2021,m/ChunyanMiao,Chunyan Miao
4740,03/1554-1,Zhiqi Shen 0001,2021,35/1096-1,Han Yu 0001
4741,03/1554-1,Zhiqi Shen 0001,2021,70/1211-1,Boyang Li 0001
4742,03/1554-1,Zhiqi Shen 0001,2021,m/ChunyanMiao,Chunyan Miao
4743,03/1554-1,Zhiqi Shen 0001,2021,35/1096-1,Han Yu 0001
4744,03/1554-1,Zhiqi Shen 0001,2021,m/ChunyanMiao,Chunyan Miao
4745,03/1554-1,Zhiqi Shen 0001,2021,m/ChunyanMiao,Chunyan Miao
4746,03/1554-1,Zhiqi Shen 0001,2021,35/1096-1,Han Yu 0001
4747,03/1554-1,Zhiqi Shen 0001,2021,70/1211-1,Boyang Li 0001
4748,03/1554-1,Zhiqi Shen 0001,2021,m/ChunyanMiao,Chunyan Miao
4749,03/1554-1,Zhiqi Shen 0001,2021,35/1096-1,Han Yu 0001
4750,03/1554-1,Zhiqi Shen 0001,2021,70/1211-1,Boyang Li 0001
4751,03/1554-1,Zhiqi Shen 0001,2021,m/ChunyanMiao,Chunyan Miao
4752,03/1554-1,Zhiqi Shen 0001,2020,35/1096-1,Han Yu 0001
4753,03/1554-1,Zhiqi Shen 0001,2020,m/ChunyanMiao,Chunyan Miao
4754,03/1554-1,Zhiqi Shen 0001,2020,m/ChunyanMiao,Chunyan Miao
4755,03/1554-1,Zhiqi Shen 0001,2020,35/1096-1,Han Yu 0001
4756,03/1554-1,Zhiqi Shen 0001,2020,m/ChunyanMiao,Chunyan Miao
4757,03/1554-1,Zhiqi Shen 0001,2020,m/ChunyanMiao,Chunyan Miao
4758,03/1554-1,Zhiqi Shen 0001,2020,m/ChunyanMiao,Chunyan Miao
4759,03/1554-1,Zhiqi Shen 0001,2020,35/1096-1,Han Yu 0001
4760,03/1554-1,Zhiqi Shen 0001,2019,m/ChunyanMiao,Chunyan Miao
4761,03/1554-1,Zhiqi Shen 0001,2019,35/1096-1,Han Yu 0001
4762,03/1554-1,Zhiqi Shen 0001,2019,m/ChunyanMiao,Chunyan Miao
4763,03/1554-1,Zhiqi Shen 0001,2019,35/1096-1,Han Yu 0001
4764,03/1554-1,Zhiqi Shen 0001,2019,m/ChunyanMiao,Chunyan Miao
4765,03/1554-1,Zhiqi Shen 0001,2019,m/ChunyanMiao,Chunyan Miao
4766,03/1554-1,Zhiqi Shen 0001,2019,m/ChunyanMiao,Chunyan Miao
4767,03/1554-1,Zhiqi Shen 0001,2019,35/1096-1,Han Yu 0001
4768,03/1554-1,Zhiqi Shen 0001,2019,35/1096-1,Han Yu 0001
4769,03/1554-1,Zhiqi Shen 0001,2019,35/1096-1,Han Yu 0001
4770,03/1554-1,Zhiqi Shen 0001,2019,m/ChunyanMiao,Chunyan Miao
4771,03/1554-1,Zhiqi Shen 0001,2018,35/1096-1,Han Yu 0001
4772,03/1554-1,Zhiqi Shen 0001,2018,35/1096-1,Han Yu 0001
4773,03/1554-1,Zhiqi Shen 0001,2018,m/ChunyanMiao,Chunyan Miao
4774,03/1554-1,Zhiqi Shen 0001,2018,m/ChunyanMiao,Chunyan Miao
4775,03/1554-1,Zhiqi Shen 0001,2018,00/4516-3,Siyuan Liu 0003
4776,03/1554-1,Zhiqi Shen 0001,2018,m/ChunyanMiao,Chunyan Miao
4777,03/1554-1,Zhiqi Shen 0001,2018,35/1096-1,Han Yu 0001
4778,03/1554-1,Zhiqi Shen 0001,2018,m/ChunyanMiao,Chunyan Miao
4779,03/1554-1,Zhiqi Shen 0001,2018,00/4516-3,Siyuan Liu 0003
4780,03/1554-1,Zhiqi Shen 0001,2018,35/1096-1,Han Yu 0001
4781,03/1554-1,Zhiqi Shen 0001,2018,m/ChunyanMiao,Chunyan Miao
4782,03/1554-1,Zhiqi Shen 0001,2017,35/1096-1,Han Yu 0001
4783,03/1554-1,Zhiqi Shen 0001,2017,m/ChunyanMiao,Chunyan Miao
4784,03/1554-1,Zhiqi Shen 0001,2017,m/ChunyanMiao,Chunyan Miao
4785,03/1554-1,Zhiqi Shen 0001,2017,m/ChunyanMiao,Chunyan Miao
4786,03/1554-1,Zhiqi Shen 0001,2017,00/4516-3,Siyuan Liu 0003
4787,03/1554-1,Zhiqi Shen 0001,2017,00/4516-3,Siyuan Liu 0003
4788,03/1554-1,Zhiqi Shen 0001,2017,c/ChngEngSiong,Eng Siong Chng
4789,03/1554-1,Zhiqi Shen 0001,2017,m/ChunyanMiao,Chunyan Miao
4790,03/1554-1,Zhiqi Shen 0001,2017,35/1096-1,Han Yu 0001
4791,03/1554-1,Zhiqi Shen 0001,2017,m/ChunyanMiao,Chunyan Miao
4792,03/1554-1,Zhiqi Shen 0001,2017,c/ChngEngSiong,Eng Siong Chng
4793,03/1554-1,Zhiqi Shen 0001,2017,m/ChunyanMiao,Chunyan Miao
4794,03/1554-1,Zhiqi Shen 0001,2017,35/6803,Xiuyi Fan
4795,03/1554-1,Zhiqi Shen 0001,2016,m/ChunyanMiao,Chunyan Miao
4796,03/1554-1,Zhiqi Shen 0001,2016,35/1096-1,Han Yu 0001
4797,03/1554-1,Zhiqi Shen 0001,2016,35/1096-1,Han Yu 0001
4798,03/1554-1,Zhiqi Shen 0001,2016,m/ChunyanMiao,Chunyan Miao
4799,03/1554-1,Zhiqi Shen 0001,2016,35/1096-1,Han Yu 0001
4800,03/1554-1,Zhiqi Shen 0001,2016,m/ChunyanMiao,Chunyan Miao
4801,03/1554-1,Zhiqi Shen 0001,2016,35/1096-1,Han Yu 0001
4802,03/1554-1,Zhiqi Shen 0001,2016,m/ChunyanMiao,Chunyan Miao
4803,03/1554-1,Zhiqi Shen 0001,2016,00/4516-3,Siyuan Liu 0003
4804,03/1554-1,Zhiqi Shen 0001,2016,00/4516-3,Siyuan Liu 0003
4805,03/1554-1,Zhiqi Shen 0001,2016,35/1096-1,Han Yu 0001
4806,03/1554-1,Zhiqi Shen 0001,2016,m/ChunyanMiao,Chunyan Miao
4807,03/1554-1,Zhiqi Shen 0001,2016,m/ChunyanMiao,Chunyan Miao
4808,03/1554-1,Zhiqi Shen 0001,2015,35/1096-1,Han Yu 0001
4809,03/1554-1,Zhiqi Shen 0001,2015,m/ChunyanMiao,Chunyan Miao
4810,03/1554-1,Zhiqi Shen 0001,2015,m/ChunyanMiao,Chunyan Miao
4811,03/1554-1,Zhiqi Shen 0001,2015,35/1096-1,Han Yu 0001
4812,03/1554-1,Zhiqi Shen 0001,2015,m/ChunyanMiao,Chunyan Miao
4813,03/1554-1,Zhiqi Shen 0001,2015,35/1096-1,Han Yu 0001
4814,03/1554-1,Zhiqi Shen 0001,2015,m/ChunyanMiao,Chunyan Miao
4815,03/1554-1,Zhiqi Shen 0001,2015,35/1096-1,Han Yu 0001
4816,03/1554-1,Zhiqi Shen 0001,2015,m/ChunyanMiao,Chunyan Miao
4817,03/1554-1,Zhiqi Shen 0001,2015,m/ChunyanMiao,Chunyan Miao
4818,03/1554-1,Zhiqi Shen 0001,2015,42/6178-1,Bo An 0001
4819,03/1554-1,Zhiqi Shen 0001,2015,70/1211-1,Boyang Li 0001
4820,03/1554-1,Zhiqi Shen 0001,2015,35/1096-1,Han Yu 0001
4821,03/1554-1,Zhiqi Shen 0001,2015,35/1096-1,Han Yu 0001
4822,03/1554-1,Zhiqi Shen 0001,2015,m/ChunyanMiao,Chunyan Miao
4823,03/1554-1,Zhiqi Shen 0001,2014,35/1096-1,Han Yu 0001
4824,03/1554-1,Zhiqi Shen 0001,2014,m/ChunyanMiao,Chunyan Miao
4825,03/1554-1,Zhiqi Shen 0001,2014,42/6178-1,Bo An 0001
4826,03/1554-1,Zhiqi Shen 0001,2014,m/ChunyanMiao,Chunyan Miao
4827,03/1554-1,Zhiqi Shen 0001,2014,35/1096-1,Han Yu 0001
4828,03/1554-1,Zhiqi Shen 0001,2014,m/ChunyanMiao,Chunyan Miao
4829,03/1554-1,Zhiqi Shen 0001,2014,42/6178-1,Bo An 0001
4830,03/1554-1,Zhiqi Shen 0001,2014,35/1096-1,Han Yu 0001
4831,03/1554-1,Zhiqi Shen 0001,2014,m/ChunyanMiao,Chunyan Miao
4832,03/1554-1,Zhiqi Shen 0001,2014,00/4516-3,Siyuan Liu 0003
4833,03/1554-1,Zhiqi Shen 0001,2014,35/1096-1,Han Yu 0001
4834,03/1554-1,Zhiqi Shen 0001,2014,m/ChunyanMiao,Chunyan Miao
4835,03/1554-1,Zhiqi Shen 0001,2014,00/4516-3,Siyuan Liu 0003
4836,03/1554-1,Zhiqi Shen 0001,2014,m/ChunyanMiao,Chunyan Miao
4837,03/1554-1,Zhiqi Shen 0001,2014,m/ChunyanMiao,Chunyan Miao
4838,03/1554-1,Zhiqi Shen 0001,2014,35/1096-1,Han Yu 0001
4839,03/1554-1,Zhiqi Shen 0001,2014,m/ChunyanMiao,Chunyan Miao
4840,03/1554-1,Zhiqi Shen 0001,2014,35/1096-1,Han Yu 0001
4841,03/1554-1,Zhiqi Shen 0001,2014,m/ChunyanMiao,Chunyan Miao
4842,03/1554-1,Zhiqi Shen 0001,2014,35/1096-1,Han Yu 0001
4843,03/1554-1,Zhiqi Shen 0001,2014,m/ChunyanMiao,Chunyan Miao
4844,03/1554-1,Zhiqi Shen 0001,2014,35/1096-1,Han Yu 0001
4845,03/1554-1,Zhiqi Shen 0001,2014,35/1096-1,Han Yu 0001
4846,03/1554-1,Zhiqi Shen 0001,2014,35/1096-1,Han Yu 0001
4847,03/1554-1,Zhiqi Shen 0001,2014,35/1096-1,Han Yu 0001
4848,03/1554-1,Zhiqi Shen 0001,2014,m/ChunyanMiao,Chunyan Miao
4849,03/1554-1,Zhiqi Shen 0001,2013,35/1096-1,Han Yu 0001
4850,03/1554-1,Zhiqi Shen 0001,2013,m/ChunyanMiao,Chunyan Miao
4851,03/1554-1,Zhiqi Shen 0001,2013,m/ChunyanMiao,Chunyan Miao
4852,03/1554-1,Zhiqi Shen 0001,2013,35/1096-1,Han Yu 0001
4853,03/1554-1,Zhiqi Shen 0001,2013,35/1096-1,Han Yu 0001
4854,03/1554-1,Zhiqi Shen 0001,2013,m/ChunyanMiao,Chunyan Miao
4855,03/1554-1,Zhiqi Shen 0001,2013,35/1096-1,Han Yu 0001
4856,03/1554-1,Zhiqi Shen 0001,2013,m/ChunyanMiao,Chunyan Miao
4857,03/1554-1,Zhiqi Shen 0001,2013,42/6178-1,Bo An 0001
4858,03/1554-1,Zhiqi Shen 0001,2013,m/ChunyanMiao,Chunyan Miao
4859,03/1554-1,Zhiqi Shen 0001,2013,35/1096-1,Han Yu 0001
4860,03/1554-1,Zhiqi Shen 0001,2013,m/ChunyanMiao,Chunyan Miao
4861,03/1554-1,Zhiqi Shen 0001,2013,m/ChunyanMiao,Chunyan Miao
4862,03/1554-1,Zhiqi Shen 0001,2012,m/ChunyanMiao,Chunyan Miao
4863,03/1554-1,Zhiqi Shen 0001,2012,m/ChunyanMiao,Chunyan Miao
4864,03/1554-1,Zhiqi Shen 0001,2012,35/1096-1,Han Yu 0001
4865,03/1554-1,Zhiqi Shen 0001,2012,m/ChunyanMiao,Chunyan Miao
4866,03/1554-1,Zhiqi Shen 0001,2012,42/6178-1,Bo An 0001
4867,03/1554-1,Zhiqi Shen 0001,2012,m/ChunyanMiao,Chunyan Miao
4868,03/1554-1,Zhiqi Shen 0001,2012,m/ChunyanMiao,Chunyan Miao
4869,03/1554-1,Zhiqi Shen 0001,2012,35/1096-1,Han Yu 0001
4870,03/1554-1,Zhiqi Shen 0001,2012,42/6178-1,Bo An 0001
4871,03/1554-1,Zhiqi Shen 0001,2011,m/ChunyanMiao,Chunyan Miao
4872,03/1554-1,Zhiqi Shen 0001,2011,m/ChunyanMiao,Chunyan Miao
4873,03/1554-1,Zhiqi Shen 0001,2011,35/1096-1,Han Yu 0001
4874,03/1554-1,Zhiqi Shen 0001,2011,m/ChunyanMiao,Chunyan Miao
4875,03/1554-1,Zhiqi Shen 0001,2011,m/ChunyanMiao,Chunyan Miao
4876,03/1554-1,Zhiqi Shen 0001,2011,35/1096-1,Han Yu 0001
4877,03/1554-1,Zhiqi Shen 0001,2011,m/ChunyanMiao,Chunyan Miao
4878,03/1554-1,Zhiqi Shen 0001,2011,38/3641,Ah-Hwee Tan
4879,03/1554-1,Zhiqi Shen 0001,2011,m/ChunyanMiao,Chunyan Miao
4880,03/1554-1,Zhiqi Shen 0001,2011,m/ChunyanMiao,Chunyan Miao
4881,03/1554-1,Zhiqi Shen 0001,2011,m/ChunyanMiao,Chunyan Miao
4882,03/1554-1,Zhiqi Shen 0001,2011,m/ChunyanMiao,Chunyan Miao
4883,03/1554-1,Zhiqi Shen 0001,2010,m/ChunyanMiao,Chunyan Miao
4884,03/1554-1,Zhiqi Shen 0001,2010,38/3641,Ah-Hwee Tan
4885,03/1554-1,Zhiqi Shen 0001,2010,70/1211-1,Boyang Li 0001
4886,03/1554-1,Zhiqi Shen 0001,2010,m/ChunyanMiao,Chunyan Miao
4887,03/1554-1,Zhiqi Shen 0001,2010,m/ChunyanMiao,Chunyan Miao
4888,03/1554-1,Zhiqi Shen 0001,2010,m/ChunyanMiao,Chunyan Miao
4889,03/1554-1,Zhiqi Shen 0001,2010,35/1096-1,Han Yu 0001
4890,03/1554-1,Zhiqi Shen 0001,2010,m/ChunyanMiao,Chunyan Miao
4891,03/1554-1,Zhiqi Shen 0001,2010,76/440,Dusit Niyato
4892,03/1554-1,Zhiqi Shen 0001,2010,m/ChunyanMiao,Chunyan Miao
4893,03/1554-1,Zhiqi Shen 0001,2010,m/ChunyanMiao,Chunyan Miao
4894,03/1554-1,Zhiqi Shen 0001,2010,m/ChunyanMiao,Chunyan Miao
4895,03/1554-1,Zhiqi Shen 0001,2010,m/ChunyanMiao,Chunyan Miao
4896,03/1554-1,Zhiqi Shen 0001,2010,m/ChunyanMiao,Chunyan Miao
4897,03/1554-1,Zhiqi Shen 0001,2010,61/3119,Shell-Ying Huang
4898,03/1554-1,Zhiqi Shen 0001,2010,m/ChunyanMiao,Chunyan Miao
4899,03/1554-1,Zhiqi Shen 0001,2010,m/ChunyanMiao,Chunyan Miao
4900,03/1554-1,Zhiqi Shen 0001,2010,35/1096-1,Han Yu 0001
4901,03/1554-1,Zhiqi Shen 0001,2010,m/ChunyanMiao,Chunyan Miao
4902,03/1554-1,Zhiqi Shen 0001,2010,61/3119,Shell-Ying Huang
4903,03/1554-1,Zhiqi Shen 0001,2010,m/ChunyanMiao,Chunyan Miao
4904,03/1554-1,Zhiqi Shen 0001,2010,m/ChunyanMiao,Chunyan Miao
4905,03/1554-1,Zhiqi Shen 0001,2010,38/3641,Ah-Hwee Tan
4906,03/1554-1,Zhiqi Shen 0001,2010,35/1096-1,Han Yu 0001
4907,03/1554-1,Zhiqi Shen 0001,2010,m/ChunyanMiao,Chunyan Miao
4908,03/1554-1,Zhiqi Shen 0001,2010,m/ChunyanMiao,Chunyan Miao
4909,03/1554-1,Zhiqi Shen 0001,2009,m/ChunyanMiao,Chunyan Miao
4910,03/1554-1,Zhiqi Shen 0001,2009,l/BuSungLee,Bu-Sung Lee
4911,03/1554-1,Zhiqi Shen 0001,2009,m/ChunyanMiao,Chunyan Miao
4912,03/1554-1,Zhiqi Shen 0001,2009,35/1096-1,Han Yu 0001
4913,03/1554-1,Zhiqi Shen 0001,2009,m/ChunyanMiao,Chunyan Miao
4914,03/1554-1,Zhiqi Shen 0001,2009,m/ChunyanMiao,Chunyan Miao
4915,03/1554-1,Zhiqi Shen 0001,2009,38/3641,Ah-Hwee Tan
4916,03/1554-1,Zhiqi Shen 0001,2009,70/1211-1,Boyang Li 0001
4917,03/1554-1,Zhiqi Shen 0001,2009,35/1096-1,Han Yu 0001
4918,03/1554-1,Zhiqi Shen 0001,2009,m/ChunyanMiao,Chunyan Miao
4919,03/1554-1,Zhiqi Shen 0001,2009,m/ChunyanMiao,Chunyan Miao
4920,03/1554-1,Zhiqi Shen 0001,2009,m/ChunyanMiao,Chunyan Miao
4921,03/1554-1,Zhiqi Shen 0001,2009,m/ChunyanMiao,Chunyan Miao
4922,03/1554-1,Zhiqi Shen 0001,2009,m/ChunyanMiao,Chunyan Miao
4923,03/1554-1,Zhiqi Shen 0001,2009,m/ChunyanMiao,Chunyan Miao
4924,03/1554-1,Zhiqi Shen 0001,2008,35/1096-1,Han Yu 0001
4925,03/1554-1,Zhiqi Shen 0001,2008,m/ChunyanMiao,Chunyan Miao
4926,03/1554-1,Zhiqi Shen 0001,2008,m/ChunyanMiao,Chunyan Miao
4927,03/1554-1,Zhiqi Shen 0001,2008,m/ChunyanMiao,Chunyan Miao
4928,03/1554-1,Zhiqi Shen 0001,2008,38/3641,Ah-Hwee Tan
4929,03/1554-1,Zhiqi Shen 0001,2008,m/ChunyanMiao,Chunyan Miao
4930,03/1554-1,Zhiqi Shen 0001,2008,m/ChunyanMiao,Chunyan Miao
4931,03/1554-1,Zhiqi Shen 0001,2008,35/1096-1,Han Yu 0001
4932,03/1554-1,Zhiqi Shen 0001,2008,m/ChunyanMiao,Chunyan Miao
4933,03/1554-1,Zhiqi Shen 0001,2008,m/ChunyanMiao,Chunyan Miao
4934,03/1554-1,Zhiqi Shen 0001,2007,42/6178-1,Bo An 0001
4935,03/1554-1,Zhiqi Shen 0001,2007,m/ChunyanMiao,Chunyan Miao
4936,03/1554-1,Zhiqi Shen 0001,2007,m/ChunyanMiao,Chunyan Miao
4937,03/1554-1,Zhiqi Shen 0001,2007,38/3641,Ah-Hwee Tan
4938,03/1554-1,Zhiqi Shen 0001,2007,m/ChunyanMiao,Chunyan Miao
4939,03/1554-1,Zhiqi Shen 0001,2007,38/3641,Ah-Hwee Tan
4940,03/1554-1,Zhiqi Shen 0001,2007,35/1096-1,Han Yu 0001
4941,03/1554-1,Zhiqi Shen 0001,2007,m/ChunyanMiao,Chunyan Miao
4942,03/1554-1,Zhiqi Shen 0001,2007,m/ChunyanMiao,Chunyan Miao
4943,03/1554-1,Zhiqi Shen 0001,2007,35/1096-1,Han Yu 0001
4944,03/1554-1,Zhiqi Shen 0001,2007,m/ChunyanMiao,Chunyan Miao
4945,03/1554-1,Zhiqi Shen 0001,2007,42/6178-1,Bo An 0001
4946,03/1554-1,Zhiqi Shen 0001,2007,m/ChunyanMiao,Chunyan Miao
4947,03/1554-1,Zhiqi Shen 0001,2007,m/ChunyanMiao,Chunyan Miao
4948,03/1554-1,Zhiqi Shen 0001,2007,38/3641,Ah-Hwee Tan
4949,03/1554-1,Zhiqi Shen 0001,2006,m/ChunyanMiao,Chunyan Miao
4950,03/1554-1,Zhiqi Shen 0001,2006,m/ChunyanMiao,Chunyan Miao
4951,03/1554-1,Zhiqi Shen 0001,2006,42/6178-1,Bo An 0001
4952,03/1554-1,Zhiqi Shen 0001,2006,m/ChunyanMiao,Chunyan Miao
4953,03/1554-1,Zhiqi Shen 0001,2006,38/3641,Ah-Hwee Tan
4954,03/1554-1,Zhiqi Shen 0001,2006,m/ChunyanMiao,Chunyan Miao
4955,03/1554-1,Zhiqi Shen 0001,2006,m/ChunyanMiao,Chunyan Miao
4956,03/1554-1,Zhiqi Shen 0001,2006,m/ChunyanMiao,Chunyan Miao
4957,03/1554-1,Zhiqi Shen 0001,2006,m/ChunyanMiao,Chunyan Miao
4958,03/1554-1,Zhiqi Shen 0001,2006,m/ChunyanMiao,Chunyan Miao
4959,03/1554-1,Zhiqi Shen 0001,2005,42/6178-1,Bo An 0001
4960,03/1554-1,Zhiqi Shen 0001,2005,m/ChunyanMiao,Chunyan Miao
4961,03/1554-1,Zhiqi Shen 0001,2005,m/ChunyanMiao,Chunyan Miao
4962,03/1554-1,Zhiqi Shen 0001,2005,m/ChunyanMiao,Chunyan Miao
4963,03/1554-1,Zhiqi Shen 0001,2005,m/ChunyanMiao,Chunyan Miao
4964,03/1554-1,Zhiqi Shen 0001,2005,m/ChunyanMiao,Chunyan Miao
4965,03/1554-1,Zhiqi Shen 0001,2004,m/ChunyanMiao,Chunyan Miao
4966,03/1554-1,Zhiqi Shen 0001,2004,m/ChunyanMiao,Chunyan Miao
4967,03/1554-1,Zhiqi Shen 0001,2004,m/ChunyanMiao,Chunyan Miao
4968,03/1554-1,Zhiqi Shen 0001,2004,m/ChunyanMiao,Chunyan Miao
4969,03/1554-1,Zhiqi Shen 0001,2002,m/ChunyanMiao,Chunyan Miao
4970,03/1554-1,Zhiqi Shen 0001,2000,m/ChunyanMiao,Chunyan Miao
4971,24/914,Weichen Liu,2022,64/4136,Yew-Soon Ong
4972,24/914,Weichen Liu,2020,79/8116,Hanwang Zhang
4973,a/QianhuiAltheaLiang,Qianhui Althea Liang,2014,l/BuSungLee,Bu-Sung Lee
4974,a/QianhuiAltheaLiang,Qianhui Althea Liang,2012,l/BuSungLee,Bu-Sung Lee
4975,a/QianhuiAltheaLiang,Qianhui Althea Liang,2011,l/BuSungLee,Bu-Sung Lee
4976,a/QianhuiAltheaLiang,Qianhui Althea Liang,2011,l/BuSungLee,Bu-Sung Lee
4977,a/QianhuiAltheaLiang,Qianhui Althea Liang,2011,l/BuSungLee,Bu-Sung Lee
4978,a/QianhuiAltheaLiang,Qianhui Althea Liang,2011,l/BuSungLee,Bu-Sung Lee
4979,47/2026-7,Jun Zhao 0007,2025,10/1993,Kwok-Yan Lam
4980,47/2026-7,Jun Zhao 0007,2025,10/1993,Kwok-Yan Lam
4981,47/2026-7,Jun Zhao 0007,2024,10/1993,Kwok-Yan Lam
4982,47/2026-7,Jun Zhao 0007,2024,10/1993,Kwok-Yan Lam
4983,47/2026-7,Jun Zhao 0007,2024,10/1993,Kwok-Yan Lam
4984,47/2026-7,Jun Zhao 0007,2024,35/1096-1,Han Yu 0001
4985,47/2026-7,Jun Zhao 0007,2024,10/1993,Kwok-Yan Lam
4986,47/2026-7,Jun Zhao 0007,2024,10/1993,Kwok-Yan Lam
4987,47/2026-7,Jun Zhao 0007,2024,10/1993,Kwok-Yan Lam
4988,47/2026-7,Jun Zhao 0007,2024,10/1993,Kwok-Yan Lam
4989,47/2026-7,Jun Zhao 0007,2024,10/1993,Kwok-Yan Lam
4990,47/2026-7,Jun Zhao 0007,2023,10/1993,Kwok-Yan Lam
4991,47/2026-7,Jun Zhao 0007,2023,76/440,Dusit Niyato
4992,47/2026-7,Jun Zhao 0007,2023,10/1993,Kwok-Yan Lam
4993,47/2026-7,Jun Zhao 0007,2023,10/1993,Kwok-Yan Lam
4994,47/2026-7,Jun Zhao 0007,2023,10/1993,Kwok-Yan Lam
4995,47/2026-7,Jun Zhao 0007,2023,10/1993,Kwok-Yan Lam
4996,47/2026-7,Jun Zhao 0007,2023,10/1993,Kwok-Yan Lam
4997,47/2026-7,Jun Zhao 0007,2023,10/1993,Kwok-Yan Lam
4998,47/2026-7,Jun Zhao 0007,2023,10/1993,Kwok-Yan Lam
4999,47/2026-7,Jun Zhao 0007,2023,10/1993,Kwok-Yan Lam
5000,47/2026-7,Jun Zhao 0007,2023,10/1993,Kwok-Yan Lam
5001,47/2026-7,Jun Zhao 0007,2023,10/1993,Kwok-Yan Lam
5002,47/2026-7,Jun Zhao 0007,2023,10/1993,Kwok-Yan Lam
5003,47/2026-7,Jun Zhao 0007,2023,10/1993,Kwok-Yan Lam
5004,47/2026-7,Jun Zhao 0007,2023,10/1993,Kwok-Yan Lam
5005,47/2026-7,Jun Zhao 0007,2023,10/1993,Kwok-Yan Lam
5006,47/2026-7,Jun Zhao 0007,2022,76/440,Dusit Niyato
5007,47/2026-7,Jun Zhao 0007,2022,76/440,Dusit Niyato
5008,47/2026-7,Jun Zhao 0007,2022,10/1993,Kwok-Yan Lam
5009,47/2026-7,Jun Zhao 0007,2022,10/1993,Kwok-Yan Lam
5010,47/2026-7,Jun Zhao 0007,2022,76/440,Dusit Niyato
5011,47/2026-7,Jun Zhao 0007,2022,10/1993,Kwok-Yan Lam
5012,47/2026-7,Jun Zhao 0007,2022,10/1993,Kwok-Yan Lam
5013,47/2026-7,Jun Zhao 0007,2022,10/1993,Kwok-Yan Lam
5014,47/2026-7,Jun Zhao 0007,2022,10/1993,Kwok-Yan Lam
5015,47/2026-7,Jun Zhao 0007,2022,10/1993,Kwok-Yan Lam
5016,47/2026-7,Jun Zhao 0007,2022,10/1993,Kwok-Yan Lam
5017,47/2026-7,Jun Zhao 0007,2022,10/1993,Kwok-Yan Lam
5018,47/2026-7,Jun Zhao 0007,2022,10/1993,Kwok-Yan Lam
5019,47/2026-7,Jun Zhao 0007,2022,10/1993,Kwok-Yan Lam
5020,47/2026-7,Jun Zhao 0007,2021,10/1993,Kwok-Yan Lam
5021,47/2026-7,Jun Zhao 0007,2021,76/440,Dusit Niyato
5022,47/2026-7,Jun Zhao 0007,2021,10/1993,Kwok-Yan Lam
5023,47/2026-7,Jun Zhao 0007,2021,76/440,Dusit Niyato
5024,47/2026-7,Jun Zhao 0007,2021,76/440,Dusit Niyato
5025,47/2026-7,Jun Zhao 0007,2021,10/1993,Kwok-Yan Lam
5026,47/2026-7,Jun Zhao 0007,2021,76/440,Dusit Niyato
5027,47/2026-7,Jun Zhao 0007,2021,10/1993,Kwok-Yan Lam
5028,47/2026-7,Jun Zhao 0007,2021,76/440,Dusit Niyato
5029,47/2026-7,Jun Zhao 0007,2021,10/1993,Kwok-Yan Lam
5030,47/2026-7,Jun Zhao 0007,2021,10/1993,Kwok-Yan Lam
5031,47/2026-7,Jun Zhao 0007,2021,10/1993,Kwok-Yan Lam
5032,47/2026-7,Jun Zhao 0007,2021,76/440,Dusit Niyato
5033,47/2026-7,Jun Zhao 0007,2021,76/440,Dusit Niyato
5034,47/2026-7,Jun Zhao 0007,2021,10/1993,Kwok-Yan Lam
5035,47/2026-7,Jun Zhao 0007,2021,76/440,Dusit Niyato
5036,47/2026-7,Jun Zhao 0007,2021,76/440,Dusit Niyato
5037,47/2026-7,Jun Zhao 0007,2021,76/440,Dusit Niyato
5038,47/2026-7,Jun Zhao 0007,2021,76/440,Dusit Niyato
5039,47/2026-7,Jun Zhao 0007,2021,10/1993,Kwok-Yan Lam
5040,47/2026-7,Jun Zhao 0007,2021,10/1993,Kwok-Yan Lam
5041,47/2026-7,Jun Zhao 0007,2021,10/1993,Kwok-Yan Lam
5042,47/2026-7,Jun Zhao 0007,2021,10/1993,Kwok-Yan Lam
5043,47/2026-7,Jun Zhao 0007,2021,10/1993,Kwok-Yan Lam
5044,47/2026-7,Jun Zhao 0007,2021,76/440,Dusit Niyato
5045,47/2026-7,Jun Zhao 0007,2020,76/440,Dusit Niyato
5046,47/2026-7,Jun Zhao 0007,2020,76/440,Dusit Niyato
5047,47/2026-7,Jun Zhao 0007,2020,76/440,Dusit Niyato
5048,47/2026-7,Jun Zhao 0007,2020,76/440,Dusit Niyato
5049,47/2026-7,Jun Zhao 0007,2020,76/440,Dusit Niyato
5050,47/2026-7,Jun Zhao 0007,2020,76/440,Dusit Niyato
5051,47/2026-7,Jun Zhao 0007,2020,76/440,Dusit Niyato
5052,47/2026-7,Jun Zhao 0007,2020,76/440,Dusit Niyato
5053,47/2026-7,Jun Zhao 0007,2020,10/1993,Kwok-Yan Lam
5054,47/2026-7,Jun Zhao 0007,2020,76/440,Dusit Niyato
5055,47/2026-7,Jun Zhao 0007,2020,76/440,Dusit Niyato
5056,47/2026-7,Jun Zhao 0007,2020,10/1993,Kwok-Yan Lam
5057,47/2026-7,Jun Zhao 0007,2020,76/440,Dusit Niyato
5058,47/2026-7,Jun Zhao 0007,2020,76/440,Dusit Niyato
5059,47/2026-7,Jun Zhao 0007,2020,76/440,Dusit Niyato
5060,47/2026-7,Jun Zhao 0007,2020,76/440,Dusit Niyato
5061,47/2026-7,Jun Zhao 0007,2020,76/440,Dusit Niyato
5062,47/2026-7,Jun Zhao 0007,2020,10/1993,Kwok-Yan Lam
5063,47/2026-7,Jun Zhao 0007,2020,76/440,Dusit Niyato
5064,47/2026-7,Jun Zhao 0007,2020,76/440,Dusit Niyato
5065,47/2026-7,Jun Zhao 0007,2020,10/1993,Kwok-Yan Lam
5066,47/2026-7,Jun Zhao 0007,2020,10/1993,Kwok-Yan Lam
5067,47/2026-7,Jun Zhao 0007,2020,10/1993,Kwok-Yan Lam
5068,47/2026-7,Jun Zhao 0007,2020,76/440,Dusit Niyato
5069,47/2026-7,Jun Zhao 0007,2020,10/1993,Kwok-Yan Lam
5070,47/2026-7,Jun Zhao 0007,2020,35/1096-1,Han Yu 0001
5071,47/2026-7,Jun Zhao 0007,2020,76/440,Dusit Niyato
5072,47/2026-7,Jun Zhao 0007,2020,10/1993,Kwok-Yan Lam
5073,47/2026-7,Jun Zhao 0007,2020,10/1993,Kwok-Yan Lam
5074,47/2026-7,Jun Zhao 0007,2019,76/440,Dusit Niyato
5075,47/2026-7,Jun Zhao 0007,2019,35/1096-1,Han Yu 0001
5076,47/2026-7,Jun Zhao 0007,2019,76/440,Dusit Niyato
5077,47/2026-7,Jun Zhao 0007,2019,65/3225,Siu Cheung Hui
5078,47/2026-7,Jun Zhao 0007,2019,87/4982-1,Mo Li 0001
5079,47/2026-7,Jun Zhao 0007,2019,10/1993,Kwok-Yan Lam
5080,47/2026-7,Jun Zhao 0007,2019,b/SSBhowmick,Sourav S. Bhowmick
5081,47/2026-7,Jun Zhao 0007,2019,76/440,Dusit Niyato
5082,47/2026-7,Jun Zhao 0007,2019,b/SSBhowmick,Sourav S. Bhowmick
5083,47/2026-7,Jun Zhao 0007,2019,35/1096-1,Han Yu 0001
5084,47/2026-7,Jun Zhao 0007,2019,76/440,Dusit Niyato
5085,47/2026-7,Jun Zhao 0007,2019,65/3225,Siu Cheung Hui
5086,47/2026-7,Jun Zhao 0007,2019,76/440,Dusit Niyato
5087,47/2026-7,Jun Zhao 0007,2019,10/1993,Kwok-Yan Lam
5088,47/2026-7,Jun Zhao 0007,2019,76/440,Dusit Niyato
5089,47/2026-7,Jun Zhao 0007,2019,76/440,Dusit Niyato
5090,47/2026-7,Jun Zhao 0007,2019,76/440,Dusit Niyato
5091,47/2026-7,Jun Zhao 0007,2019,10/1993,Kwok-Yan Lam
5092,47/2026-7,Jun Zhao 0007,2019,10/1993,Kwok-Yan Lam
5093,47/2026-7,Jun Zhao 0007,2019,35/1096-1,Han Yu 0001
5094,47/2026-7,Jun Zhao 0007,2019,76/440,Dusit Niyato
5095,47/2026-7,Jun Zhao 0007,2018,76/440,Dusit Niyato
5096,01/5855,Chen Change Loy,2024,211/7940,Xingang Pan
5097,01/5855,Chen Change Loy,2024,211/7940,Xingang Pan
5098,01/5855,Chen Change Loy,2024,211/7940,Xingang Pan
5099,01/5855,Chen Change Loy,2024,126/4778,Guosheng Lin
5100,01/5855,Chen Change Loy,2024,58/10813-1,Cheng Long 0001
5101,01/5855,Chen Change Loy,2024,211/7940,Xingang Pan
5102,01/5855,Chen Change Loy,2024,211/7940,Xingang Pan
5103,01/5855,Chen Change Loy,2024,126/4778,Guosheng Lin
5104,01/5855,Chen Change Loy,2024,58/10813-1,Cheng Long 0001
5105,01/5855,Chen Change Loy,2024,211/7940,Xingang Pan
5106,01/5855,Chen Change Loy,2024,211/7940,Xingang Pan
5107,01/5855,Chen Change Loy,2023,52/910,Chai Kiat Yeo
5108,01/5855,Chen Change Loy,2023,64/4136,Yew-Soon Ong
5109,01/5855,Chen Change Loy,2023,52/910,Chai Kiat Yeo
5110,01/5855,Chen Change Loy,2023,64/4136,Yew Soon Ong
5111,01/5855,Chen Change Loy,2022,64/4136,Yew-Soon Ong
5112,01/5855,Chen Change Loy,2022,211/7940,Xingang Pan
5113,01/5855,Chen Change Loy,2022,52/910,Chai Kiat Yeo
5114,01/5855,Chen Change Loy,2022,64/4136,Yew Soon Ong
5115,01/5855,Chen Change Loy,2022,52/910,Chai Kiat Yeo
5116,01/5855,Chen Change Loy,2021,52/910,Chai Kiat Yeo
5117,01/5855,Chen Change Loy,2021,211/7940,Xingang Pan
5118,01/5855,Chen Change Loy,2021,211/7940,Xingang Pan
5119,01/5855,Chen Change Loy,2021,83/6096,Jianfei Cai 0001
5120,01/5855,Chen Change Loy,2021,211/7940,Xingang Pan
5121,01/5855,Chen Change Loy,2021,64/4136,Yew Soon Ong
5122,01/5855,Chen Change Loy,2021,52/910,Chai Kiat Yeo
5123,01/5855,Chen Change Loy,2021,64/4136,Yew-Soon Ong
5124,01/5855,Chen Change Loy,2021,211/7940,Xingang Pan
5125,01/5855,Chen Change Loy,2021,211/7940,Xingang Pan
5126,01/5855,Chen Change Loy,2020,211/7940,Xingang Pan
5127,01/5855,Chen Change Loy,2020,64/4136,Yew-Soon Ong
5128,01/5855,Chen Change Loy,2020,52/910,Chai Kiat Yeo
5129,01/5855,Chen Change Loy,2020,211/7940,Xingang Pan
5130,01/5855,Chen Change Loy,2020,211/7940,Xingang Pan
5131,01/5855,Chen Change Loy,2020,211/7940,Xingang Pan
5132,01/5855,Chen Change Loy,2020,64/4136,Yew-Soon Ong
5133,01/5855,Chen Change Loy,2020,52/910,Chai Kiat Yeo
5134,01/5855,Chen Change Loy,2020,64/4136,Yew-Soon Ong
5135,01/5855,Chen Change Loy,2020,211/7940,Xingang Pan
5136,01/5855,Chen Change Loy,2019,211/7940,Xingang Pan
5137,01/5855,Chen Change Loy,2019,211/7940,Xingang Pan
5138,01/5855,Chen Change Loy,2017,46/3391,Dacheng Tao
5139,97/6922,Wooi-Boon Goh,2019,95/7006,Cuntai Guan
5140,97/6922,Wooi-Boon Goh,2019,242/0323,Kheng Leong Tan
5141,97/6922,Wooi-Boon Goh,2018,95/7006,Cuntai Guan
5142,97/6922,Wooi-Boon Goh,2018,95/7006,Cuntai Guan
5143,97/6922,Wooi-Boon Goh,2017,q/HiokChaiQuek,Hiok Chai Quek
5144,97/6922,Wooi-Boon Goh,2017,95/7006,Cuntai Guan
5145,97/6922,Wooi-Boon Goh,2008,c/ChngEngSiong,Chng Eng Siong
5146,97/6922,Wooi-Boon Goh,2007,63/6663,Douglas L. Maskell
5147,97/6922,Wooi-Boon Goh,2007,23/1694,Thambipillai Srikanthan
5148,97/6922,Wooi-Boon Goh,2007,69/8028,Nicholas Vun
5149,97/6922,Wooi-Boon Goh,2007,69/8028,Nicholas Vun
5150,92/748-7,Wei Dong 0007,2024,33/3180,Gao Cong
5151,65/3225,Siu Cheung Hui,2023,81/8329,Anh Tuan Luu
5152,65/3225,Siu Cheung Hui,2021,163/6518,Alvin Chan
5153,65/3225,Siu Cheung Hui,2021,81/8329,Anh Tuan Luu
5154,65/3225,Siu Cheung Hui,2021,163/6518,Alvin Chan
5155,65/3225,Siu Cheung Hui,2021,81/8329,Anh Tuan Luu
5156,65/3225,Siu Cheung Hui,2019,81/8329,Anh Tuan Luu
5157,65/3225,Siu Cheung Hui,2019,81/8329,Anh Tuan Luu
5158,65/3225,Siu Cheung Hui,2019,81/8329,Anh Tuan Luu
5159,65/3225,Siu Cheung Hui,2019,47/2026-7,Jun Zhao 0007
5160,65/3225,Siu Cheung Hui,2019,81/8329,Anh Tuan Luu
5161,65/3225,Siu Cheung Hui,2019,81/8329,Luu Anh Tuan
5162,65/3225,Siu Cheung Hui,2019,81/8329,Luu Anh Tuan
5163,65/3225,Siu Cheung Hui,2019,47/2026-7,Jun Zhao 0007
5164,65/3225,Siu Cheung Hui,2018,81/8329,Luu Anh Tuan
5165,65/3225,Siu Cheung Hui,2018,81/8329,Luu Anh Tuan
5166,65/3225,Siu Cheung Hui,2018,81/8329,Luu Anh Tuan
5167,65/3225,Siu Cheung Hui,2018,81/8329,Luu Anh Tuan
5168,65/3225,Siu Cheung Hui,2018,81/8329,Luu Anh Tuan
5169,65/3225,Siu Cheung Hui,2018,81/8329,Anh Tuan Luu
5170,65/3225,Siu Cheung Hui,2018,81/8329,Anh Tuan Luu
5171,65/3225,Siu Cheung Hui,2018,81/8329,Anh Tuan Luu
5172,65/3225,Siu Cheung Hui,2018,81/8329,Anh Tuan Luu
5173,65/3225,Siu Cheung Hui,2018,81/8329,Anh Tuan Luu
5174,65/3225,Siu Cheung Hui,2018,81/8329,Luu Anh Tuan
5175,65/3225,Siu Cheung Hui,2018,81/8329,Anh Tuan Luu
5176,65/3225,Siu Cheung Hui,2018,81/8329,Luu Anh Tuan
5177,65/3225,Siu Cheung Hui,2018,81/8329,Anh Tuan Luu
5178,65/3225,Siu Cheung Hui,2018,81/8329,Anh Tuan Luu
5179,65/3225,Siu Cheung Hui,2018,81/8329,Anh Tuan Luu
5180,65/3225,Siu Cheung Hui,2018,81/8329,Luu Anh Tuan
5181,65/3225,Siu Cheung Hui,2018,81/8329,Luu Anh Tuan
5182,65/3225,Siu Cheung Hui,2018,81/8329,Luu Anh Tuan
5183,65/3225,Siu Cheung Hui,2018,81/8329,Luu Anh Tuan
5184,65/3225,Siu Cheung Hui,2018,81/8329,Luu Anh Tuan
5185,65/3225,Siu Cheung Hui,2018,81/8329,Luu Anh Tuan
5186,65/3225,Siu Cheung Hui,2018,81/8329,Anh Tuan Luu
5187,65/3225,Siu Cheung Hui,2018,81/8329,Luu Anh Tuan
5188,65/3225,Siu Cheung Hui,2018,81/8329,Luu Anh Tuan
5189,65/3225,Siu Cheung Hui,2018,81/8329,Luu Anh Tuan
5190,65/3225,Siu Cheung Hui,2018,81/8329,Luu Anh Tuan
5191,65/3225,Siu Cheung Hui,2017,81/8329,Anh Tuan Luu
5192,65/3225,Siu Cheung Hui,2017,81/8329,Luu Anh Tuan
5193,65/3225,Siu Cheung Hui,2017,81/8329,Luu Anh Tuan
5194,65/3225,Siu Cheung Hui,2017,81/8329,Anh Tuan Luu
5195,65/3225,Siu Cheung Hui,2017,81/8329,Anh Tuan Luu
5196,65/3225,Siu Cheung Hui,2017,81/8329,Anh Tuan Luu
5197,65/3225,Siu Cheung Hui,2017,81/8329,Anh Tuan Luu
5198,65/3225,Siu Cheung Hui,2017,81/8329,Anh Tuan Luu
5199,65/3225,Siu Cheung Hui,2017,81/8329,Anh Tuan Luu
5200,65/3225,Siu Cheung Hui,2017,81/8329,Anh Tuan Luu
5201,65/3225,Siu Cheung Hui,2017,81/8329,Luu Anh Tuan
5202,65/3225,Siu Cheung Hui,2017,81/8329,Luu Anh Tuan
5203,65/3225,Siu Cheung Hui,2017,81/8329,Anh Tuan Luu
5204,65/3225,Siu Cheung Hui,2016,81/8329,Anh Tuan Luu
5205,65/3225,Siu Cheung Hui,2016,81/8329,Anh Tuan Luu
5206,65/3225,Siu Cheung Hui,2012,33/3180,Gao Cong
5207,65/3225,Siu Cheung Hui,2001,52/910,Chai Kiat Yeo
5208,65/3225,Siu Cheung Hui,2001,l/BuSungLee,Bu-Sung Lee
5209,65/3225,Siu Cheung Hui,2001,30/6609,Chiew Tong Lau
5210,65/3225,Siu Cheung Hui,2001,30/6609,Chiew Tong Lau
5211,65/3225,Siu Cheung Hui,2001,52/910,Chai Kiat Yeo
5212,65/3225,Siu Cheung Hui,2001,30/6609,Chiew Tong Lau
5213,65/3225,Siu Cheung Hui,2000,52/910,Chai Kiat Yeo
5214,65/3225,Siu Cheung Hui,1999,52/910,Chai Kiat Yeo
5215,65/3225,Siu Cheung Hui,1999,52/910,Chai Kiat Yeo
5216,65/3225,Siu Cheung Hui,1999,52/910,Chai Kiat Yeo
5217,65/3225,Siu Cheung Hui,1999,52/910,Chai Kiat Yeo
5218,65/3225,Siu Cheung Hui,1998,52/910,Chai Kiat Yeo
5219,65/3225,Siu Cheung Hui,1997,52/910,Chai Kiat Yeo
5220,32/228,Chee Keong Kwoh 0001,2023,95/7006,Cuntai Guan
5221,32/228,Chee Keong Kwoh 0001,2023,95/7006,Cuntai Guan
5222,32/228,Chee Keong Kwoh 0001,2022,95/7006,Cuntai Guan
5223,32/228,Chee Keong Kwoh 0001,2021,95/7006,Cuntai Guan
5224,32/228,Chee Keong Kwoh 0001,2021,95/7006,Cuntai Guan
5225,32/228,Chee Keong Kwoh 0001,2021,95/7006,Cuntai Guan
5226,32/228,Chee Keong Kwoh 0001,2016,14/3737,Weisi Lin
5227,32/228,Chee Keong Kwoh 0001,2016,14/3737,Weisi Lin
5228,32/228,Chee Keong Kwoh 0001,2016,14/3737,Weisi Lin
5229,32/228,Chee Keong Kwoh 0001,2016,14/3737,Weisi Lin
5230,32/228,Chee Keong Kwoh 0001,2015,14/3737,Weisi Lin
5231,32/228,Chee Keong Kwoh 0001,2014,95/7006,Cuntai Guan
5232,32/228,Chee Keong Kwoh 0001,2013,h/YingHe1,Ying He 0001
5233,32/228,Chee Keong Kwoh 0001,2013,64/4136,Yew-Soon Ong
5234,32/228,Chee Keong Kwoh 0001,2012,64/4136,Yew-Soon Ong
5235,32/228,Chee Keong Kwoh 0001,2012,64/4136,Yew-Soon Ong
5236,32/228,Chee Keong Kwoh 0001,2012,64/4136,Yew-Soon Ong
5237,32/228,Chee Keong Kwoh 0001,2011,64/4136,Yew-Soon Ong
5238,32/228,Chee Keong Kwoh 0001,2010,64/4136,Yew-Soon Ong
5239,32/228,Chee Keong Kwoh 0001,2010,64/4136,Yew-Soon Ong
5240,32/228,Chee Keong Kwoh 0001,2009,64/4136,Yew-Soon Ong
5241,32/228,Chee Keong Kwoh 0001,2008,64/4136,Yew-Soon Ong
5242,32/228,Chee Keong Kwoh 0001,2008,64/4136,Yew-Soon Ong
5243,32/228,Chee Keong Kwoh 0001,2006,64/4136,Yew-Soon Ong
5244,23/1694,Thambipillai Srikanthan,2024,74/1907,Siew-Kei Lam
5245,23/1694,Thambipillai Srikanthan,2024,74/1907,Siew-Kei Lam
5246,23/1694,Thambipillai Srikanthan,2024,74/1907,Siew-Kei Lam
5247,23/1694,Thambipillai Srikanthan,2024,74/1907,Siew-Kei Lam
5248,23/1694,Thambipillai Srikanthan,2024,74/1907,Siew Kei Lam
5249,23/1694,Thambipillai Srikanthan,2024,74/1907,Siew-Kei Lam
5250,23/1694,Thambipillai Srikanthan,2023,74/1907,Siew-Kei Lam
5251,23/1694,Thambipillai Srikanthan,2023,74/1907,Siew-Kei Lam
5252,23/1694,Thambipillai Srikanthan,2020,74/1907,Siew-Kei Lam
5253,23/1694,Thambipillai Srikanthan,2020,74/1907,Siew-Kei Lam
5254,23/1694,Thambipillai Srikanthan,2020,74/1907,Siew Kei Lam
5255,23/1694,Thambipillai Srikanthan,2019,74/1907,Siew-Kei Lam
5256,23/1694,Thambipillai Srikanthan,2018,74/1907,Siew-Kei Lam
5257,23/1694,Thambipillai Srikanthan,2018,74/1907,Siew-Kei Lam
5258,23/1694,Thambipillai Srikanthan,2018,74/1907,Siew-Kei Lam
5259,23/1694,Thambipillai Srikanthan,2018,74/1907,Siew Kei Lam
5260,23/1694,Thambipillai Srikanthan,2018,74/1907,Siew-Kei Lam
5261,23/1694,Thambipillai Srikanthan,2017,74/1907,Siew-Kei Lam
5262,23/1694,Thambipillai Srikanthan,2016,74/1907,Siew Kei Lam
5263,23/1694,Thambipillai Srikanthan,2016,74/1907,Siew Kei Lam
5264,23/1694,Thambipillai Srikanthan,2016,74/1907,Siew Kei Lam
5265,23/1694,Thambipillai Srikanthan,2016,99/4535,Anupam Chattopadhyay
5266,23/1694,Thambipillai Srikanthan,2016,99/4535,Anupam Chattopadhyay
5267,23/1694,Thambipillai Srikanthan,2016,74/1907,Siew Kei Lam
5268,23/1694,Thambipillai Srikanthan,2016,74/1907,Siew Kei Lam
5269,23/1694,Thambipillai Srikanthan,2015,74/1907,Siew Kei Lam
5270,23/1694,Thambipillai Srikanthan,2015,74/1907,Siew Kei Lam
5271,23/1694,Thambipillai Srikanthan,2015,74/1907,Siew Kei Lam
5272,23/1694,Thambipillai Srikanthan,2015,74/1907,Siew Kei Lam
5273,23/1694,Thambipillai Srikanthan,2015,74/1907,Siew Kei Lam
5274,23/1694,Thambipillai Srikanthan,2015,74/1907,Siew Kei Lam
5275,23/1694,Thambipillai Srikanthan,2014,74/1907,Siew Kei Lam
5276,23/1694,Thambipillai Srikanthan,2014,74/1907,Siew Kei Lam
5277,23/1694,Thambipillai Srikanthan,2014,74/1907,Siew Kei Lam
5278,23/1694,Thambipillai Srikanthan,2014,74/1907,Siew Kei Lam
5279,23/1694,Thambipillai Srikanthan,2014,74/1907,Siew Kei Lam
5280,23/1694,Thambipillai Srikanthan,2014,74/1907,Siew Kei Lam
5281,23/1694,Thambipillai Srikanthan,2014,74/1907,Siew Kei Lam
5282,23/1694,Thambipillai Srikanthan,2014,74/1907,Siew Kei Lam
5283,23/1694,Thambipillai Srikanthan,2014,74/1907,Siew Kei Lam
5284,23/1694,Thambipillai Srikanthan,2013,74/1907,Siew Kei Lam
5285,23/1694,Thambipillai Srikanthan,2013,74/1907,Siew Kei Lam
5286,23/1694,Thambipillai Srikanthan,2013,14/3737,Weisi Lin
5287,23/1694,Thambipillai Srikanthan,2013,74/1907,Siew Kei Lam
5288,23/1694,Thambipillai Srikanthan,2013,74/1907,Siew Kei Lam
5289,23/1694,Thambipillai Srikanthan,2013,74/1907,Siew Kei Lam
5290,23/1694,Thambipillai Srikanthan,2013,74/1907,Siew Kei Lam
5291,23/1694,Thambipillai Srikanthan,2013,74/1907,Siew Kei Lam
5292,23/1694,Thambipillai Srikanthan,2012,74/1907,Siew Kei Lam
5293,23/1694,Thambipillai Srikanthan,2012,74/1907,Siew Kei Lam
5294,23/1694,Thambipillai Srikanthan,2012,74/1907,Siew Kei Lam
5295,23/1694,Thambipillai Srikanthan,2012,74/1907,Siew Kei Lam
5296,23/1694,Thambipillai Srikanthan,2012,74/1907,Siew Kei Lam
5297,23/1694,Thambipillai Srikanthan,2012,74/1907,Siew Kei Lam
5298,23/1694,Thambipillai Srikanthan,2011,74/1907,Siew Kei Lam
5299,23/1694,Thambipillai Srikanthan,2011,74/1907,Siew Kei Lam
5300,23/1694,Thambipillai Srikanthan,2011,74/1907,Siew Kei Lam
5301,23/1694,Thambipillai Srikanthan,2011,74/1907,Siew Kei Lam
5302,23/1694,Thambipillai Srikanthan,2011,74/1907,Siew Kei Lam
5303,23/1694,Thambipillai Srikanthan,2011,74/1907,Siew Kei Lam
5304,23/1694,Thambipillai Srikanthan,2010,74/1907,Siew Kei Lam
5305,23/1694,Thambipillai Srikanthan,2010,74/1907,Siew Kei Lam
5306,23/1694,Thambipillai Srikanthan,2010,74/1907,Siew Kei Lam
5307,23/1694,Thambipillai Srikanthan,2010,74/1907,Siew Kei Lam
5308,23/1694,Thambipillai Srikanthan,2010,74/1907,Siew Kei Lam
5309,23/1694,Thambipillai Srikanthan,2010,74/1907,Siew Kei Lam
5310,23/1694,Thambipillai Srikanthan,2009,74/1907,Siew Kei Lam
5311,23/1694,Thambipillai Srikanthan,2009,74/1907,Siew Kei Lam
5312,23/1694,Thambipillai Srikanthan,2009,74/1907,Siew Kei Lam
5313,23/1694,Thambipillai Srikanthan,2009,74/1907,Siew Kei Lam
5314,23/1694,Thambipillai Srikanthan,2009,74/1907,Siew Kei Lam
5315,23/1694,Thambipillai Srikanthan,2009,74/1907,Siew Kei Lam
5316,23/1694,Thambipillai Srikanthan,2008,74/1907,Siew Kei Lam
5317,23/1694,Thambipillai Srikanthan,2007,74/1907,Siew Kei Lam
5318,23/1694,Thambipillai Srikanthan,2007,74/1907,Siew Kei Lam
5319,23/1694,Thambipillai Srikanthan,2007,63/6663,Douglas L. Maskell
5320,23/1694,Thambipillai Srikanthan,2007,97/6922,Wooi-Boon Goh
5321,23/1694,Thambipillai Srikanthan,2006,74/1907,Siew Kei Lam
5322,23/1694,Thambipillai Srikanthan,2006,74/1907,Siew Kei Lam
5323,23/1694,Thambipillai Srikanthan,2006,63/6663,Douglas L. Maskell
5324,23/1694,Thambipillai Srikanthan,2006,74/1907,Siew Kei Lam
5325,23/1694,Thambipillai Srikanthan,2006,74/1907,Siew Kei Lam
5326,23/1694,Thambipillai Srikanthan,2006,74/1907,Siew Kei Lam
5327,23/1694,Thambipillai Srikanthan,2005,74/1907,Siew Kei Lam
5328,23/1694,Thambipillai Srikanthan,2005,74/1907,Siew Kei Lam
5329,23/1694,Thambipillai Srikanthan,2004,74/1907,Siew Kei Lam
5330,23/1694,Thambipillai Srikanthan,2004,74/1907,Siew Kei Lam
5331,23/1694,Thambipillai Srikanthan,2004,74/1907,Siew Kei Lam
5332,23/1694,Thambipillai Srikanthan,2003,74/1907,Siew Kei Lam
5333,23/1694,Thambipillai Srikanthan,2003,74/1907,Siew Kei Lam
5334,23/1694,Thambipillai Srikanthan,2003,74/1907,Siew Kei Lam
5335,23/1694,Thambipillai Srikanthan,2002,74/1907,Siew Kei Lam
5336,23/1694,Thambipillai Srikanthan,2002,74/1907,Siew Kei Lam
5337,23/1694,Thambipillai Srikanthan,2002,74/1907,Siew Kei Lam
5338,23/1694,Thambipillai Srikanthan,2002,74/1907,Siew Kei Lam
5339,23/1694,Thambipillai Srikanthan,2002,74/1907,Siew Kei Lam
5340,23/1694,Thambipillai Srikanthan,2002,74/1907,Siew Kei Lam
5341,23/1694,Thambipillai Srikanthan,2001,74/1907,Siew Kei Lam
5342,23/1694,Thambipillai Srikanthan,2000,74/1907,Siew Kei Lam
5343,23/1694,Thambipillai Srikanthan,1995,s/SeahHockSoon,Hock Soon Seah
5344,14/3737,Weisi Lin,2025,55/4730-1,Shangwei Lin 0001
5345,14/3737,Weisi Lin,2024,09/5452,Jianmin Zheng
5346,14/3737,Weisi Lin,2024,126/4778,Guosheng Lin
5347,14/3737,Weisi Lin,2024,126/4778,Guosheng Lin
5348,14/3737,Weisi Lin,2024,126/4778,Guosheng Lin
5349,14/3737,Weisi Lin,2024,126/4778,Guosheng Lin
5350,14/3737,Weisi Lin,2022,55/4730-1,Shang-Wei Lin 0001
5351,14/3737,Weisi Lin,2022,51/3710-3,Yang Liu 0003
5352,14/3737,Weisi Lin,2022,126/4778,Guosheng Lin
5353,14/3737,Weisi Lin,2022,126/4778,Guosheng Lin
5354,14/3737,Weisi Lin,2022,126/4778,Guosheng Lin
5355,14/3737,Weisi Lin,2021,126/4778,Guosheng Lin
5356,14/3737,Weisi Lin,2021,126/4778,Guosheng Lin
5357,14/3737,Weisi Lin,2020,126/4778,Guosheng Lin
5358,14/3737,Weisi Lin,2020,55/4730-1,Shang-Wei Lin 0001
5359,14/3737,Weisi Lin,2020,55/4730-1,Shang-Wei Lin 0001
5360,14/3737,Weisi Lin,2020,51/3710-3,Yang Liu 0003
5361,14/3737,Weisi Lin,2020,55/4730-1,Shang-Wei Lin 0001
5362,14/3737,Weisi Lin,2020,51/3710-3,Yang Liu 0003
5363,14/3737,Weisi Lin,2019,126/4778,Guosheng Lin
5364,14/3737,Weisi Lin,2019,126/4778,Guosheng Lin
5365,14/3737,Weisi Lin,2019,126/4778,Guosheng Lin
5366,14/3737,Weisi Lin,2019,46/3391,Dacheng Tao
5367,14/3737,Weisi Lin,2018,46/3391,Dacheng Tao
5368,14/3737,Weisi Lin,2018,126/4778,Guosheng Lin
5369,14/3737,Weisi Lin,2018,126/4778,Guosheng Lin
5370,14/3737,Weisi Lin,2017,n/WeeKeongNg,Wee Keong Ng
5371,14/3737,Weisi Lin,2016,32/228,Chee Keong Kwoh 0001
5372,14/3737,Weisi Lin,2016,32/228,Chee Keong Kwoh 0001
5373,14/3737,Weisi Lin,2016,32/228,Chee Keong Kwoh 0001
5374,14/3737,Weisi Lin,2016,33/885,Yonggang Wen 0001
5375,14/3737,Weisi Lin,2016,32/228,Chee Keong Kwoh 0001
5376,14/3737,Weisi Lin,2016,n/WeeKeongNg,Wee Keong Ng
5377,14/3737,Weisi Lin,2015,32/228,Chee Keong Kwoh 0001
5378,14/3737,Weisi Lin,2015,83/6096,Jianfei Cai 0001
5379,14/3737,Weisi Lin,2015,s/SeahHockSoon,Hock Soon Seah
5380,14/3737,Weisi Lin,2015,s/SeahHockSoon,Hock Soon Seah
5381,14/3737,Weisi Lin,2015,83/6096,Jianfei Cai 0001
5382,14/3737,Weisi Lin,2014,s/SeahHockSoon,Hock Soon Seah
5383,14/3737,Weisi Lin,2014,30/6609,Chiew Tong Lau
5384,14/3737,Weisi Lin,2014,l/BuSungLee,Bu-Sung Lee
5385,14/3737,Weisi Lin,2014,s/SeahHockSoon,Hock Soon Seah
5386,14/3737,Weisi Lin,2013,30/6609,Chiew Tong Lau
5387,14/3737,Weisi Lin,2013,l/BuSungLee,Bu-Sung Lee
5388,14/3737,Weisi Lin,2013,30/6609,Chiew Tong Lau
5389,14/3737,Weisi Lin,2013,l/BuSungLee,Bu-Sung Lee
5390,14/3737,Weisi Lin,2013,23/1694,Thambipillai Srikanthan
5391,14/3737,Weisi Lin,2013,s/SeahHockSoon,Hock Soon Seah
5392,14/3737,Weisi Lin,2013,s/SeahHockSoon,Hock Soon Seah
5393,14/3737,Weisi Lin,2012,s/SeahHockSoon,Hock Soon Seah
5394,14/3737,Weisi Lin,2012,05/2952,Liang-Tien Chia
5395,14/3737,Weisi Lin,2012,l/BuSungLee,Bu-Sung Lee
5396,14/3737,Weisi Lin,2012,30/6609,Chiew Tong Lau
5397,14/3737,Weisi Lin,2012,05/2952,Liang-Tien Chia
5398,14/3737,Weisi Lin,2012,l/BuSungLee,Bu-Sung Lee
5399,14/3737,Weisi Lin,2012,30/6609,Chiew Tong Lau
5400,14/3737,Weisi Lin,2012,l/BuSungLee,Bu-Sung Lee
5401,14/3737,Weisi Lin,2012,30/6609,Chiew Tong Lau
5402,14/3737,Weisi Lin,2012,l/BuSungLee,Bu-Sung Lee
5403,14/3737,Weisi Lin,2012,30/6609,Chiew Tong Lau
5404,14/3737,Weisi Lin,2012,l/BuSungLee,Bu-Sung Lee
5405,14/3737,Weisi Lin,2012,30/6609,Chiew Tong Lau
5406,14/3737,Weisi Lin,2012,83/6096,Jianfei Cai 0001
5407,14/3737,Weisi Lin,2012,46/3391,Dacheng Tao
5408,14/3737,Weisi Lin,2012,83/6096,Jianfei Cai 0001
5409,14/3737,Weisi Lin,2012,42/2501-1,Jun Luo 0001
5410,14/3737,Weisi Lin,2011,l/BuSungLee,Bu-Sung Lee
5411,14/3737,Weisi Lin,2011,30/6609,Chiew Tong Lau
5412,14/3737,Weisi Lin,2011,30/6609,Chiew Tong Lau
5413,14/3737,Weisi Lin,2011,l/BuSungLee,Bu-Sung Lee
5414,14/3737,Weisi Lin,2011,30/6609,Chiew Tong Lau
5415,14/3737,Weisi Lin,2011,l/BuSungLee,Bu-Sung Lee
5416,14/3737,Weisi Lin,2011,30/6609,Chiew Tong Lau
5417,14/3737,Weisi Lin,2011,l/BuSungLee,Bu-Sung Lee
5418,14/3737,Weisi Lin,2011,83/6096,Jianfei Cai 0001
5419,14/3737,Weisi Lin,2011,30/6609,Chiew Tong Lau
5420,14/3737,Weisi Lin,2011,l/BuSungLee,Bu-Sung Lee
5421,14/3737,Weisi Lin,2011,83/6096,Jianfei Cai 0001
5422,14/3737,Weisi Lin,2011,09/5452,Jianmin Zheng
5423,14/3737,Weisi Lin,2011,s/SeahHockSoon,Hock Soon Seah
5424,14/3737,Weisi Lin,2011,l/BuSungLee,Bu-Sung Lee
5425,14/3737,Weisi Lin,2011,30/6609,Chiew Tong Lau
5426,14/3737,Weisi Lin,2011,l/BuSungLee,Bu-Sung Lee
5427,14/3737,Weisi Lin,2011,30/6609,Chiew Tong Lau
5428,14/3737,Weisi Lin,2011,42/2501-1,Jun Luo 0001
5429,14/3737,Weisi Lin,2010,30/6609,Chiew Tong Lau
5430,14/3737,Weisi Lin,2010,l/BuSungLee,Bu-Sung Lee
5431,14/3737,Weisi Lin,2010,l/BuSungLee,Bu-Sung Lee
5432,14/3737,Weisi Lin,2010,30/6609,Chiew Tong Lau
5433,14/3737,Weisi Lin,2010,l/BuSungLee,Bu-Sung Lee
5434,14/3737,Weisi Lin,2010,30/6609,Chiew Tong Lau
5435,14/3737,Weisi Lin,2010,30/6609,Chiew Tong Lau
5436,14/3737,Weisi Lin,2010,l/BuSungLee,Bu-Sung Lee
5437,14/3737,Weisi Lin,2010,l/BuSungLee,Bu-Sung Lee
5438,14/3737,Weisi Lin,2010,30/6609,Chiew Tong Lau
5439,14/3737,Weisi Lin,2010,30/6609,Chiew Tong Lau
5440,14/3737,Weisi Lin,2010,l/BuSungLee,Bu-Sung Lee
5441,14/3737,Weisi Lin,2010,05/2952,Liang-Tien Chia
5442,14/3737,Weisi Lin,2009,83/6096,Jianfei Cai 0001
5443,14/3737,Weisi Lin,2008,83/6096,Jianfei Cai 0001
5444,14/3737,Weisi Lin,2008,83/6096,Jianfei Cai 0001
5445,14/3737,Weisi Lin,2008,83/6096,Jianfei Cai 0001
5446,14/3737,Weisi Lin,2008,83/6096,Jianfei Cai 0001
5447,14/3737,Weisi Lin,2008,83/6096,Jianfei Cai 0001
5448,33/885,Yonggang Wen 0001,2025,76/440,Dusit Niyato
5449,33/885,Yonggang Wen 0001,2024,46/3391,Dacheng Tao
5450,33/885,Yonggang Wen 0001,2024,46/3391,Dacheng Tao
5451,33/885,Yonggang Wen 0001,2024,46/3391,Dacheng Tao
5452,33/885,Yonggang Wen 0001,2024,46/3391,Dacheng Tao
5453,33/885,Yonggang Wen 0001,2024,46/3391,Dacheng Tao
5454,33/885,Yonggang Wen 0001,2024,46/3391,Dacheng Tao
5455,33/885,Yonggang Wen 0001,2024,76/440,Dusit Niyato
5456,33/885,Yonggang Wen 0001,2023,46/3391,Dacheng Tao
5457,33/885,Yonggang Wen 0001,2023,51/3710-3,Yang Liu 0003
5458,33/885,Yonggang Wen 0001,2023,46/3391,Dacheng Tao
5459,33/885,Yonggang Wen 0001,2023,46/3391,Dacheng Tao
5460,33/885,Yonggang Wen 0001,2023,46/3391,Dacheng Tao
5461,33/885,Yonggang Wen 0001,2023,46/3391,Dacheng Tao
5462,33/885,Yonggang Wen 0001,2023,46/3391,Dacheng Tao
5463,33/885,Yonggang Wen 0001,2022,46/3391,Dacheng Tao
5464,33/885,Yonggang Wen 0001,2022,46/3391,Dacheng Tao
5465,33/885,Yonggang Wen 0001,2022,m/ChunyanMiao,Chunyan Miao
5466,33/885,Yonggang Wen 0001,2022,46/3391,Dacheng Tao
5467,33/885,Yonggang Wen 0001,2021,46/3391,Dacheng Tao
5468,33/885,Yonggang Wen 0001,2021,79/8116,Hanwang Zhang
5469,33/885,Yonggang Wen 0001,2021,51/3710-3,Yang Liu 0003
5470,33/885,Yonggang Wen 0001,2021,46/3391,Dacheng Tao
5471,33/885,Yonggang Wen 0001,2021,46/3391,Dacheng Tao
5472,33/885,Yonggang Wen 0001,2021,79/8116,Hanwang Zhang
5473,33/885,Yonggang Wen 0001,2020,46/3391,Dacheng Tao
5474,33/885,Yonggang Wen 0001,2020,46/3391,Dacheng Tao
5475,33/885,Yonggang Wen 0001,2020,46/3391,Dacheng Tao
5476,33/885,Yonggang Wen 0001,2020,76/440,Dusit Niyato
5477,33/885,Yonggang Wen 0001,2020,46/3391,Dacheng Tao
5478,33/885,Yonggang Wen 0001,2020,51/3710-3,Yang Liu 0003
5479,33/885,Yonggang Wen 0001,2019,76/440,Dusit Niyato
5480,33/885,Yonggang Wen 0001,2019,46/3391,Dacheng Tao
5481,33/885,Yonggang Wen 0001,2019,46/3391,Dacheng Tao
5482,33/885,Yonggang Wen 0001,2019,46/3391,Dacheng Tao
5483,33/885,Yonggang Wen 0001,2019,46/3391,Dacheng Tao
5484,33/885,Yonggang Wen 0001,2019,46/3391,Dacheng Tao
5485,33/885,Yonggang Wen 0001,2019,46/3391,Dacheng Tao
5486,33/885,Yonggang Wen 0001,2019,46/3391,Dacheng Tao
5487,33/885,Yonggang Wen 0001,2019,46/3391,Dacheng Tao
5488,33/885,Yonggang Wen 0001,2018,64/4136,Yew-Soon Ong
5489,33/885,Yonggang Wen 0001,2018,46/3391,Dacheng Tao
5490,33/885,Yonggang Wen 0001,2018,46/3391,Dacheng Tao
5491,33/885,Yonggang Wen 0001,2018,83/6096,Jianfei Cai 0001
5492,33/885,Yonggang Wen 0001,2018,46/3391,Dacheng Tao
5493,33/885,Yonggang Wen 0001,2018,35/1096-1,Han Yu 0001
5494,33/885,Yonggang Wen 0001,2018,m/ChunyanMiao,Chunyan Miao
5495,33/885,Yonggang Wen 0001,2018,46/3391,Dacheng Tao
5496,33/885,Yonggang Wen 0001,2018,76/440,Dusit Niyato
5497,33/885,Yonggang Wen 0001,2018,46/3391,Dacheng Tao
5498,33/885,Yonggang Wen 0001,2017,76/440,Dusit Niyato
5499,33/885,Yonggang Wen 0001,2017,83/6096,Jianfei Cai 0001
5500,33/885,Yonggang Wen 0001,2017,76/440,Dusit Niyato
5501,33/885,Yonggang Wen 0001,2017,76/440,Dusit Niyato
5502,33/885,Yonggang Wen 0001,2017,83/6096,Jianfei Cai 0001
5503,33/885,Yonggang Wen 0001,2017,46/3391,Dacheng Tao
5504,33/885,Yonggang Wen 0001,2017,m/ChunyanMiao,Chunyan Miao
5505,33/885,Yonggang Wen 0001,2017,46/3391,Dacheng Tao
5506,33/885,Yonggang Wen 0001,2017,46/3391,Dacheng Tao
5507,33/885,Yonggang Wen 0001,2017,76/440,Dusit Niyato
5508,33/885,Yonggang Wen 0001,2017,46/3391,Dacheng Tao
5509,33/885,Yonggang Wen 0001,2016,51/3710-3,Yang Liu 0003
5510,33/885,Yonggang Wen 0001,2016,46/3391,Dacheng Tao
5511,33/885,Yonggang Wen 0001,2016,14/3737,Weisi Lin
5512,33/885,Yonggang Wen 0001,2016,46/3391,Dacheng Tao
5513,33/885,Yonggang Wen 0001,2016,46/3391,Dacheng Tao
5514,33/885,Yonggang Wen 0001,2016,46/3391,Dacheng Tao
5515,33/885,Yonggang Wen 0001,2016,46/3391,Dacheng Tao
5516,33/885,Yonggang Wen 0001,2015,76/440,Dusit Niyato
5517,33/885,Yonggang Wen 0001,2015,64/4136,Yew-Soon Ong
5518,33/885,Yonggang Wen 0001,2015,46/3391,Dacheng Tao
5519,33/885,Yonggang Wen 0001,2015,46/3391,Dacheng Tao
5520,33/885,Yonggang Wen 0001,2015,83/6096,Jianfei Cai 0001
5521,33/885,Yonggang Wen 0001,2015,46/3391,Dacheng Tao
5522,33/885,Yonggang Wen 0001,2014,83/6096,Jianfei Cai 0001
5523,33/885,Yonggang Wen 0001,2014,76/440,Dusit Niyato
5524,33/885,Yonggang Wen 0001,2014,42/2501-1,Jun Luo 0001
5525,33/885,Yonggang Wen 0001,2013,46/3391,Dacheng Tao
5526,33/885,Yonggang Wen 0001,2013,64/4136,Yew-Soon Ong
5527,33/885,Yonggang Wen 0001,2013,83/6096,Jianfei Cai 0001
5528,33/885,Yonggang Wen 0001,2013,83/6096,Jianfei Cai 0001
5529,33/885,Yonggang Wen 0001,2012,83/6096,Jianfei Cai 0001
5530,33/885,Yonggang Wen 0001,2012,83/6096,Jianfei Cai 0001
5531,33/885,Yonggang Wen 0001,2012,n/WeeKeongNg,Wee Keong Ng
5532,33/885,Yonggang Wen 0001,2011,83/6096,Jianfei Cai 0001
5533,78/5155,Aixin Sun,2024,84/6889-2,Jie Zhang 0002
5534,78/5155,Aixin Sun,2024,58/10813-1,Cheng Long 0001
5535,78/5155,Aixin Sun,2024,62/2078,Shafiq Joty
5536,78/5155,Aixin Sun,2024,84/6889-2,Jie Zhang 0002
5537,78/5155,Aixin Sun,2024,58/10813-1,Cheng Long 0001
5538,78/5155,Aixin Sun,2023,58/10813-1,Cheng Long 0001
5539,78/5155,Aixin Sun,2023,84/6889-2,Jie Zhang 0002
5540,78/5155,Aixin Sun,2023,84/6889-2,Jie Zhang 0002
5541,78/5155,Aixin Sun,2023,m/ChunyanMiao,Chunyan Miao
5542,78/5155,Aixin Sun,2023,10/1993,Kwok-Yan Lam
5543,78/5155,Aixin Sun,2023,84/6889-2,Jie Zhang 0002
5544,78/5155,Aixin Sun,2023,62/2078,Shafiq R. Joty
5545,78/5155,Aixin Sun,2023,10/1993,Kwok-Yan Lam
5546,78/5155,Aixin Sun,2023,84/6889-2,Jie Zhang 0002
5547,78/5155,Aixin Sun,2023,62/2078,Shafiq Joty
5548,78/5155,Aixin Sun,2022,c/ChngEngSiong,Eng Siong Chng
5549,78/5155,Aixin Sun,2022,84/6889-2,Jie Zhang 0002
5550,78/5155,Aixin Sun,2022,58/10813-1,Cheng Long 0001
5551,78/5155,Aixin Sun,2022,58/10813-1,Cheng Long 0001
5552,78/5155,Aixin Sun,2022,84/6889-2,Jie Zhang 0002
5553,78/5155,Aixin Sun,2022,58/10813-1,Cheng Long 0001
5554,78/5155,Aixin Sun,2021,c/ChngEngSiong,Eng Siong Chng
5555,78/5155,Aixin Sun,2021,m/ChunyanMiao,Chunyan Miao
5556,78/5155,Aixin Sun,2021,84/6889-2,Jie Zhang 0002
5557,78/5155,Aixin Sun,2021,m/ChunyanMiao,Chunyan Miao
5558,78/5155,Aixin Sun,2020,23/2460,Xueyan Tang
5559,78/5155,Aixin Sun,2020,84/6889-2,Jie Zhang 0002
5560,78/5155,Aixin Sun,2020,23/2460,Xueyan Tang
5561,78/5155,Aixin Sun,2020,84/6889-2,Jie Zhang 0002
5562,78/5155,Aixin Sun,2020,84/6889-2,Jie Zhang 0002
5563,78/5155,Aixin Sun,2020,c/ChngEngSiong,Eng Siong Chng
5564,78/5155,Aixin Sun,2020,c/ChngEngSiong,Eng Siong Chng
5565,78/5155,Aixin Sun,2019,42/2501-1,Jun Luo 0001
5566,78/5155,Aixin Sun,2019,80/5412,Sinno Jialin Pan
5567,78/5155,Aixin Sun,2019,23/2460,Xueyan Tang
5568,78/5155,Aixin Sun,2019,33/3180,Gao Cong
5569,78/5155,Aixin Sun,2019,23/2460,Xueyan Tang
5570,78/5155,Aixin Sun,2018,23/2460,Xueyan Tang
5571,78/5155,Aixin Sun,2018,33/3180,Gao Cong
5572,78/5155,Aixin Sun,2018,33/3180,Gao Cong
5573,78/5155,Aixin Sun,2018,62/2078,Shafiq R. Joty
5574,78/5155,Aixin Sun,2018,b/SSBhowmick,Sourav S. Bhowmick
5575,78/5155,Aixin Sun,2017,80/7421,Erik Cambria
5576,78/5155,Aixin Sun,2016,33/3180,Gao Cong
5577,78/5155,Aixin Sun,2016,33/3180,Gao Cong
5578,78/5155,Aixin Sun,2015,b/SSBhowmick,Sourav S. Bhowmick
5579,78/5155,Aixin Sun,2015,33/3180,Gao Cong
5580,78/5155,Aixin Sun,2015,b/SSBhowmick,Sourav S. Bhowmick
5581,78/5155,Aixin Sun,2015,33/3180,Gao Cong
5582,78/5155,Aixin Sun,2015,m/ChunyanMiao,Chunyan Miao
5583,78/5155,Aixin Sun,2014,b/SSBhowmick,Sourav S. Bhowmick
5584,78/5155,Aixin Sun,2014,33/3180,Gao Cong
5585,78/5155,Aixin Sun,2014,m/ChunyanMiao,Chunyan Miao
5586,78/5155,Aixin Sun,2014,33/3180,Gao Cong
5587,78/5155,Aixin Sun,2014,b/SSBhowmick,Sourav S. Bhowmick
5588,78/5155,Aixin Sun,2014,b/SSBhowmick,Sourav S. Bhowmick
5589,78/5155,Aixin Sun,2014,b/SSBhowmick,Sourav S. Bhowmick
5590,78/5155,Aixin Sun,2013,d/AnwitamanDatta,Anwitaman Datta
5591,78/5155,Aixin Sun,2013,33/3180,Gao Cong
5592,78/5155,Aixin Sun,2013,b/SSBhowmick,Sourav S. Bhowmick
5593,78/5155,Aixin Sun,2013,33/3180,Gao Cong
5594,78/5155,Aixin Sun,2013,b/SSBhowmick,Sourav S. Bhowmick
5595,78/5155,Aixin Sun,2013,33/3180,Gao Cong
5596,78/5155,Aixin Sun,2013,b/SSBhowmick,Sourav S. Bhowmick
5597,78/5155,Aixin Sun,2012,33/3180,Gao Cong
5598,78/5155,Aixin Sun,2012,d/AnwitamanDatta,Anwitaman Datta
5599,78/5155,Aixin Sun,2012,d/AnwitamanDatta,Anwitaman Datta
5600,78/5155,Aixin Sun,2012,33/3180,Gao Cong
5601,78/5155,Aixin Sun,2012,b/SSBhowmick,Sourav S. Bhowmick
5602,78/5155,Aixin Sun,2012,d/AnwitamanDatta,Anwitaman Datta
5603,78/5155,Aixin Sun,2012,l/BuSungLee,Bu-Sung Lee
5604,78/5155,Aixin Sun,2012,33/3180,Gao Cong
5605,78/5155,Aixin Sun,2012,33/3180,Gao Cong
5606,78/5155,Aixin Sun,2012,b/SSBhowmick,Sourav S. Bhowmick
5607,78/5155,Aixin Sun,2011,b/SSBhowmick,Sourav S. Bhowmick
5608,78/5155,Aixin Sun,2011,b/SSBhowmick,Sourav S. Bhowmick
5609,78/5155,Aixin Sun,2011,b/SSBhowmick,Sourav S. Bhowmick
5610,78/5155,Aixin Sun,2011,b/SSBhowmick,Sourav S. Bhowmick
5611,78/5155,Aixin Sun,2011,d/AnwitamanDatta,Anwitaman Datta
5612,78/5155,Aixin Sun,2011,b/SSBhowmick,Sourav S. Bhowmick
5613,78/5155,Aixin Sun,2011,d/AnwitamanDatta,Anwitaman Datta
5614,78/5155,Aixin Sun,2011,d/AnwitamanDatta,Anwitaman Datta
5615,78/5155,Aixin Sun,2010,b/SSBhowmick,Sourav S. Bhowmick
5616,78/5155,Aixin Sun,2010,b/SSBhowmick,Sourav S. Bhowmick
5617,78/5155,Aixin Sun,2010,d/AnwitamanDatta,Anwitaman Datta
5618,78/5155,Aixin Sun,2010,d/AnwitamanDatta,Anwitaman Datta
5619,78/5155,Aixin Sun,2010,b/SSBhowmick,Sourav S. Bhowmick
5620,78/5155,Aixin Sun,2009,d/AnwitamanDatta,Anwitaman Datta
5621,78/5155,Aixin Sun,2009,b/SSBhowmick,Sourav S. Bhowmick
5622,78/5155,Aixin Sun,2009,b/SSBhowmick,Sourav S. Bhowmick
5623,78/5155,Aixin Sun,2009,d/AnwitamanDatta,Anwitaman Datta
5624,78/5155,Aixin Sun,2008,d/AnwitamanDatta,Anwitaman Datta
5625,78/5155,Aixin Sun,2007,35/1096-1,Han Yu 0001
5626,78/5155,Aixin Sun,2006,23/2460,Xueyan Tang
5627,78/5155,Aixin Sun,2006,b/SSBhowmick,Sourav S. Bhowmick
5628,78/5155,Aixin Sun,2005,n/WeeKeongNg,Wee Keong Ng
5629,78/5155,Aixin Sun,2005,n/WeeKeongNg,Wee Keong Ng
5630,78/5155,Aixin Sun,2004,n/WeeKeongNg,Wee Keong Ng
5631,78/5155,Aixin Sun,2003,n/WeeKeongNg,Wee Keong Ng
5632,78/5155,Aixin Sun,2002,n/WeeKeongNg,Wee Keong Ng
5633,78/5155,Aixin Sun,2002,n/WeeKeongNg,Wee Keong Ng
5634,58/10813-1,Cheng Long 0001,2025,33/3180,Gao Cong
5635,58/10813-1,Cheng Long 0001,2025,33/3180,Gao Cong
5636,58/10813-1,Cheng Long 0001,2024,33/3180,Gao Cong
5637,58/10813-1,Cheng Long 0001,2024,84/6889-2,Jie Zhang 0002
5638,58/10813-1,Cheng Long 0001,2024,46/3391,Dacheng Tao
5639,58/10813-1,Cheng Long 0001,2024,78/5155,Aixin Sun
5640,58/10813-1,Cheng Long 0001,2024,84/6889-2,Jie Zhang 0002
5641,58/10813-1,Cheng Long 0001,2024,126/4778,Guosheng Lin
5642,58/10813-1,Cheng Long 0001,2024,01/5855,Chen Change Loy
5643,58/10813-1,Cheng Long 0001,2024,33/3180,Gao Cong
5644,58/10813-1,Cheng Long 0001,2024,33/3180,Gao Cong
5645,58/10813-1,Cheng Long 0001,2024,126/4778,Guosheng Lin
5646,58/10813-1,Cheng Long 0001,2024,33/3180,Gao Cong
5647,58/10813-1,Cheng Long 0001,2024,33/3180,Gao Cong
5648,58/10813-1,Cheng Long 0001,2024,126/4778,Guosheng Lin
5649,58/10813-1,Cheng Long 0001,2024,01/5855,Chen Change Loy
5650,58/10813-1,Cheng Long 0001,2024,126/4778,Guosheng Lin
5651,58/10813-1,Cheng Long 0001,2024,78/5155,Aixin Sun
5652,58/10813-1,Cheng Long 0001,2023,67/2933,Arijit Khan 0001
5653,58/10813-1,Cheng Long 0001,2023,78/5155,Aixin Sun
5654,58/10813-1,Cheng Long 0001,2023,33/3180,Gao Cong
5655,58/10813-1,Cheng Long 0001,2023,33/3180,Gao Cong
5656,58/10813-1,Cheng Long 0001,2023,m/ChunyanMiao,Chunyan Miao
5657,58/10813-1,Cheng Long 0001,2023,33/3180,Gao Cong
5658,58/10813-1,Cheng Long 0001,2023,33/3180,Gao Cong
5659,58/10813-1,Cheng Long 0001,2023,84/6889-2,Jie Zhang 0002
5660,58/10813-1,Cheng Long 0001,2023,117/5965,Siqiang Luo
5661,58/10813-1,Cheng Long 0001,2023,126/4778,Guosheng Lin
5662,58/10813-1,Cheng Long 0001,2023,33/3180,Gao Cong
5663,58/10813-1,Cheng Long 0001,2023,84/6889-2,Jie Zhang 0002
5664,58/10813-1,Cheng Long 0001,2023,67/2933,Arijit Khan 0001
5665,58/10813-1,Cheng Long 0001,2023,126/4778,Guosheng Lin
5666,58/10813-1,Cheng Long 0001,2023,33/3180,Gao Cong
5667,58/10813-1,Cheng Long 0001,2022,m/ChunyanMiao,Chunyan Miao
5668,58/10813-1,Cheng Long 0001,2022,84/6889-2,Jie Zhang 0002
5669,58/10813-1,Cheng Long 0001,2022,m/ChunyanMiao,Chunyan Miao
5670,58/10813-1,Cheng Long 0001,2022,78/5155,Aixin Sun
5671,58/10813-1,Cheng Long 0001,2022,80/5412,Sinno Jialin Pan
5672,58/10813-1,Cheng Long 0001,2022,78/5155,Aixin Sun
5673,58/10813-1,Cheng Long 0001,2022,84/6889-2,Jie Zhang 0002
5674,58/10813-1,Cheng Long 0001,2022,33/3180,Gao Cong
5675,58/10813-1,Cheng Long 0001,2022,78/5155,Aixin Sun
5676,58/10813-1,Cheng Long 0001,2022,84/6889-2,Jie Zhang 0002
5677,58/10813-1,Cheng Long 0001,2022,m/ChunyanMiao,Chunyan Miao
5678,58/10813-1,Cheng Long 0001,2022,33/3180,Gao Cong
5679,58/10813-1,Cheng Long 0001,2022,33/3180,Gao Cong
5680,58/10813-1,Cheng Long 0001,2022,67/2933,Arijit Khan 0001
5681,58/10813-1,Cheng Long 0001,2021,126/4778,Guosheng Lin
5682,58/10813-1,Cheng Long 0001,2021,33/3180,Gao Cong
5683,58/10813-1,Cheng Long 0001,2021,33/3180,Gao Cong
5684,58/10813-1,Cheng Long 0001,2021,33/3180,Gao Cong
5685,58/10813-1,Cheng Long 0001,2021,84/6889-2,Jie Zhang 0002
5686,58/10813-1,Cheng Long 0001,2021,m/ChunyanMiao,Chunyan Miao
5687,58/10813-1,Cheng Long 0001,2021,33/3180,Gao Cong
5688,58/10813-1,Cheng Long 0001,2021,84/6889-2,Jie Zhang 0002
5689,58/10813-1,Cheng Long 0001,2021,33/3180,Gao Cong
5690,58/10813-1,Cheng Long 0001,2020,33/3180,Gao Cong
5691,58/10813-1,Cheng Long 0001,2020,84/6889-2,Jie Zhang 0002
5692,58/10813-1,Cheng Long 0001,2020,84/6889-2,Jie Zhang 0002
5693,58/10813-1,Cheng Long 0001,2020,33/3180,Gao Cong
5694,58/10813-1,Cheng Long 0001,2020,33/3180,Gao Cong
5695,58/10813-1,Cheng Long 0001,2019,33/3180,Gao Cong
5696,58/10813-1,Cheng Long 0001,2019,33/3180,Gao Cong
5697,58/10813-1,Cheng Long 0001,2018,33/3180,Gao Cong
5698,05/2952,Liang-Tien Chia,2021,95/3115,Deepu Rajan
5699,05/2952,Liang-Tien Chia,2017,q/HiokChaiQuek,Hiok Chai Quek
5700,05/2952,Liang-Tien Chia,2013,95/3115,Deepu Rajan
5701,05/2952,Liang-Tien Chia,2013,95/3115,Deepu Rajan
5702,05/2952,Liang-Tien Chia,2012,38/3641,Ah-Hwee Tan
5703,05/2952,Liang-Tien Chia,2012,14/3737,Weisi Lin
5704,05/2952,Liang-Tien Chia,2012,14/3737,Weisi Lin
5705,05/2952,Liang-Tien Chia,2012,95/3115,Deepu Rajan
5706,05/2952,Liang-Tien Chia,2012,95/3115,Deepu Rajan
5707,05/2952,Liang-Tien Chia,2012,38/3641,Ah-Hwee Tan
5708,05/2952,Liang-Tien Chia,2010,95/3115,Deepu Rajan
5709,05/2952,Liang-Tien Chia,2010,38/3641,Ah-Hwee Tan
5710,05/2952,Liang-Tien Chia,2010,95/3115,Deepu Rajan
5711,05/2952,Liang-Tien Chia,2010,29/3808,Tat-Jen Cham
5712,05/2952,Liang-Tien Chia,2010,38/3641,Ah-Hwee Tan
5713,05/2952,Liang-Tien Chia,2010,95/3115,Deepu Rajan
5714,05/2952,Liang-Tien Chia,2010,95/3115,Deepu Rajan
5715,05/2952,Liang-Tien Chia,2010,14/3737,Weisi Lin
5716,05/2952,Liang-Tien Chia,2009,95/3115,Deepu Rajan
5717,05/2952,Liang-Tien Chia,2009,95/3115,Deepu Rajan
5718,05/2952,Liang-Tien Chia,2009,38/3641,Ah-Hwee Tan
5719,05/2952,Liang-Tien Chia,2009,38/3641,Ah-Hwee Tan
5720,05/2952,Liang-Tien Chia,2009,38/3641,Ah-Hwee Tan
5721,05/2952,Liang-Tien Chia,2009,83/6096,Jianfei Cai 0001
5722,05/2952,Liang-Tien Chia,2008,95/3115,Deepu Rajan
5723,05/2952,Liang-Tien Chia,2008,80/2106,Syin Chan
5724,05/2952,Liang-Tien Chia,2008,38/3641,Ah-Hwee Tan
5725,05/2952,Liang-Tien Chia,2007,b/SSBhowmick,Sourav S. Bhowmick
5726,05/2952,Liang-Tien Chia,2007,80/2106,Syin Chan
5727,05/2952,Liang-Tien Chia,2007,95/3115,Deepu Rajan
5728,05/2952,Liang-Tien Chia,2007,80/2106,Syin Chan
5729,05/2952,Liang-Tien Chia,2007,52/910,Chai Kiat Yeo
5730,05/2952,Liang-Tien Chia,2007,29/3808,Tat-Jen Cham
5731,05/2952,Liang-Tien Chia,2007,80/2106,Syin Chan
5732,05/2952,Liang-Tien Chia,2007,95/3115,Deepu Rajan
5733,05/2952,Liang-Tien Chia,2006,b/SSBhowmick,Sourav S. Bhowmick
5734,05/2952,Liang-Tien Chia,2006,95/3115,Deepu Rajan
5735,05/2952,Liang-Tien Chia,2006,95/3115,Deepu Rajan
5736,05/2952,Liang-Tien Chia,2006,95/3115,Deepu Rajan
5737,05/2952,Liang-Tien Chia,2006,83/6096,Jianfei Cai 0001
5738,05/2952,Liang-Tien Chia,2006,95/3115,Deepu Rajan
5739,05/2952,Liang-Tien Chia,2006,l/BuSungLee,Bu-Sung Lee
5740,05/2952,Liang-Tien Chia,2006,l/BuSungLee,Bu-Sung Lee
5741,05/2952,Liang-Tien Chia,2006,95/3115,Deepu Rajan
5742,05/2952,Liang-Tien Chia,2006,83/6096,Jianfei Cai 0001
5743,05/2952,Liang-Tien Chia,2006,l/BuSungLee,Bu-Sung Lee
5744,05/2952,Liang-Tien Chia,2006,95/3115,Deepu Rajan
5745,05/2952,Liang-Tien Chia,2006,l/BuSungLee,Bu-Sung Lee
5746,05/2952,Liang-Tien Chia,2006,95/3115,Deepu Rajan
5747,05/2952,Liang-Tien Chia,2005,l/BuSungLee,Bu-Sung Lee
5748,05/2952,Liang-Tien Chia,2005,l/BuSungLee,Bu-Sung Lee
5749,05/2952,Liang-Tien Chia,2005,95/3115,Deepu Rajan
5750,05/2952,Liang-Tien Chia,2005,95/3115,Deepu Rajan
5751,05/2952,Liang-Tien Chia,2005,b/SSBhowmick,Sourav S. Bhowmick
5752,05/2952,Liang-Tien Chia,2005,b/SSBhowmick,Sourav S. Bhowmick
5753,05/2952,Liang-Tien Chia,2005,95/3115,Deepu Rajan
5754,05/2952,Liang-Tien Chia,2005,l/BuSungLee,Bu-Sung Lee
5755,05/2952,Liang-Tien Chia,2005,95/3115,Deepu Rajan
5756,05/2952,Liang-Tien Chia,2005,95/3115,Deepu Rajan
5757,05/2952,Liang-Tien Chia,2005,80/2106,Syin Chan
5758,05/2952,Liang-Tien Chia,2005,95/3115,Deepu Rajan
5759,05/2952,Liang-Tien Chia,2005,95/3115,Deepu Rajan
5760,05/2952,Liang-Tien Chia,2005,l/BuSungLee,Bu-Sung Lee
5761,05/2952,Liang-Tien Chia,2004,l/BuSungLee,Bu-Sung Lee
5762,05/2952,Liang-Tien Chia,2004,80/2106,Syin Chan
5763,05/2952,Liang-Tien Chia,2004,b/SSBhowmick,Sourav S. Bhowmick
5764,05/2952,Liang-Tien Chia,2004,l/BuSungLee,Bu-Sung Lee
5765,05/2952,Liang-Tien Chia,2004,l/BuSungLee,Bu-Sung Lee
5766,05/2952,Liang-Tien Chia,2004,95/3115,Deepu Rajan
5767,05/2952,Liang-Tien Chia,2004,95/3115,Deepu Rajan
5768,05/2952,Liang-Tien Chia,2004,95/3115,Deepu Rajan
5769,05/2952,Liang-Tien Chia,2004,95/3115,Deepu Rajan
5770,05/2952,Liang-Tien Chia,2004,b/SSBhowmick,Sourav S. Bhowmick
5771,05/2952,Liang-Tien Chia,2004,b/SSBhowmick,Sourav S. Bhowmick
5772,05/2952,Liang-Tien Chia,2004,b/SSBhowmick,Sourav S. Bhowmick
5773,05/2952,Liang-Tien Chia,2004,95/3115,Deepu Rajan
5774,05/2952,Liang-Tien Chia,2004,80/2106,Syin Chan
5775,05/2952,Liang-Tien Chia,2004,95/3115,Deepu Rajan
5776,05/2952,Liang-Tien Chia,2004,95/3115,Deepu Rajan
5777,05/2952,Liang-Tien Chia,2004,83/6096,Jianfei Cai 0001
5778,05/2952,Liang-Tien Chia,2004,95/3115,Deepu Rajan
5779,05/2952,Liang-Tien Chia,2004,95/3115,Deepu Rajan
5780,05/2952,Liang-Tien Chia,2003,95/3115,Deepu Rajan
5781,05/2952,Liang-Tien Chia,2003,95/3115,Deepu Rajan
5782,05/2952,Liang-Tien Chia,2003,95/3115,Deepu Rajan
5783,05/2952,Liang-Tien Chia,2003,l/BuSungLee,Bu-Sung Lee
5784,05/2952,Liang-Tien Chia,2003,95/3115,Deepu Rajan
5785,05/2952,Liang-Tien Chia,2001,l/BuSungLee,Bu-Sung Lee
5786,05/2952,Liang-Tien Chia,1997,l/BuSungLee,Bu-Sung Lee
5787,05/2952,Liang-Tien Chia,1997,52/910,Chai Kiat Yeo
5788,42/2718,Shijian Lu,2024,m/ChunyanMiao,Chunyan Miao
5789,42/2718,Shijian Lu,2024,m/ChunyanMiao,Chunyan Miao
5790,42/2718,Shijian Lu,2024,10/1993,Kwok-Yan Lam
5791,42/2718,Shijian Lu,2024,m/ChunyanMiao,Chunyan Miao
5792,42/2718,Shijian Lu,2024,10/1993,Kwok-Yan Lam
5793,42/2718,Shijian Lu,2024,m/ChunyanMiao,Chunyan Miao
5794,42/2718,Shijian Lu,2024,46/3391,Dacheng Tao
5795,42/2718,Shijian Lu,2023,m/ChunyanMiao,Chunyan Miao
5796,42/2718,Shijian Lu,2022,83/6096,Jianfei Cai 0001
5797,42/2718,Shijian Lu,2022,m/ChunyanMiao,Chunyan Miao
5798,42/2718,Shijian Lu,2022,m/ChunyanMiao,Chunyan Miao
5799,42/2718,Shijian Lu,2022,m/ChunyanMiao,Chunyan Miao
5800,42/2718,Shijian Lu,2021,m/ChunyanMiao,Chunyan Miao
5801,42/2718,Shijian Lu,2021,m/ChunyanMiao,Chunyan Miao
5802,42/2718,Shijian Lu,2021,m/ChunyanMiao,Chunyan Miao
5803,42/2718,Shijian Lu,2021,m/ChunyanMiao,Chunyan Miao
5804,42/2718,Shijian Lu,2021,m/ChunyanMiao,Chunyan Miao
5805,42/2718,Shijian Lu,2021,m/ChunyanMiao,Chunyan Miao
5806,42/2718,Shijian Lu,2017,83/6096,Jianfei Cai 0001
5807,42/2718,Shijian Lu,2017,83/6096,Jianfei Cai 0001
5808,42/2718,Shijian Lu,2017,83/6096,Jianfei Cai 0001
5809,42/2718,Shijian Lu,2017,83/6096,Jianfei Cai 0001
5810,42/2718,Shijian Lu,2016,83/6096,Jianfei Cai 0001
5811,42/2718,Shijian Lu,2016,83/6096,Jianfei Cai 0001
5812,42/2718,Shijian Lu,2016,09/5452,Jianmin Zheng
5813,42/2718,Shijian Lu,2015,83/6096,Jianfei Cai 0001
5814,42/2718,Shijian Lu,2015,83/6096,Jianfei Cai 0001
5815,42/2718,Shijian Lu,2015,83/6096,Jianfei Cai 0001
5816,42/2718,Shijian Lu,2014,83/6096,Jianfei Cai 0001
5817,42/2718,Shijian Lu,2008,95/7006,Cuntai Guan
5818,42/2718,Shijian Lu,2008,95/7006,Cuntai Guan
5819,78/6459,Kemao Qian,2017,75/2611-2,Feng Lin 0002
5820,78/6459,Kemao Qian,2017,s/SeahHockSoon,Hock Soon Seah
5821,78/6459,Kemao Qian,2015,75/2611-2,Feng Lin 0002
5822,78/6459,Kemao Qian,2015,s/SeahHockSoon,Seah Hock Soon
5823,78/6459,Kemao Qian,2014,75/2611-2,Feng Lin 0002
5824,78/6459,Kemao Qian,2014,s/SeahHockSoon,Hock Soon Seah
5825,78/6459,Kemao Qian,2014,75/2611-2,Feng Lin 0002
5826,78/6459,Kemao Qian,2014,s/SeahHockSoon,Hock Soon Seah
5827,78/6459,Kemao Qian,2014,75/2611-2,Feng Lin 0002
5828,78/6459,Kemao Qian,2014,s/SeahHockSoon,Hock Soon Seah
5829,78/6459,Kemao Qian,2012,75/2611-2,Feng Lin 0002
5830,78/6459,Kemao Qian,2012,s/SeahHockSoon,Hock Soon Seah
5831,78/6459,Kemao Qian,2012,75/2611-2,Feng Lin 0002
5832,78/6459,Kemao Qian,2012,s/SeahHockSoon,Hock Soon Seah
5833,78/6459,Kemao Qian,2009,75/2611-2,Feng Lin 0002
5834,78/6459,Kemao Qian,2009,s/SeahHockSoon,Hock Soon Seah
5835,78/6459,Kemao Qian,2009,75/2611-2,Feng Lin 0002
5836,78/6459,Kemao Qian,2009,s/SeahHockSoon,Hock Soon Seah
5837,78/6459,Kemao Qian,2009,75/2611-2,Feng Lin 0002
5838,78/6459,Kemao Qian,2009,s/SeahHockSoon,Hock Soon Seah
5839,78/6459,Kemao Qian,2009,75/2611-2,Feng Lin 0002
5840,78/6459,Kemao Qian,2009,s/SeahHockSoon,Hock Soon Seah
5841,78/6459,Kemao Qian,2009,75/2611-2,Feng Lin 0002
5842,78/6459,Kemao Qian,2009,s/SeahHockSoon,Hock Soon Seah
5843,78/6459,Kemao Qian,2006,s/SeahHockSoon,Seah Hock Soon
5844,242/0323,Kheng Leong Tan,2024,10/1993,Kwok-Yan Lam
5845,242/0323,Kheng Leong Tan,2024,10/1993,Kwok-Yan Lam
5846,242/0323,Kheng Leong Tan,2019,97/6922,Wooi Boon Goh
5847,163/6518,Alvin Chan,2023,64/4136,Yew-Soon Ong
5848,163/6518,Alvin Chan,2022,64/4136,Yew-Soon Ong
5849,163/6518,Alvin Chan,2022,51/3710-3,Yang Liu 0003
5850,163/6518,Alvin Chan,2022,64/4136,Yew Soon Ong
5851,163/6518,Alvin Chan,2022,64/4136,Yew Soon Ong
5852,163/6518,Alvin Chan,2022,64/4136,Yew-Soon Ong
5853,163/6518,Alvin Chan,2022,64/4136,Yew-Soon Ong
5854,163/6518,Alvin Chan,2021,64/4136,Yew-Soon Ong
5855,163/6518,Alvin Chan,2021,64/4136,Yew-Soon Ong
5856,163/6518,Alvin Chan,2021,81/8329,Anh Tuan Luu
5857,163/6518,Alvin Chan,2021,65/3225,Siu Cheung Hui
5858,163/6518,Alvin Chan,2021,81/8329,Anh Tuan Luu
5859,163/6518,Alvin Chan,2021,65/3225,Siu Cheung Hui
5860,163/6518,Alvin Chan,2021,64/4136,Yew-Soon Ong
5861,163/6518,Alvin Chan,2020,81/8329,Anh Tuan Luu
5862,163/6518,Alvin Chan,2020,64/4136,Yew-Soon Ong
5863,163/6518,Alvin Chan,2020,64/4136,Yew-Soon Ong
5864,163/6518,Alvin Chan,2020,64/4136,Yew-Soon Ong
5865,163/6518,Alvin Chan,2020,64/4136,Yew-Soon Ong
5866,163/6518,Alvin Chan,2020,64/4136,Yew-Soon Ong
5867,163/6518,Alvin Chan,2019,64/4136,Yew-Soon Ong
5868,163/6518,Alvin Chan,2019,64/4136,Yew-Soon Ong
5869,163/6518,Alvin Chan,2019,64/4136,Yew-Soon Ong
5870,163/6518,Alvin Chan,2018,51/3710-3,Yang Liu 0003
5871,163/6518,Alvin Chan,2018,64/4136,Yew-Soon Ong
5872,69/8028,Nicholas C. H. Vun,2024,95/3115,Deepu Rajan
5873,69/8028,Nicholas C. H. Vun,2024,03/1554-1,Zhiqi Shen 0001
5874,69/8028,Nicholas C. H. Vun,2024,126/4778,Guosheng Lin
5875,69/8028,Nicholas C. H. Vun,2018,l/BuSungLee,Bu-Sung Lee
5876,69/8028,Nicholas C. H. Vun,2018,52/910,Chai Kiat Yeo
5877,69/8028,Nicholas C. H. Vun,2018,224/9431,Hong Lye Oh
5878,69/8028,Nicholas C. H. Vun,2007,97/6922,Wooi-Boon Goh
5879,69/8028,Nicholas C. H. Vun,2007,97/6922,Wooi-Boon Goh
5880,69/8028,Nicholas C. H. Vun,2000,l/BuSungLee,Bu-Sung Lee
5881,69/8028,Nicholas C. H. Vun,2000,30/6609,Chiew Tong Lau
5882,80/5412,Sinno Jialin Pan,2024,84/6889-2,Jie Zhang 0002
5883,80/5412,Sinno Jialin Pan,2024,62/7948,Wenya Wang
5884,80/5412,Sinno Jialin Pan,2024,62/7948,Wenya Wang
5885,80/5412,Sinno Jialin Pan,2024,84/6889-2,Jie Zhang 0002
5886,80/5412,Sinno Jialin Pan,2024,62/7948,Wenya Wang
5887,80/5412,Sinno Jialin Pan,2023,62/7948,Wenya Wang
5888,80/5412,Sinno Jialin Pan,2023,62/7948,Wenya Wang
5889,80/5412,Sinno Jialin Pan,2022,62/7948,Wenya Wang
5890,80/5412,Sinno Jialin Pan,2022,58/10813-1,Cheng Long 0001
5891,80/5412,Sinno Jialin Pan,2022,62/7948,Wenya Wang
5892,80/5412,Sinno Jialin Pan,2022,62/7948,Wenya Wang
5893,80/5412,Sinno Jialin Pan,2021,m/ChunyanMiao,Chunyan Miao
5894,80/5412,Sinno Jialin Pan,2021,62/7948,Wenya Wang
5895,80/5412,Sinno Jialin Pan,2021,126/4778,Guosheng Lin
5896,80/5412,Sinno Jialin Pan,2021,m/ChunyanMiao,Chunyan Miao
5897,80/5412,Sinno Jialin Pan,2021,07/3111,Yiping Ke
5898,80/5412,Sinno Jialin Pan,2021,84/6889-2,Jie Zhang 0002
5899,80/5412,Sinno Jialin Pan,2021,07/3111,Yiping Ke
5900,80/5412,Sinno Jialin Pan,2021,84/6889-2,Jie Zhang 0002
5901,80/5412,Sinno Jialin Pan,2020,62/7948,Wenya Wang
5902,80/5412,Sinno Jialin Pan,2020,62/7948,Wenya Wang
5903,80/5412,Sinno Jialin Pan,2019,62/7948,Wenya Wang
5904,80/5412,Sinno Jialin Pan,2019,42/2501-1,Jun Luo 0001
5905,80/5412,Sinno Jialin Pan,2019,78/5155,Aixin Sun
5906,80/5412,Sinno Jialin Pan,2019,62/7948,Wenya Wang
5907,80/5412,Sinno Jialin Pan,2019,62/7948,Wenya Wang
5908,80/5412,Sinno Jialin Pan,2019,m/ChunyanMiao,Chunyan Miao
5909,80/5412,Sinno Jialin Pan,2019,62/7948,Wenya Wang
5910,80/5412,Sinno Jialin Pan,2019,m/ChunyanMiao,Chunyan Miao
5911,80/5412,Sinno Jialin Pan,2019,62/7948,Wenya Wang
5912,80/5412,Sinno Jialin Pan,2019,62/7948,Wenya Wang
5913,80/5412,Sinno Jialin Pan,2018,62/7948,Wenya Wang
5914,80/5412,Sinno Jialin Pan,2018,42/2501-1,Jun Luo 0001
5915,80/5412,Sinno Jialin Pan,2018,42/6178-1,Bo An 0001
5916,80/5412,Sinno Jialin Pan,2018,m/ChunyanMiao,Chunyan Miao
5917,80/5412,Sinno Jialin Pan,2018,62/7948,Wenya Wang
5918,80/5412,Sinno Jialin Pan,2018,126/4778,Guosheng Lin
5919,80/5412,Sinno Jialin Pan,2018,62/7948,Wenya Wang
5920,80/5412,Sinno Jialin Pan,2017,62/7948,Wenya Wang
5921,80/5412,Sinno Jialin Pan,2017,42/2501-1,Jun Luo 0001
5922,80/5412,Sinno Jialin Pan,2017,42/2501-1,Jun Luo 0001
5923,80/5412,Sinno Jialin Pan,2017,62/7948,Wenya Wang
5924,80/5412,Sinno Jialin Pan,2016,62/7948,Wenya Wang
5925,80/5412,Sinno Jialin Pan,2016,62/7948,Wenya Wang
5926,80/5412,Sinno Jialin Pan,2011,95/7006,Cuntai Guan
